outer_fold,inner_fold,config_id,learning_rate,scheduler,image_size,fine_tuning,loss,architecture,initialization,train_patients,train_cme_positive_patients,train_cme_negative_patients,train_images,validation_patients,validation_cme_positive_patients,validation_cme_negative_patients,validation_images,accuracy,auroc,auprc,sensitivity,specificity,precision,recall,f1,threshold,tn,fp,fn,tp,best_epoch,seed
1,1,lr_1em05_sched_step_img_224_ft_fc_only_loss_weighted_cross_entropy_e744e19af3,1e-05,step,224,fc_only,weighted_cross_entropy,resnet18,imagenet,70,25,45,125,23,9,14,42,0.6521739130434783,0.5793650793650793,0.5772802694522756,0.5555555555555556,0.7142857142857143,0.5555555555555556,0.5555555555555556,0.5555555555555556,0.4110053777694702,10,4,4,5,26,10142
1,2,lr_1em05_sched_step_img_224_ft_fc_only_loss_weighted_cross_entropy_e744e19af3,1e-05,step,224,fc_only,weighted_cross_entropy,resnet18,imagenet,69,28,41,125,24,6,18,42,0.75,0.4537037037037037,0.4186586360499403,0.3333333333333333,0.8888888888888888,0.5,0.3333333333333333,0.4,0.6619407534599304,16,2,4,2,4,10242
1,3,lr_1em05_sched_step_img_224_ft_fc_only_loss_weighted_cross_entropy_e744e19af3,1e-05,step,224,fc_only,weighted_cross_entropy,resnet18,imagenet,70,28,42,127,23,6,17,40,0.6086956521739131,0.2745098039215686,0.2237623043115034,0.3333333333333333,0.7058823529411765,0.2857142857142857,0.3333333333333333,0.3076923076923077,0.4059776365756988,12,5,4,2,3,10342
1,4,lr_1em05_sched_step_img_224_ft_fc_only_loss_weighted_cross_entropy_e744e19af3,1e-05,step,224,fc_only,weighted_cross_entropy,resnet18,imagenet,70,21,49,124,23,13,10,43,0.6086956521739131,0.5307692307692308,0.6651113921002199,0.4615384615384615,0.8,0.75,0.4615384615384615,0.5714285714285714,0.8567914962768555,8,2,7,6,2,10442
1,1,lr_1em05_sched_step_img_224_ft_fc_only_loss_focal_7d44ac8191,1e-05,step,224,fc_only,focal,resnet18,imagenet,70,25,45,125,23,9,14,42,0.6086956521739131,0.5793650793650794,0.5724488354541748,0.6666666666666666,0.5714285714285714,0.5,0.6666666666666666,0.5714285714285714,0.439379334449768,8,6,3,6,23,10142
1,2,lr_1em05_sched_step_img_224_ft_fc_only_loss_focal_7d44ac8191,1e-05,step,224,fc_only,focal,resnet18,imagenet,69,28,41,125,24,6,18,42,0.75,0.4537037037037037,0.4186586360499403,0.3333333333333333,0.8888888888888888,0.5,0.3333333333333333,0.4,0.6504653692245483,16,2,4,2,4,10242
1,3,lr_1em05_sched_step_img_224_ft_fc_only_loss_focal_7d44ac8191,1e-05,step,224,fc_only,focal,resnet18,imagenet,70,28,42,127,23,6,17,40,0.6086956521739131,0.2745098039215686,0.2237623043115034,0.3333333333333333,0.7058823529411765,0.2857142857142857,0.3333333333333333,0.3076923076923077,0.4082854688167572,12,5,4,2,3,10342
1,4,lr_1em05_sched_step_img_224_ft_fc_only_loss_focal_7d44ac8191,1e-05,step,224,fc_only,focal,resnet18,imagenet,70,21,49,124,23,13,10,43,0.6086956521739131,0.5307692307692308,0.6651113921002199,0.4615384615384615,0.8,0.75,0.4615384615384615,0.5714285714285714,0.8562251925468445,8,2,7,6,2,10442
1,1,lr_1em05_sched_step_img_224_ft_layer4_fc_loss_weighted_cross_entropy_091065855a,1e-05,step,224,layer4_fc,weighted_cross_entropy,resnet18,imagenet,70,25,45,125,23,9,14,42,0.5652173913043478,0.5634920634920635,0.4904800245379955,0.7777777777777778,0.4285714285714285,0.4666666666666667,0.7777777777777778,0.5833333333333334,0.2944676876068115,6,8,2,7,13,10142
1,2,lr_1em05_sched_step_img_224_ft_layer4_fc_loss_weighted_cross_entropy_091065855a,1e-05,step,224,layer4_fc,weighted_cross_entropy,resnet18,imagenet,69,28,41,125,24,6,18,42,0.7916666666666666,0.5370370370370371,0.4980104246122552,0.5,0.8888888888888888,0.6,0.5,0.5454545454545454,0.6855340600013733,16,2,3,3,4,10242
1,3,lr_1em05_sched_step_img_224_ft_layer4_fc_loss_weighted_cross_entropy_091065855a,1e-05,step,224,layer4_fc,weighted_cross_entropy,resnet18,imagenet,70,28,42,127,23,6,17,40,0.6956521739130435,0.4705882352941176,0.3018957692870736,0.3333333333333333,0.8235294117647058,0.4,0.3333333333333333,0.3636363636363636,0.4939527511596679,14,3,4,2,27,10342
1,4,lr_1em05_sched_step_img_224_ft_layer4_fc_loss_weighted_cross_entropy_091065855a,1e-05,step,224,layer4_fc,weighted_cross_entropy,resnet18,imagenet,70,21,49,124,23,13,10,43,0.6086956521739131,0.5538461538461539,0.6745468841444073,0.4615384615384615,0.8,0.75,0.4615384615384615,0.5714285714285714,0.8386602997779846,8,2,7,6,2,10442
1,1,lr_1em05_sched_step_img_224_ft_layer4_fc_loss_focal_862eb530de,1e-05,step,224,layer4_fc,focal,resnet18,imagenet,70,25,45,125,23,9,14,42,0.6086956521739131,0.6111111111111112,0.5809103277133967,0.7777777777777778,0.5,0.5,0.7777777777777778,0.6086956521739131,0.3507354259490967,7,7,2,7,17,10142
1,2,lr_1em05_sched_step_img_224_ft_layer4_fc_loss_focal_862eb530de,1e-05,step,224,layer4_fc,focal,resnet18,imagenet,69,28,41,125,24,6,18,42,0.7916666666666666,0.5648148148148149,0.5041290093921673,0.5,0.8888888888888888,0.6,0.5,0.5454545454545454,0.6806842684745789,16,2,3,3,4,10242
1,3,lr_1em05_sched_step_img_224_ft_layer4_fc_loss_focal_862eb530de,1e-05,step,224,layer4_fc,focal,resnet18,imagenet,70,28,42,127,23,6,17,40,0.6521739130434783,0.4411764705882353,0.2879227053140096,0.3333333333333333,0.7647058823529411,0.3333333333333333,0.3333333333333333,0.3333333333333333,0.5157812237739563,13,4,4,2,28,10342
1,4,lr_1em05_sched_step_img_224_ft_layer4_fc_loss_focal_862eb530de,1e-05,step,224,layer4_fc,focal,resnet18,imagenet,70,21,49,124,23,13,10,43,0.7391304347826086,0.6923076923076923,0.6906472298440625,0.7692307692307693,0.7,0.7692307692307693,0.7692307692307693,0.7692307692307693,0.6787868142127991,7,3,3,10,23,10442
1,1,lr_1em05_sched_step_img_224_ft_layer3_layer4_fc_loss_weighted_cross_entropy_2ad1b25df8,1e-05,step,224,layer3_layer4_fc,weighted_cross_entropy,resnet18,imagenet,70,25,45,125,23,9,14,42,0.6956521739130435,0.6190476190476191,0.5943783068783068,0.4444444444444444,0.8571428571428571,0.6666666666666666,0.4444444444444444,0.5333333333333333,0.5229169130325317,12,2,5,4,30,10142
1,2,lr_1em05_sched_step_img_224_ft_layer3_layer4_fc_loss_weighted_cross_entropy_2ad1b25df8,1e-05,step,224,layer3_layer4_fc,weighted_cross_entropy,resnet18,imagenet,69,28,41,125,24,6,18,42,0.75,0.6759259259259259,0.4260037348272642,0.6666666666666666,0.7777777777777778,0.5,0.6666666666666666,0.5714285714285714,0.5712853074073792,14,4,2,4,17,10242
1,3,lr_1em05_sched_step_img_224_ft_layer3_layer4_fc_loss_weighted_cross_entropy_2ad1b25df8,1e-05,step,224,layer3_layer4_fc,weighted_cross_entropy,resnet18,imagenet,70,28,42,127,23,6,17,40,0.4782608695652174,0.5196078431372548,0.3419823232323232,0.8333333333333334,0.3529411764705882,0.3125,0.8333333333333334,0.4545454545454545,0.3748224973678589,6,11,1,5,28,10342
1,4,lr_1em05_sched_step_img_224_ft_layer3_layer4_fc_loss_weighted_cross_entropy_2ad1b25df8,1e-05,step,224,layer3_layer4_fc,weighted_cross_entropy,resnet18,imagenet,70,21,49,124,23,13,10,43,0.6086956521739131,0.5384615384615384,0.6676754946643224,0.4615384615384615,0.8,0.75,0.4615384615384615,0.5714285714285714,0.8575667142868042,8,2,7,6,2,10442
1,1,lr_1em05_sched_step_img_224_ft_layer3_layer4_fc_loss_focal_ac42961866,1e-05,step,224,layer3_layer4_fc,focal,resnet18,imagenet,70,25,45,125,23,9,14,42,0.7391304347826086,0.7063492063492063,0.6812659619935162,0.4444444444444444,0.9285714285714286,0.8,0.4444444444444444,0.5714285714285714,0.524071455001831,13,1,5,4,24,10142
1,2,lr_1em05_sched_step_img_224_ft_layer3_layer4_fc_loss_focal_ac42961866,1e-05,step,224,layer3_layer4_fc,focal,resnet18,imagenet,69,28,41,125,24,6,18,42,0.75,0.6666666666666667,0.4222222222222221,0.5,0.8333333333333334,0.5,0.5,0.5,0.5860534310340881,15,3,3,3,23,10242
1,3,lr_1em05_sched_step_img_224_ft_layer3_layer4_fc_loss_focal_ac42961866,1e-05,step,224,layer3_layer4_fc,focal,resnet18,imagenet,70,28,42,127,23,6,17,40,0.6956521739130435,0.4901960784313725,0.3135062105650341,0.5,0.7647058823529411,0.4285714285714285,0.5,0.4615384615384615,0.5050895810127258,13,4,3,3,11,10342
1,4,lr_1em05_sched_step_img_224_ft_layer3_layer4_fc_loss_focal_ac42961866,1e-05,step,224,layer3_layer4_fc,focal,resnet18,imagenet,70,21,49,124,23,13,10,43,0.6521739130434783,0.5692307692307693,0.6913863991444575,0.4615384615384615,0.9,0.8571428571428571,0.4615384615384615,0.6,0.8720692992210388,9,1,7,6,2,10442
1,1,lr_1em05_sched_step_img_224_ft_full_loss_weighted_cross_entropy_98beac15b4,1e-05,step,224,full,weighted_cross_entropy,resnet18,imagenet,70,25,45,125,23,9,14,42,0.6956521739130435,0.6825396825396826,0.6370370370370371,0.7777777777777778,0.6428571428571429,0.5833333333333334,0.7777777777777778,0.6666666666666666,0.3178313672542572,9,5,2,7,30,10142
1,2,lr_1em05_sched_step_img_224_ft_full_loss_weighted_cross_entropy_98beac15b4,1e-05,step,224,full,weighted_cross_entropy,resnet18,imagenet,69,28,41,125,24,6,18,42,0.8333333333333334,0.7685185185185185,0.6072362278244632,0.6666666666666666,0.8888888888888888,0.6666666666666666,0.6666666666666666,0.6666666666666666,0.5756945013999939,16,2,2,4,25,10242
1,3,lr_1em05_sched_step_img_224_ft_full_loss_weighted_cross_entropy_98beac15b4,1e-05,step,224,full,weighted_cross_entropy,resnet18,imagenet,70,28,42,127,23,6,17,40,0.7391304347826086,0.4411764705882353,0.3016236242780865,0.1666666666666666,0.9411764705882352,0.5,0.1666666666666666,0.25,0.6688866019248962,16,1,5,1,27,10342
1,4,lr_1em05_sched_step_img_224_ft_full_loss_weighted_cross_entropy_98beac15b4,1e-05,step,224,full,weighted_cross_entropy,resnet18,imagenet,70,21,49,124,23,13,10,43,0.782608695652174,0.7153846153846154,0.710423978550577,0.7692307692307693,0.8,0.8333333333333334,0.7692307692307693,0.8,0.694096565246582,8,2,3,10,26,10442
1,1,lr_1em05_sched_step_img_224_ft_full_loss_focal_e7ad1ca13a,1e-05,step,224,full,focal,resnet18,imagenet,70,25,45,125,23,9,14,42,0.6956521739130435,0.6507936507936508,0.6369248035914703,0.4444444444444444,0.8571428571428571,0.6666666666666666,0.4444444444444444,0.5333333333333333,0.4757976830005646,12,2,5,4,24,10142
1,2,lr_1em05_sched_step_img_224_ft_full_loss_focal_e7ad1ca13a,1e-05,step,224,full,focal,resnet18,imagenet,69,28,41,125,24,6,18,42,0.8333333333333334,0.5833333333333333,0.5320286195286195,0.3333333333333333,1.0,1.0,0.3333333333333333,0.5,0.7309498190879822,18,0,4,2,4,10242
1,3,lr_1em05_sched_step_img_224_ft_full_loss_focal_e7ad1ca13a,1e-05,step,224,full,focal,resnet18,imagenet,70,28,42,127,23,6,17,40,0.7391304347826086,0.3235294117647058,0.2816988122480113,0.3333333333333333,0.8823529411764706,0.5,0.3333333333333333,0.4,0.4146953821182251,15,2,4,2,3,10342
1,4,lr_1em05_sched_step_img_224_ft_full_loss_focal_e7ad1ca13a,1e-05,step,224,full,focal,resnet18,imagenet,70,21,49,124,23,13,10,43,0.6086956521739131,0.5538461538461539,0.6745468841444073,0.4615384615384615,0.8,0.75,0.4615384615384615,0.5714285714285714,0.8266232013702393,8,2,7,6,2,10442
1,1,lr_1em05_sched_step_img_320_ft_fc_only_loss_weighted_cross_entropy_ba27b92124,1e-05,step,320,fc_only,weighted_cross_entropy,resnet18,imagenet,70,25,45,125,23,9,14,42,0.5652173913043478,0.3968253968253968,0.4009025941710915,0.4444444444444444,0.6428571428571429,0.4444444444444444,0.4444444444444444,0.4444444444444444,0.4252255260944366,9,5,5,4,7,10142
1,2,lr_1em05_sched_step_img_320_ft_fc_only_loss_weighted_cross_entropy_ba27b92124,1e-05,step,320,fc_only,weighted_cross_entropy,resnet18,imagenet,69,28,41,125,24,6,18,42,0.6666666666666666,0.5185185185185186,0.3239898989898989,0.6666666666666666,0.6666666666666666,0.4,0.6666666666666666,0.5,0.6627529859542847,12,6,2,4,3,10242
1,3,lr_1em05_sched_step_img_320_ft_fc_only_loss_weighted_cross_entropy_ba27b92124,1e-05,step,320,fc_only,weighted_cross_entropy,resnet18,imagenet,70,28,42,127,23,6,17,40,0.7391304347826086,0.3823529411764706,0.2852402434403713,0.1666666666666666,0.9411764705882352,0.5,0.1666666666666666,0.25,0.5152772068977356,16,1,5,1,11,10342
1,4,lr_1em05_sched_step_img_320_ft_fc_only_loss_weighted_cross_entropy_ba27b92124,1e-05,step,320,fc_only,weighted_cross_entropy,resnet18,imagenet,70,21,49,124,23,13,10,43,0.6956521739130435,0.6615384615384616,0.6906541726379783,0.7692307692307693,0.6,0.7142857142857143,0.7692307692307693,0.7407407407407407,0.719813346862793,6,4,3,10,13,10442
1,1,lr_1em05_sched_step_img_320_ft_fc_only_loss_focal_d49e6a8277,1e-05,step,320,fc_only,focal,resnet18,imagenet,70,25,45,125,23,9,14,42,0.5652173913043478,0.3968253968253968,0.4009025941710915,0.4444444444444444,0.6428571428571429,0.4444444444444444,0.4444444444444444,0.4444444444444444,0.4387396275997162,9,5,5,4,7,10142
1,2,lr_1em05_sched_step_img_320_ft_fc_only_loss_focal_d49e6a8277,1e-05,step,320,fc_only,focal,resnet18,imagenet,69,28,41,125,24,6,18,42,0.6666666666666666,0.5277777777777778,0.3517676767676767,0.6666666666666666,0.6666666666666666,0.4,0.6666666666666666,0.5,0.6697917580604553,12,6,2,4,3,10242
1,3,lr_1em05_sched_step_img_320_ft_fc_only_loss_focal_d49e6a8277,1e-05,step,320,fc_only,focal,resnet18,imagenet,70,28,42,127,23,6,17,40,0.7391304347826086,0.3823529411764706,0.2852402434403713,0.1666666666666666,0.9411764705882352,0.5,0.1666666666666666,0.25,0.5254989862442017,16,1,5,1,11,10342
1,4,lr_1em05_sched_step_img_320_ft_fc_only_loss_focal_d49e6a8277,1e-05,step,320,fc_only,focal,resnet18,imagenet,70,21,49,124,23,13,10,43,0.6956521739130435,0.6538461538461539,0.6824124143962201,0.7692307692307693,0.6,0.7142857142857143,0.7692307692307693,0.7407407407407407,0.7290759086608887,6,4,3,10,13,10442
1,1,lr_1em05_sched_step_img_320_ft_layer4_fc_loss_weighted_cross_entropy_ca78caaccc,1e-05,step,320,layer4_fc,weighted_cross_entropy,resnet18,imagenet,70,25,45,125,23,9,14,42,0.5652173913043478,0.4444444444444445,0.3830038587284964,0.6666666666666666,0.5,0.4615384615384615,0.6666666666666666,0.5454545454545454,0.4283918738365173,7,7,3,6,7,10142
1,2,lr_1em05_sched_step_img_320_ft_layer4_fc_loss_weighted_cross_entropy_ca78caaccc,1e-05,step,320,layer4_fc,weighted_cross_entropy,resnet18,imagenet,69,28,41,125,24,6,18,42,0.875,0.7407407407407407,0.5573529411764706,0.6666666666666666,0.9444444444444444,0.8,0.6666666666666666,0.7272727272727273,0.7047310471534729,17,1,2,4,4,10242
1,3,lr_1em05_sched_step_img_320_ft_layer4_fc_loss_weighted_cross_entropy_ca78caaccc,1e-05,step,320,layer4_fc,weighted_cross_entropy,resnet18,imagenet,70,28,42,127,23,6,17,40,0.8260869565217391,0.6862745098039216,0.5045751633986928,0.6666666666666666,0.8823529411764706,0.6666666666666666,0.6666666666666666,0.6666666666666666,0.4978992342948913,15,2,2,4,12,10342
1,4,lr_1em05_sched_step_img_320_ft_layer4_fc_loss_weighted_cross_entropy_ca78caaccc,1e-05,step,320,layer4_fc,weighted_cross_entropy,resnet18,imagenet,70,21,49,124,23,13,10,43,0.8260869565217391,0.7846153846153846,0.7454315140549959,0.8461538461538461,0.8,0.8461538461538461,0.8461538461538461,0.8461538461538461,0.6380636692047119,8,2,2,11,16,10442
1,1,lr_1em05_sched_step_img_320_ft_layer4_fc_loss_focal_e098405847,1e-05,step,320,layer4_fc,focal,resnet18,imagenet,70,25,45,125,23,9,14,42,0.6521739130434783,0.5396825396825397,0.4384758558671602,0.6666666666666666,0.6428571428571429,0.5454545454545454,0.6666666666666666,0.6,0.3803022503852844,9,5,3,6,7,10142
1,2,lr_1em05_sched_step_img_320_ft_layer4_fc_loss_focal_e098405847,1e-05,step,320,layer4_fc,focal,resnet18,imagenet,69,28,41,125,24,6,18,42,0.875,0.75,0.5604166666666667,0.6666666666666666,0.9444444444444444,0.8,0.6666666666666666,0.7272727272727273,0.7314052581787109,17,1,2,4,4,10242
1,3,lr_1em05_sched_step_img_320_ft_layer4_fc_loss_focal_e098405847,1e-05,step,320,layer4_fc,focal,resnet18,imagenet,70,28,42,127,23,6,17,40,0.5217391304347826,0.6764705882352942,0.5072362278244631,1.0,0.3529411764705882,0.3529411764705882,1.0,0.5217391304347826,0.3174012899398803,6,11,0,6,12,10342
1,4,lr_1em05_sched_step_img_320_ft_layer4_fc_loss_focal_e098405847,1e-05,step,320,layer4_fc,focal,resnet18,imagenet,70,21,49,124,23,13,10,43,0.782608695652174,0.7923076923076924,0.7581815844973739,0.7692307692307693,0.8,0.8333333333333334,0.7692307692307693,0.8,0.686052680015564,8,2,3,10,16,10442
1,1,lr_1em05_sched_step_img_320_ft_layer3_layer4_fc_loss_weighted_cross_entropy_a07a8610a4,1e-05,step,320,layer3_layer4_fc,weighted_cross_entropy,resnet18,imagenet,70,25,45,125,23,9,14,42,0.6956521739130435,0.6349206349206349,0.5377150627150626,0.8888888888888888,0.5714285714285714,0.5714285714285714,0.8888888888888888,0.6956521739130435,0.3357309401035309,8,6,1,8,26,10142
1,2,lr_1em05_sched_step_img_320_ft_layer3_layer4_fc_loss_weighted_cross_entropy_a07a8610a4,1e-05,step,320,layer3_layer4_fc,weighted_cross_entropy,resnet18,imagenet,69,28,41,125,24,6,18,42,0.625,0.5925925925925926,0.3812514240145819,0.6666666666666666,0.6111111111111112,0.3636363636363636,0.6666666666666666,0.4705882352941176,0.6652181148529053,11,7,2,4,4,10242
1,3,lr_1em05_sched_step_img_320_ft_layer3_layer4_fc_loss_weighted_cross_entropy_a07a8610a4,1e-05,step,320,layer3_layer4_fc,weighted_cross_entropy,resnet18,imagenet,70,28,42,127,23,6,17,40,0.8260869565217391,0.6862745098039215,0.5740196078431372,0.5,0.9411764705882352,0.75,0.5,0.6,0.5137855410575867,16,1,3,3,12,10342
1,4,lr_1em05_sched_step_img_320_ft_layer3_layer4_fc_loss_weighted_cross_entropy_a07a8610a4,1e-05,step,320,layer3_layer4_fc,weighted_cross_entropy,resnet18,imagenet,70,21,49,124,23,13,10,43,0.8260869565217391,0.8076923076923077,0.778593791829086,0.7692307692307693,0.9,0.9090909090909092,0.7692307692307693,0.8333333333333334,0.7777181267738342,9,1,3,10,16,10442
1,1,lr_1em05_sched_step_img_320_ft_layer3_layer4_fc_loss_focal_f0fa6a864c,1e-05,step,320,layer3_layer4_fc,focal,resnet18,imagenet,70,25,45,125,23,9,14,42,0.6086956521739131,0.5,0.4030065502998154,0.6666666666666666,0.5714285714285714,0.5,0.6666666666666666,0.5714285714285714,0.4554384052753448,8,6,3,6,6,10142
1,2,lr_1em05_sched_step_img_320_ft_layer3_layer4_fc_loss_focal_f0fa6a864c,1e-05,step,320,layer3_layer4_fc,focal,resnet18,imagenet,69,28,41,125,24,6,18,42,0.7916666666666666,0.7407407407407407,0.5047619047619047,0.6666666666666666,0.8333333333333334,0.5714285714285714,0.6666666666666666,0.6153846153846154,0.6683030724525452,15,3,2,4,4,10242
1,3,lr_1em05_sched_step_img_320_ft_layer3_layer4_fc_loss_focal_f0fa6a864c,1e-05,step,320,layer3_layer4_fc,focal,resnet18,imagenet,70,28,42,127,23,6,17,40,0.782608695652174,0.7352941176470589,0.5648962148962149,0.6666666666666666,0.8235294117647058,0.5714285714285714,0.6666666666666666,0.6153846153846154,0.4594411551952362,14,3,2,4,27,10342
1,4,lr_1em05_sched_step_img_320_ft_layer3_layer4_fc_loss_focal_f0fa6a864c,1e-05,step,320,layer3_layer4_fc,focal,resnet18,imagenet,70,21,49,124,23,13,10,43,0.8260869565217391,0.8076923076923077,0.7632887223384961,0.9230769230769232,0.7,0.8,0.9230769230769232,0.8571428571428571,0.5313488245010376,7,3,1,12,26,10442
1,1,lr_1em05_sched_step_img_320_ft_full_loss_weighted_cross_entropy_d9bbe53e91,1e-05,step,320,full,weighted_cross_entropy,resnet18,imagenet,70,25,45,125,23,9,14,42,0.6956521739130435,0.5158730158730159,0.4371917111619629,0.5555555555555556,0.7857142857142857,0.625,0.5555555555555556,0.5882352941176471,0.4229829907417297,11,3,4,5,6,10142
1,2,lr_1em05_sched_step_img_320_ft_full_loss_weighted_cross_entropy_d9bbe53e91,1e-05,step,320,full,weighted_cross_entropy,resnet18,imagenet,69,28,41,125,24,6,18,42,0.8333333333333334,0.6944444444444445,0.5244708994708994,0.6666666666666666,0.8888888888888888,0.6666666666666666,0.6666666666666666,0.6666666666666666,0.7056089043617249,16,2,2,4,3,10242
1,3,lr_1em05_sched_step_img_320_ft_full_loss_weighted_cross_entropy_d9bbe53e91,1e-05,step,320,full,weighted_cross_entropy,resnet18,imagenet,70,28,42,127,23,6,17,40,0.6521739130434783,0.7058823529411764,0.4649470899470899,0.8333333333333334,0.5882352941176471,0.4166666666666667,0.8333333333333334,0.5555555555555556,0.4344281256198883,10,7,1,5,21,10342
1,4,lr_1em05_sched_step_img_320_ft_full_loss_weighted_cross_entropy_d9bbe53e91,1e-05,step,320,full,weighted_cross_entropy,resnet18,imagenet,70,21,49,124,23,13,10,43,0.8260869565217391,0.8076923076923077,0.7745154418231341,0.8461538461538461,0.8,0.8461538461538461,0.8461538461538461,0.8461538461538461,0.7296441793441772,8,2,2,11,13,10442
1,1,lr_1em05_sched_step_img_320_ft_full_loss_focal_0357c79945,1e-05,step,320,full,focal,resnet18,imagenet,70,25,45,125,23,9,14,42,0.6086956521739131,0.6190476190476191,0.5821221987888654,0.8888888888888888,0.4285714285714285,0.5,0.8888888888888888,0.64,0.3782468736171722,6,8,1,8,29,10142
1,2,lr_1em05_sched_step_img_320_ft_full_loss_focal_0357c79945,1e-05,step,320,full,focal,resnet18,imagenet,69,28,41,125,24,6,18,42,0.5416666666666666,0.6296296296296295,0.5369981325863679,1.0,0.3888888888888889,0.3529411764705882,1.0,0.5217391304347826,0.4683046340942383,7,11,0,6,21,10242
1,3,lr_1em05_sched_step_img_320_ft_full_loss_focal_0357c79945,1e-05,step,320,full,focal,resnet18,imagenet,70,28,42,127,23,6,17,40,0.8260869565217391,0.7156862745098039,0.5016025641025641,0.5,0.9411764705882352,0.75,0.5,0.6,0.5856775641441345,16,1,3,3,11,10342
1,4,lr_1em05_sched_step_img_320_ft_full_loss_focal_0357c79945,1e-05,step,320,full,focal,resnet18,imagenet,70,21,49,124,23,13,10,43,0.8695652173913043,0.8153846153846154,0.7862860995213936,0.8461538461538461,0.9,0.9166666666666666,0.8461538461538461,0.88,0.6914514303207397,9,1,2,11,11,10442
1,1,lr_1em05_sched_cosine_img_224_ft_fc_only_loss_weighted_cross_entropy_a94de4024a,1e-05,cosine,224,fc_only,weighted_cross_entropy,resnet18,imagenet,70,25,45,125,23,9,14,42,0.6956521739130435,0.5714285714285714,0.5692976656363384,0.2222222222222222,1.0,1.0,0.2222222222222222,0.3636363636363636,0.6403840780258179,14,0,7,2,26,10142
1,2,lr_1em05_sched_cosine_img_224_ft_fc_only_loss_weighted_cross_entropy_a94de4024a,1e-05,cosine,224,fc_only,weighted_cross_entropy,resnet18,imagenet,69,28,41,125,24,6,18,42,0.75,0.4537037037037037,0.4186586360499403,0.3333333333333333,0.8888888888888888,0.5,0.3333333333333333,0.4,0.6669757962226868,16,2,4,2,4,10242
1,3,lr_1em05_sched_cosine_img_224_ft_fc_only_loss_weighted_cross_entropy_a94de4024a,1e-05,cosine,224,fc_only,weighted_cross_entropy,resnet18,imagenet,70,28,42,127,23,6,17,40,0.6086956521739131,0.2745098039215686,0.2237623043115034,0.3333333333333333,0.7058823529411765,0.2857142857142857,0.3333333333333333,0.3076923076923077,0.4014167189598083,12,5,4,2,3,10342
1,4,lr_1em05_sched_cosine_img_224_ft_fc_only_loss_weighted_cross_entropy_a94de4024a,1e-05,cosine,224,fc_only,weighted_cross_entropy,resnet18,imagenet,70,21,49,124,23,13,10,43,0.6086956521739131,0.5307692307692308,0.6651113921002199,0.4615384615384615,0.8,0.75,0.4615384615384615,0.5714285714285714,0.8596255779266357,8,2,7,6,2,10442
1,1,lr_1em05_sched_cosine_img_224_ft_fc_only_loss_focal_69cc1d1fb6,1e-05,cosine,224,fc_only,focal,resnet18,imagenet,70,25,45,125,23,9,14,42,0.6086956521739131,0.5793650793650794,0.5724488354541748,0.6666666666666666,0.5714285714285714,0.5,0.6666666666666666,0.5714285714285714,0.4299931824207306,8,6,3,6,23,10142
1,2,lr_1em05_sched_cosine_img_224_ft_fc_only_loss_focal_69cc1d1fb6,1e-05,cosine,224,fc_only,focal,resnet18,imagenet,69,28,41,125,24,6,18,42,0.75,0.4537037037037037,0.4186586360499403,0.3333333333333333,0.8888888888888888,0.5,0.3333333333333333,0.4,0.6561570167541504,16,2,4,2,4,10242
1,3,lr_1em05_sched_cosine_img_224_ft_fc_only_loss_focal_69cc1d1fb6,1e-05,cosine,224,fc_only,focal,resnet18,imagenet,70,28,42,127,23,6,17,40,0.6086956521739131,0.2745098039215686,0.2237623043115034,0.3333333333333333,0.7058823529411765,0.2857142857142857,0.3333333333333333,0.3076923076923077,0.4181426465511322,12,5,4,2,3,10342
1,4,lr_1em05_sched_cosine_img_224_ft_fc_only_loss_focal_69cc1d1fb6,1e-05,cosine,224,fc_only,focal,resnet18,imagenet,70,21,49,124,23,13,10,43,0.6086956521739131,0.5307692307692308,0.6651113921002199,0.4615384615384615,0.8,0.75,0.4615384615384615,0.5714285714285714,0.8611622452735901,8,2,7,6,2,10442
1,1,lr_1em05_sched_cosine_img_224_ft_layer4_fc_loss_weighted_cross_entropy_f48c4e7772,1e-05,cosine,224,layer4_fc,weighted_cross_entropy,resnet18,imagenet,70,25,45,125,23,9,14,42,0.6956521739130435,0.5793650793650793,0.6002992348732017,0.3333333333333333,0.9285714285714286,0.75,0.3333333333333333,0.4615384615384615,0.5522452592849731,13,1,6,3,12,10142
1,2,lr_1em05_sched_cosine_img_224_ft_layer4_fc_loss_weighted_cross_entropy_f48c4e7772,1e-05,cosine,224,layer4_fc,weighted_cross_entropy,resnet18,imagenet,69,28,41,125,24,6,18,42,0.7916666666666666,0.5185185185185185,0.4624597423510467,0.3333333333333333,0.9444444444444444,0.6666666666666666,0.3333333333333333,0.4444444444444444,0.7036285996437073,17,1,4,2,4,10242
1,3,lr_1em05_sched_cosine_img_224_ft_layer4_fc_loss_weighted_cross_entropy_f48c4e7772,1e-05,cosine,224,layer4_fc,weighted_cross_entropy,resnet18,imagenet,70,28,42,127,23,6,17,40,0.7391304347826086,0.4313725490196078,0.3011502185415228,0.1666666666666666,0.9411764705882352,0.5,0.1666666666666666,0.25,0.6173520684242249,16,1,5,1,29,10342
1,4,lr_1em05_sched_cosine_img_224_ft_layer4_fc_loss_weighted_cross_entropy_f48c4e7772,1e-05,cosine,224,layer4_fc,weighted_cross_entropy,resnet18,imagenet,70,21,49,124,23,13,10,43,0.782608695652174,0.7307692307692308,0.7250163808692237,0.8461538461538461,0.7,0.7857142857142857,0.8461538461538461,0.8148148148148148,0.7286656498908997,7,3,2,11,21,10442
1,1,lr_1em05_sched_cosine_img_224_ft_layer4_fc_loss_focal_e2d1df9234,1e-05,cosine,224,layer4_fc,focal,resnet18,imagenet,70,25,45,125,23,9,14,42,0.7391304347826086,0.6428571428571428,0.6475529443560135,0.4444444444444444,0.9285714285714286,0.8,0.4444444444444444,0.5714285714285714,0.5524301528930664,13,1,5,4,24,10142
1,2,lr_1em05_sched_cosine_img_224_ft_layer4_fc_loss_focal_e2d1df9234,1e-05,cosine,224,layer4_fc,focal,resnet18,imagenet,69,28,41,125,24,6,18,42,0.7916666666666666,0.6388888888888888,0.4200320512820512,0.5,0.8888888888888888,0.6,0.5,0.5454545454545454,0.6181459426879883,16,2,3,3,25,10242
1,3,lr_1em05_sched_cosine_img_224_ft_layer4_fc_loss_focal_e2d1df9234,1e-05,cosine,224,layer4_fc,focal,resnet18,imagenet,70,28,42,127,23,6,17,40,0.6956521739130435,0.4705882352941176,0.301282493673798,0.3333333333333333,0.8235294117647058,0.4,0.3333333333333333,0.3636363636363636,0.4951285123825073,14,3,4,2,24,10342
1,4,lr_1em05_sched_cosine_img_224_ft_layer4_fc_loss_focal_e2d1df9234,1e-05,cosine,224,layer4_fc,focal,resnet18,imagenet,70,21,49,124,23,13,10,43,0.6086956521739131,0.5538461538461539,0.6727345695763385,0.4615384615384615,0.8,0.75,0.4615384615384615,0.5714285714285714,0.8760361075401306,8,2,7,6,2,10442
1,1,lr_1em05_sched_cosine_img_224_ft_layer3_layer4_fc_loss_weighted_cross_entropy_592be35a6e,1e-05,cosine,224,layer3_layer4_fc,weighted_cross_entropy,resnet18,imagenet,70,25,45,125,23,9,14,42,0.7391304347826086,0.6587301587301587,0.6795878585352271,0.4444444444444444,0.9285714285714286,0.8,0.4444444444444444,0.5714285714285714,0.5138043165206909,13,1,5,4,30,10142
1,2,lr_1em05_sched_cosine_img_224_ft_layer3_layer4_fc_loss_weighted_cross_entropy_592be35a6e,1e-05,cosine,224,layer3_layer4_fc,weighted_cross_entropy,resnet18,imagenet,69,28,41,125,24,6,18,42,0.7083333333333334,0.712962962962963,0.4669312169312169,0.6666666666666666,0.7222222222222222,0.4444444444444444,0.6666666666666666,0.5333333333333333,0.5467574000358582,13,5,2,4,14,10242
1,3,lr_1em05_sched_cosine_img_224_ft_layer3_layer4_fc_loss_weighted_cross_entropy_592be35a6e,1e-05,cosine,224,layer3_layer4_fc,weighted_cross_entropy,resnet18,imagenet,70,28,42,127,23,6,17,40,0.7391304347826086,0.5294117647058824,0.4374368686868687,0.3333333333333333,0.8823529411764706,0.5,0.3333333333333333,0.4,0.5700166821479797,15,2,4,2,28,10342
1,4,lr_1em05_sched_cosine_img_224_ft_layer3_layer4_fc_loss_weighted_cross_entropy_592be35a6e,1e-05,cosine,224,layer3_layer4_fc,weighted_cross_entropy,resnet18,imagenet,70,21,49,124,23,13,10,43,0.782608695652174,0.7307692307692308,0.7164416222944652,0.8461538461538461,0.7,0.7857142857142857,0.8461538461538461,0.8148148148148148,0.780728816986084,7,3,2,11,13,10442
1,1,lr_1em05_sched_cosine_img_224_ft_layer3_layer4_fc_loss_focal_8b72869888,1e-05,cosine,224,layer3_layer4_fc,focal,resnet18,imagenet,70,25,45,125,23,9,14,42,0.7391304347826086,0.6349206349206349,0.6095751269664313,0.4444444444444444,0.9285714285714286,0.8,0.4444444444444444,0.5714285714285714,0.5346601605415344,13,1,5,4,12,10142
1,2,lr_1em05_sched_cosine_img_224_ft_layer3_layer4_fc_loss_focal_8b72869888,1e-05,cosine,224,layer3_layer4_fc,focal,resnet18,imagenet,69,28,41,125,24,6,18,42,0.7916666666666666,0.5092592592592593,0.4605025822131086,0.3333333333333333,0.9444444444444444,0.6666666666666666,0.3333333333333333,0.4444444444444444,0.67324298620224,17,1,4,2,4,10242
1,3,lr_1em05_sched_cosine_img_224_ft_layer3_layer4_fc_loss_focal_8b72869888,1e-05,cosine,224,layer3_layer4_fc,focal,resnet18,imagenet,70,28,42,127,23,6,17,40,0.2608695652173913,0.5,0.2608695652173913,1.0,0.0,0.2608695652173913,1.0,0.4137931034482758,0.0,0,17,0,6,16,10342
1,4,lr_1em05_sched_cosine_img_224_ft_layer3_layer4_fc_loss_focal_8b72869888,1e-05,cosine,224,layer3_layer4_fc,focal,resnet18,imagenet,70,21,49,124,23,13,10,43,0.7391304347826086,0.6384615384615384,0.6533706686126517,0.8461538461538461,0.6,0.7333333333333333,0.8461538461538461,0.7857142857142857,0.6439577341079712,6,4,2,11,13,10442
1,1,lr_1em05_sched_cosine_img_224_ft_full_loss_weighted_cross_entropy_7dff142670,1e-05,cosine,224,full,weighted_cross_entropy,resnet18,imagenet,70,25,45,125,23,9,14,42,0.6521739130434783,0.6507936507936508,0.5759906759906759,0.7777777777777778,0.5714285714285714,0.5384615384615384,0.7777777777777778,0.6363636363636364,0.362140417098999,8,6,2,7,12,10142
1,2,lr_1em05_sched_cosine_img_224_ft_full_loss_weighted_cross_entropy_7dff142670,1e-05,cosine,224,full,weighted_cross_entropy,resnet18,imagenet,69,28,41,125,24,6,18,42,0.75,0.6666666666666667,0.4460956312349501,0.5,0.8333333333333334,0.5,0.5,0.5,0.5473845601081848,15,3,3,3,23,10242
1,3,lr_1em05_sched_cosine_img_224_ft_full_loss_weighted_cross_entropy_7dff142670,1e-05,cosine,224,full,weighted_cross_entropy,resnet18,imagenet,70,28,42,127,23,6,17,40,0.7391304347826086,0.4607843137254902,0.3104814575402811,0.3333333333333333,0.8823529411764706,0.5,0.3333333333333333,0.4,0.5050797462463379,15,2,4,2,10,10342
1,4,lr_1em05_sched_cosine_img_224_ft_full_loss_weighted_cross_entropy_7dff142670,1e-05,cosine,224,full,weighted_cross_entropy,resnet18,imagenet,70,21,49,124,23,13,10,43,0.7391304347826086,0.676923076923077,0.678918198006335,0.7692307692307693,0.7,0.7692307692307693,0.7692307692307693,0.7692307692307693,0.6679291129112244,7,3,3,10,16,10442
1,1,lr_1em05_sched_cosine_img_224_ft_full_loss_focal_06ad66cce6,1e-05,cosine,224,full,focal,resnet18,imagenet,70,25,45,125,23,9,14,42,0.6521739130434783,0.6507936507936508,0.6067480359147026,0.6666666666666666,0.6428571428571429,0.5454545454545454,0.6666666666666666,0.6,0.3825263977050781,9,5,3,6,29,10142
1,2,lr_1em05_sched_cosine_img_224_ft_full_loss_focal_06ad66cce6,1e-05,cosine,224,full,focal,resnet18,imagenet,69,28,41,125,24,6,18,42,0.7916666666666666,0.6111111111111112,0.4878561253561253,0.3333333333333333,0.9444444444444444,0.6666666666666666,0.3333333333333333,0.4444444444444444,0.6097317337989807,17,1,4,2,30,10242
1,3,lr_1em05_sched_cosine_img_224_ft_full_loss_focal_06ad66cce6,1e-05,cosine,224,full,focal,resnet18,imagenet,70,28,42,127,23,6,17,40,0.4347826086956521,0.4607843137254901,0.2744603506751844,0.8333333333333334,0.2941176470588235,0.2941176470588235,0.8333333333333334,0.4347826086956521,0.3504534065723419,5,12,1,5,19,10342
1,4,lr_1em05_sched_cosine_img_224_ft_full_loss_focal_06ad66cce6,1e-05,cosine,224,full,focal,resnet18,imagenet,70,21,49,124,23,13,10,43,0.6086956521739131,0.5461538461538462,0.605220207143284,0.4615384615384615,0.8,0.75,0.4615384615384615,0.5714285714285714,0.8374491930007935,8,2,7,6,1,10442
1,1,lr_1em05_sched_cosine_img_320_ft_fc_only_loss_weighted_cross_entropy_aa70610f9a,1e-05,cosine,320,fc_only,weighted_cross_entropy,resnet18,imagenet,70,25,45,125,23,9,14,42,0.5652173913043478,0.4047619047619047,0.4044638477323451,0.4444444444444444,0.6428571428571429,0.4444444444444444,0.4444444444444444,0.4444444444444444,0.4190655350685119,9,5,5,4,7,10142
1,2,lr_1em05_sched_cosine_img_320_ft_fc_only_loss_weighted_cross_entropy_aa70610f9a,1e-05,cosine,320,fc_only,weighted_cross_entropy,resnet18,imagenet,69,28,41,125,24,6,18,42,0.625,0.5185185185185185,0.3457070707070707,0.6666666666666666,0.6111111111111112,0.3636363636363636,0.6666666666666666,0.4705882352941176,0.6698809266090393,11,7,2,4,3,10242
1,3,lr_1em05_sched_cosine_img_320_ft_fc_only_loss_weighted_cross_entropy_aa70610f9a,1e-05,cosine,320,fc_only,weighted_cross_entropy,resnet18,imagenet,70,28,42,127,23,6,17,40,0.7391304347826086,0.3823529411764706,0.2852402434403713,0.1666666666666666,0.9411764705882352,0.5,0.1666666666666666,0.25,0.5146377682685852,16,1,5,1,11,10342
1,4,lr_1em05_sched_cosine_img_320_ft_fc_only_loss_weighted_cross_entropy_aa70610f9a,1e-05,cosine,320,fc_only,weighted_cross_entropy,resnet18,imagenet,70,21,49,124,23,13,10,43,0.6956521739130435,0.6538461538461539,0.6824124143962201,0.7692307692307693,0.6,0.7142857142857143,0.7692307692307693,0.7407407407407407,0.7375268340110779,6,4,3,10,13,10442
1,1,lr_1em05_sched_cosine_img_320_ft_fc_only_loss_focal_bf64bac14a,1e-05,cosine,320,fc_only,focal,resnet18,imagenet,70,25,45,125,23,9,14,42,0.5652173913043478,0.3968253968253968,0.4009025941710915,0.4444444444444444,0.6428571428571429,0.4444444444444444,0.4444444444444444,0.4444444444444444,0.4485895931720733,9,5,5,4,7,10142
1,2,lr_1em05_sched_cosine_img_320_ft_fc_only_loss_focal_bf64bac14a,1e-05,cosine,320,fc_only,focal,resnet18,imagenet,69,28,41,125,24,6,18,42,0.6666666666666666,0.5185185185185186,0.3239898989898989,0.6666666666666666,0.6666666666666666,0.4,0.6666666666666666,0.5,0.6684128046035767,12,6,2,4,3,10242
1,3,lr_1em05_sched_cosine_img_320_ft_fc_only_loss_focal_bf64bac14a,1e-05,cosine,320,fc_only,focal,resnet18,imagenet,70,28,42,127,23,6,17,40,0.7391304347826086,0.3823529411764706,0.2852402434403713,0.1666666666666666,0.9411764705882352,0.5,0.1666666666666666,0.25,0.5184305310249329,16,1,5,1,11,10342
1,4,lr_1em05_sched_cosine_img_320_ft_fc_only_loss_focal_bf64bac14a,1e-05,cosine,320,fc_only,focal,resnet18,imagenet,70,21,49,124,23,13,10,43,0.6956521739130435,0.6538461538461539,0.6824124143962201,0.7692307692307693,0.6,0.7142857142857143,0.7692307692307693,0.7407407407407407,0.7258769273757935,6,4,3,10,13,10442
1,1,lr_1em05_sched_cosine_img_320_ft_layer4_fc_loss_weighted_cross_entropy_ccef921f82,1e-05,cosine,320,layer4_fc,weighted_cross_entropy,resnet18,imagenet,70,25,45,125,23,9,14,42,0.6086956521739131,0.5158730158730158,0.5230382720085238,0.5555555555555556,0.6428571428571429,0.5,0.5555555555555556,0.5263157894736842,0.380148708820343,9,5,4,5,21,10142
1,2,lr_1em05_sched_cosine_img_320_ft_layer4_fc_loss_weighted_cross_entropy_ccef921f82,1e-05,cosine,320,layer4_fc,weighted_cross_entropy,resnet18,imagenet,69,28,41,125,24,6,18,42,0.875,0.7685185185185184,0.6470179738562092,0.6666666666666666,0.9444444444444444,0.8,0.6666666666666666,0.7272727272727273,0.7548626065254211,17,1,2,4,4,10242
1,3,lr_1em05_sched_cosine_img_320_ft_layer4_fc_loss_weighted_cross_entropy_ccef921f82,1e-05,cosine,320,layer4_fc,weighted_cross_entropy,resnet18,imagenet,70,28,42,127,23,6,17,40,0.7391304347826086,0.6862745098039216,0.5399331662489557,0.5,0.8235294117647058,0.5,0.5,0.5,0.5005574226379395,14,3,3,3,30,10342
1,4,lr_1em05_sched_cosine_img_320_ft_layer4_fc_loss_weighted_cross_entropy_ccef921f82,1e-05,cosine,320,layer4_fc,weighted_cross_entropy,resnet18,imagenet,70,21,49,124,23,13,10,43,0.782608695652174,0.7692307692307693,0.7592605609573936,0.6923076923076923,0.9,0.9,0.6923076923076923,0.782608695652174,0.7367867231369019,9,1,4,9,14,10442
1,1,lr_1em05_sched_cosine_img_320_ft_layer4_fc_loss_focal_201eedc164,1e-05,cosine,320,layer4_fc,focal,resnet18,imagenet,70,25,45,125,23,9,14,42,0.5652173913043478,0.4523809523809523,0.3940748864661908,0.6666666666666666,0.5,0.4615384615384615,0.6666666666666666,0.5454545454545454,0.402363508939743,7,7,3,6,7,10142
1,2,lr_1em05_sched_cosine_img_320_ft_layer4_fc_loss_focal_201eedc164,1e-05,cosine,320,layer4_fc,focal,resnet18,imagenet,69,28,41,125,24,6,18,42,0.75,0.6944444444444444,0.5111111111111111,0.5,0.8333333333333334,0.5,0.5,0.5,0.7031112313270569,15,3,3,3,4,10242
1,3,lr_1em05_sched_cosine_img_320_ft_layer4_fc_loss_focal_201eedc164,1e-05,cosine,320,layer4_fc,focal,resnet18,imagenet,70,28,42,127,23,6,17,40,0.6086956521739131,0.6666666666666666,0.3804473304473305,1.0,0.4705882352941176,0.4,1.0,0.5714285714285714,0.3374358713626861,8,9,0,6,11,10342
1,4,lr_1em05_sched_cosine_img_320_ft_layer4_fc_loss_focal_201eedc164,1e-05,cosine,320,layer4_fc,focal,resnet18,imagenet,70,21,49,124,23,13,10,43,0.8260869565217391,0.7923076923076923,0.752102472690708,1.0,0.6,0.7647058823529411,1.0,0.8666666666666667,0.5509518384933472,6,4,0,13,29,10442
1,1,lr_1em05_sched_cosine_img_320_ft_layer3_layer4_fc_loss_weighted_cross_entropy_032ecb1a2d,1e-05,cosine,320,layer3_layer4_fc,weighted_cross_entropy,resnet18,imagenet,70,25,45,125,23,9,14,42,0.6521739130434783,0.6587301587301587,0.551789514044416,1.0,0.4285714285714285,0.5294117647058824,1.0,0.6923076923076923,0.2793799638748169,6,8,0,9,27,10142
1,2,lr_1em05_sched_cosine_img_320_ft_layer3_layer4_fc_loss_weighted_cross_entropy_032ecb1a2d,1e-05,cosine,320,layer3_layer4_fc,weighted_cross_entropy,resnet18,imagenet,69,28,41,125,24,6,18,42,0.875,0.8055555555555556,0.7179144385026737,0.5,1.0,1.0,0.5,0.6666666666666666,0.6647431254386902,18,0,3,3,4,10242
1,3,lr_1em05_sched_cosine_img_320_ft_layer3_layer4_fc_loss_weighted_cross_entropy_032ecb1a2d,1e-05,cosine,320,layer3_layer4_fc,weighted_cross_entropy,resnet18,imagenet,70,28,42,127,23,6,17,40,0.7391304347826086,0.7549019607843137,0.705026455026455,0.8333333333333334,0.7058823529411765,0.5,0.8333333333333334,0.625,0.4263606071472168,12,5,1,5,27,10342
1,4,lr_1em05_sched_cosine_img_320_ft_layer3_layer4_fc_loss_weighted_cross_entropy_032ecb1a2d,1e-05,cosine,320,layer3_layer4_fc,weighted_cross_entropy,resnet18,imagenet,70,21,49,124,23,13,10,43,0.8260869565217391,0.7846153846153846,0.7449618255048119,0.8461538461538461,0.8,0.8461538461538461,0.8461538461538461,0.8461538461538461,0.712511420249939,8,2,2,11,15,10442
1,1,lr_1em05_sched_cosine_img_320_ft_layer3_layer4_fc_loss_focal_888063df31,1e-05,cosine,320,layer3_layer4_fc,focal,resnet18,imagenet,70,25,45,125,23,9,14,42,0.6086956521739131,0.4841269841269841,0.3966054098407039,0.6666666666666666,0.5714285714285714,0.5,0.6666666666666666,0.5714285714285714,0.4107381701469421,8,6,3,6,6,10142
1,2,lr_1em05_sched_cosine_img_320_ft_layer3_layer4_fc_loss_focal_888063df31,1e-05,cosine,320,layer3_layer4_fc,focal,resnet18,imagenet,69,28,41,125,24,6,18,42,0.875,0.7592592592592592,0.7354166666666667,0.6666666666666666,0.9444444444444444,0.8,0.6666666666666666,0.7272727272727273,0.742327094078064,17,1,2,4,3,10242
1,3,lr_1em05_sched_cosine_img_320_ft_layer3_layer4_fc_loss_focal_888063df31,1e-05,cosine,320,layer3_layer4_fc,focal,resnet18,imagenet,70,28,42,127,23,6,17,40,0.5652173913043478,0.696078431372549,0.5087962962962963,1.0,0.4117647058823529,0.375,1.0,0.5454545454545454,0.3703423738479614,7,10,0,6,19,10342
1,4,lr_1em05_sched_cosine_img_320_ft_layer3_layer4_fc_loss_focal_888063df31,1e-05,cosine,320,layer3_layer4_fc,focal,resnet18,imagenet,70,21,49,124,23,13,10,43,0.8695652173913043,0.8153846153846154,0.7856504606504606,0.8461538461538461,0.9,0.9166666666666666,0.8461538461538461,0.88,0.7329225540161133,9,1,2,11,11,10442
1,1,lr_1em05_sched_cosine_img_320_ft_full_loss_weighted_cross_entropy_b498446835,1e-05,cosine,320,full,weighted_cross_entropy,resnet18,imagenet,70,25,45,125,23,9,14,42,0.7391304347826086,0.7142857142857142,0.5858604358604358,1.0,0.5714285714285714,0.6,1.0,0.75,0.3562784194946289,8,6,0,9,15,10142
1,2,lr_1em05_sched_cosine_img_320_ft_full_loss_weighted_cross_entropy_b498446835,1e-05,cosine,320,full,weighted_cross_entropy,resnet18,imagenet,69,28,41,125,24,6,18,42,0.7916666666666666,0.7777777777777778,0.6200396825396826,0.6666666666666666,0.8333333333333334,0.5714285714285714,0.6666666666666666,0.6153846153846154,0.6215993165969849,15,3,2,4,4,10242
1,3,lr_1em05_sched_cosine_img_320_ft_full_loss_weighted_cross_entropy_b498446835,1e-05,cosine,320,full,weighted_cross_entropy,resnet18,imagenet,70,28,42,127,23,6,17,40,0.6956521739130435,0.7058823529411764,0.5429385429385429,0.6666666666666666,0.7058823529411765,0.4444444444444444,0.6666666666666666,0.5333333333333333,0.4972191154956817,12,5,2,4,29,10342
1,4,lr_1em05_sched_cosine_img_320_ft_full_loss_weighted_cross_entropy_b498446835,1e-05,cosine,320,full,weighted_cross_entropy,resnet18,imagenet,70,21,49,124,23,13,10,43,0.782608695652174,0.7769230769230769,0.767882117882118,0.7692307692307693,0.8,0.8333333333333334,0.7692307692307693,0.8,0.5977620482444763,8,2,3,10,20,10442
1,1,lr_1em05_sched_cosine_img_320_ft_full_loss_focal_b8db75afb3,1e-05,cosine,320,full,focal,resnet18,imagenet,70,25,45,125,23,9,14,42,0.6521739130434783,0.6666666666666666,0.556775269030171,1.0,0.4285714285714285,0.5294117647058824,1.0,0.6923076923076923,0.3516123294830322,6,8,0,9,27,10142
1,2,lr_1em05_sched_cosine_img_320_ft_full_loss_focal_b8db75afb3,1e-05,cosine,320,full,focal,resnet18,imagenet,69,28,41,125,24,6,18,42,0.7916666666666666,0.7592592592592593,0.5327380952380951,0.6666666666666666,0.8333333333333334,0.5714285714285714,0.6666666666666666,0.6153846153846154,0.658738911151886,15,3,2,4,4,10242
1,3,lr_1em05_sched_cosine_img_320_ft_full_loss_focal_b8db75afb3,1e-05,cosine,320,full,focal,resnet18,imagenet,70,28,42,127,23,6,17,40,0.6521739130434783,0.6764705882352942,0.3783730158730159,0.8333333333333334,0.5882352941176471,0.4166666666666667,0.8333333333333334,0.5555555555555556,0.424300342798233,10,7,1,5,21,10342
1,4,lr_1em05_sched_cosine_img_320_ft_full_loss_focal_b8db75afb3,1e-05,cosine,320,full,focal,resnet18,imagenet,70,21,49,124,23,13,10,43,0.7391304347826086,0.7230769230769231,0.7060690943043885,0.8461538461538461,0.6,0.7333333333333333,0.8461538461538461,0.7857142857142857,0.579552948474884,6,4,2,11,16,10442
1,1,lr_1em05_sched_none_img_224_ft_fc_only_loss_weighted_cross_entropy_7114484a86,1e-05,none,224,fc_only,weighted_cross_entropy,resnet18,imagenet,70,25,45,125,23,9,14,42,0.6086956521739131,0.5793650793650793,0.5718790348843743,0.7777777777777778,0.5,0.5,0.7777777777777778,0.6086956521739131,0.3427715599536896,7,7,2,7,26,10142
1,2,lr_1em05_sched_none_img_224_ft_fc_only_loss_weighted_cross_entropy_7114484a86,1e-05,none,224,fc_only,weighted_cross_entropy,resnet18,imagenet,69,28,41,125,24,6,18,42,0.75,0.4537037037037037,0.4186586360499403,0.3333333333333333,0.8888888888888888,0.5,0.3333333333333333,0.4,0.674992561340332,16,2,4,2,4,10242
1,3,lr_1em05_sched_none_img_224_ft_fc_only_loss_weighted_cross_entropy_7114484a86,1e-05,none,224,fc_only,weighted_cross_entropy,resnet18,imagenet,70,28,42,127,23,6,17,40,0.6086956521739131,0.2745098039215686,0.2237623043115034,0.3333333333333333,0.7058823529411765,0.2857142857142857,0.3333333333333333,0.3076923076923077,0.4118412435054779,12,5,4,2,3,10342
1,4,lr_1em05_sched_none_img_224_ft_fc_only_loss_weighted_cross_entropy_7114484a86,1e-05,none,224,fc_only,weighted_cross_entropy,resnet18,imagenet,70,21,49,124,23,13,10,43,0.6086956521739131,0.5307692307692308,0.6651113921002199,0.4615384615384615,0.8,0.75,0.4615384615384615,0.5714285714285714,0.8598619103431702,8,2,7,6,2,10442
1,1,lr_1em05_sched_none_img_224_ft_fc_only_loss_focal_751634e7bb,1e-05,none,224,fc_only,focal,resnet18,imagenet,70,25,45,125,23,9,14,42,0.6521739130434783,0.5793650793650793,0.5772802694522756,0.5555555555555556,0.7142857142857143,0.5555555555555556,0.5555555555555556,0.5555555555555556,0.4536447823047638,10,4,4,5,26,10142
1,2,lr_1em05_sched_none_img_224_ft_fc_only_loss_focal_751634e7bb,1e-05,none,224,fc_only,focal,resnet18,imagenet,69,28,41,125,24,6,18,42,0.75,0.4537037037037037,0.4186586360499403,0.3333333333333333,0.8888888888888888,0.5,0.3333333333333333,0.4,0.6698678135871887,16,2,4,2,4,10242
1,3,lr_1em05_sched_none_img_224_ft_fc_only_loss_focal_751634e7bb,1e-05,none,224,fc_only,focal,resnet18,imagenet,70,28,42,127,23,6,17,40,0.6521739130434783,0.284313725490196,0.2316988122480113,0.3333333333333333,0.7647058823529411,0.3333333333333333,0.3333333333333333,0.3333333333333333,0.4300209581851959,13,4,4,2,3,10342
1,4,lr_1em05_sched_none_img_224_ft_fc_only_loss_focal_751634e7bb,1e-05,none,224,fc_only,focal,resnet18,imagenet,70,21,49,124,23,13,10,43,0.6086956521739131,0.5307692307692308,0.6651113921002199,0.4615384615384615,0.8,0.75,0.4615384615384615,0.5714285714285714,0.8610787987709045,8,2,7,6,2,10442
1,1,lr_1em05_sched_none_img_224_ft_layer4_fc_loss_weighted_cross_entropy_5723caf607,1e-05,none,224,layer4_fc,weighted_cross_entropy,resnet18,imagenet,70,25,45,125,23,9,14,42,0.7391304347826086,0.7222222222222222,0.6421658101482663,0.7777777777777778,0.7142857142857143,0.6363636363636364,0.7777777777777778,0.7,0.3293473422527313,10,4,2,7,24,10142
1,2,lr_1em05_sched_none_img_224_ft_layer4_fc_loss_weighted_cross_entropy_5723caf607,1e-05,none,224,layer4_fc,weighted_cross_entropy,resnet18,imagenet,69,28,41,125,24,6,18,42,0.6666666666666666,0.7592592592592593,0.4959235209235209,1.0,0.5555555555555556,0.4285714285714285,1.0,0.6,0.4393439292907715,10,8,0,6,28,10242
1,3,lr_1em05_sched_none_img_224_ft_layer4_fc_loss_weighted_cross_entropy_5723caf607,1e-05,none,224,layer4_fc,weighted_cross_entropy,resnet18,imagenet,70,28,42,127,23,6,17,40,0.5652173913043478,0.4901960784313726,0.3169420655833699,0.6666666666666666,0.5294117647058824,0.3333333333333333,0.6666666666666666,0.4444444444444444,0.4162345826625824,9,8,2,4,21,10342
1,4,lr_1em05_sched_none_img_224_ft_layer4_fc_loss_weighted_cross_entropy_5723caf607,1e-05,none,224,layer4_fc,weighted_cross_entropy,resnet18,imagenet,70,21,49,124,23,13,10,43,0.8260869565217391,0.7461538461538462,0.7305441863970292,0.9230769230769232,0.7,0.8,0.9230769230769232,0.8571428571428571,0.7025852203369141,7,3,1,12,15,10442
1,1,lr_1em05_sched_none_img_224_ft_layer4_fc_loss_focal_d9901b0cc7,1e-05,none,224,layer4_fc,focal,resnet18,imagenet,70,25,45,125,23,9,14,42,0.782608695652174,0.753968253968254,0.6527037290195186,0.6666666666666666,0.8571428571428571,0.75,0.6666666666666666,0.7058823529411765,0.4254353642463684,12,2,3,6,28,10142
1,2,lr_1em05_sched_none_img_224_ft_layer4_fc_loss_focal_d9901b0cc7,1e-05,none,224,layer4_fc,focal,resnet18,imagenet,69,28,41,125,24,6,18,42,0.8333333333333334,0.6481481481481481,0.6022486772486771,0.5,0.9444444444444444,0.75,0.5,0.6,0.7063274383544922,17,1,3,3,4,10242
1,3,lr_1em05_sched_none_img_224_ft_layer4_fc_loss_focal_d9901b0cc7,1e-05,none,224,layer4_fc,focal,resnet18,imagenet,70,28,42,127,23,6,17,40,0.5217391304347826,0.5784313725490196,0.3480861244019139,0.8333333333333334,0.4117647058823529,0.3333333333333333,0.8333333333333334,0.4761904761904761,0.3575401306152344,7,10,1,5,26,10342
1,4,lr_1em05_sched_none_img_224_ft_layer4_fc_loss_focal_d9901b0cc7,1e-05,none,224,layer4_fc,focal,resnet18,imagenet,70,21,49,124,23,13,10,43,0.782608695652174,0.7000000000000001,0.6911562796178181,0.9230769230769232,0.6,0.75,0.9230769230769232,0.8275862068965517,0.5990774631500244,6,4,1,12,23,10442
1,1,lr_1em05_sched_none_img_224_ft_layer3_layer4_fc_loss_weighted_cross_entropy_6af0542b68,1e-05,none,224,layer3_layer4_fc,weighted_cross_entropy,resnet18,imagenet,70,25,45,125,23,9,14,42,0.6956521739130435,0.746031746031746,0.6818107818107819,0.8888888888888888,0.5714285714285714,0.5714285714285714,0.8888888888888888,0.6956521739130435,0.2784786522388458,8,6,1,8,28,10142
1,2,lr_1em05_sched_none_img_224_ft_layer3_layer4_fc_loss_weighted_cross_entropy_6af0542b68,1e-05,none,224,layer3_layer4_fc,weighted_cross_entropy,resnet18,imagenet,69,28,41,125,24,6,18,42,0.75,0.7592592592592593,0.4940087145969498,0.8333333333333334,0.7222222222222222,0.5,0.8333333333333334,0.625,0.4452968239784241,13,5,1,5,23,10242
1,3,lr_1em05_sched_none_img_224_ft_layer3_layer4_fc_loss_weighted_cross_entropy_6af0542b68,1e-05,none,224,layer3_layer4_fc,weighted_cross_entropy,resnet18,imagenet,70,28,42,127,23,6,17,40,0.3478260869565217,0.4607843137254902,0.2918054941274755,1.0,0.1176470588235294,0.2857142857142857,1.0,0.4444444444444444,0.2296613305807113,2,15,0,6,10,10342
1,4,lr_1em05_sched_none_img_224_ft_layer3_layer4_fc_loss_weighted_cross_entropy_6af0542b68,1e-05,none,224,layer3_layer4_fc,weighted_cross_entropy,resnet18,imagenet,70,21,49,124,23,13,10,43,0.6086956521739131,0.5615384615384615,0.68135453727559,0.3846153846153846,0.9,0.8333333333333334,0.3846153846153846,0.5263157894736842,0.8691791892051697,9,1,8,5,2,10442
1,1,lr_1em05_sched_none_img_224_ft_layer3_layer4_fc_loss_focal_d284010fbb,1e-05,none,224,layer3_layer4_fc,focal,resnet18,imagenet,70,25,45,125,23,9,14,42,0.782608695652174,0.7936507936507936,0.7215219421101775,0.7777777777777778,0.7857142857142857,0.7,0.7777777777777778,0.7368421052631579,0.4137023687362671,11,3,2,7,26,10142
1,2,lr_1em05_sched_none_img_224_ft_layer3_layer4_fc_loss_focal_d284010fbb,1e-05,none,224,layer3_layer4_fc,focal,resnet18,imagenet,69,28,41,125,24,6,18,42,0.7916666666666666,0.5462962962962963,0.4999867091972355,0.5,0.8888888888888888,0.6,0.5,0.5454545454545454,0.6706963777542114,16,2,3,3,4,10242
1,3,lr_1em05_sched_none_img_224_ft_layer3_layer4_fc_loss_focal_d284010fbb,1e-05,none,224,layer3_layer4_fc,focal,resnet18,imagenet,70,28,42,127,23,6,17,40,0.5652173913043478,0.5490196078431373,0.4205461205461205,0.8333333333333334,0.4705882352941176,0.3571428571428571,0.8333333333333334,0.5,0.4019877314567566,8,9,1,5,28,10342
1,4,lr_1em05_sched_none_img_224_ft_layer3_layer4_fc_loss_focal_d284010fbb,1e-05,none,224,layer3_layer4_fc,focal,resnet18,imagenet,70,21,49,124,23,13,10,43,0.6956521739130435,0.676923076923077,0.690306067565793,0.6153846153846154,0.8,0.8,0.6153846153846154,0.6956521739130435,0.7028215527534485,8,2,5,8,13,10442
1,1,lr_1em05_sched_none_img_224_ft_full_loss_weighted_cross_entropy_3ef0c041f6,1e-05,none,224,full,weighted_cross_entropy,resnet18,imagenet,70,25,45,125,23,9,14,42,0.6521739130434783,0.7222222222222222,0.6583184789067142,1.0,0.4285714285714285,0.5294117647058824,1.0,0.6923076923076923,0.2466996610164642,6,8,0,9,18,10142
1,2,lr_1em05_sched_none_img_224_ft_full_loss_weighted_cross_entropy_3ef0c041f6,1e-05,none,224,full,weighted_cross_entropy,resnet18,imagenet,69,28,41,125,24,6,18,42,0.75,0.8333333333333334,0.6277777777777778,1.0,0.6666666666666666,0.5,1.0,0.6666666666666666,0.4571937918663025,12,6,0,6,28,10242
1,3,lr_1em05_sched_none_img_224_ft_full_loss_weighted_cross_entropy_3ef0c041f6,1e-05,none,224,full,weighted_cross_entropy,resnet18,imagenet,70,28,42,127,23,6,17,40,0.8260869565217391,0.607843137254902,0.5395937395937396,0.3333333333333333,1.0,1.0,0.3333333333333333,0.5,0.6301319599151611,17,0,4,2,30,10342
1,4,lr_1em05_sched_none_img_224_ft_full_loss_weighted_cross_entropy_3ef0c041f6,1e-05,none,224,full,weighted_cross_entropy,resnet18,imagenet,70,21,49,124,23,13,10,43,0.6956521739130435,0.5923076923076923,0.6312301457368347,0.7692307692307693,0.6,0.7142857142857143,0.7692307692307693,0.7407407407407407,0.6760977506637573,6,4,3,10,13,10442
1,1,lr_1em05_sched_none_img_224_ft_full_loss_focal_de5ddaaf37,1e-05,none,224,full,focal,resnet18,imagenet,70,25,45,125,23,9,14,42,0.7391304347826086,0.6825396825396826,0.6637426900584795,0.3333333333333333,1.0,1.0,0.3333333333333333,0.5,0.521976113319397,14,0,6,3,30,10142
1,2,lr_1em05_sched_none_img_224_ft_full_loss_focal_de5ddaaf37,1e-05,none,224,full,focal,resnet18,imagenet,69,28,41,125,24,6,18,42,0.5416666666666666,0.6481481481481481,0.3955222473604827,1.0,0.3888888888888889,0.3529411764705882,1.0,0.5217391304347826,0.2927092015743255,7,11,0,6,30,10242
1,3,lr_1em05_sched_none_img_224_ft_full_loss_focal_de5ddaaf37,1e-05,none,224,full,focal,resnet18,imagenet,70,28,42,127,23,6,17,40,0.782608695652174,0.5980392156862745,0.4396013708513708,0.5,0.8823529411764706,0.6,0.5,0.5454545454545454,0.454378992319107,15,2,3,3,29,10342
1,4,lr_1em05_sched_none_img_224_ft_full_loss_focal_de5ddaaf37,1e-05,none,224,full,focal,resnet18,imagenet,70,21,49,124,23,13,10,43,0.6086956521739131,0.5538461538461539,0.6739871317451902,0.4615384615384615,0.8,0.75,0.4615384615384615,0.5714285714285714,0.8527369499206543,8,2,7,6,2,10442
1,1,lr_1em05_sched_none_img_320_ft_fc_only_loss_weighted_cross_entropy_589fa61b61,1e-05,none,320,fc_only,weighted_cross_entropy,resnet18,imagenet,70,25,45,125,23,9,14,42,0.5652173913043478,0.3968253968253968,0.4009025941710915,0.4444444444444444,0.6428571428571429,0.4444444444444444,0.4444444444444444,0.4444444444444444,0.4412382543087005,9,5,5,4,7,10142
1,2,lr_1em05_sched_none_img_320_ft_fc_only_loss_weighted_cross_entropy_589fa61b61,1e-05,none,320,fc_only,weighted_cross_entropy,resnet18,imagenet,69,28,41,125,24,6,18,42,0.6666666666666666,0.5277777777777778,0.3517676767676767,0.6666666666666666,0.6666666666666666,0.4,0.6666666666666666,0.5,0.6707355380058289,12,6,2,4,3,10242
1,3,lr_1em05_sched_none_img_320_ft_fc_only_loss_weighted_cross_entropy_589fa61b61,1e-05,none,320,fc_only,weighted_cross_entropy,resnet18,imagenet,70,28,42,127,23,6,17,40,0.7391304347826086,0.392156862745098,0.2850748995250274,0.1666666666666666,0.9411764705882352,0.5,0.1666666666666666,0.25,0.4359648525714874,16,1,5,1,19,10342
1,4,lr_1em05_sched_none_img_320_ft_fc_only_loss_weighted_cross_entropy_589fa61b61,1e-05,none,320,fc_only,weighted_cross_entropy,resnet18,imagenet,70,21,49,124,23,13,10,43,0.6521739130434783,0.6615384615384615,0.6897563776225363,0.4615384615384615,0.9,0.8571428571428571,0.4615384615384615,0.6,0.7250530123710632,9,1,7,6,23,10442
1,1,lr_1em05_sched_none_img_320_ft_fc_only_loss_focal_cd25028d9c,1e-05,none,320,fc_only,focal,resnet18,imagenet,70,25,45,125,23,9,14,42,0.5652173913043478,0.3968253968253968,0.4009025941710915,0.4444444444444444,0.6428571428571429,0.4444444444444444,0.4444444444444444,0.4444444444444444,0.4299643933773041,9,5,5,4,7,10142
1,2,lr_1em05_sched_none_img_320_ft_fc_only_loss_focal_cd25028d9c,1e-05,none,320,fc_only,focal,resnet18,imagenet,69,28,41,125,24,6,18,42,0.625,0.5092592592592593,0.3179292929292929,0.6666666666666666,0.6111111111111112,0.3636363636363636,0.6666666666666666,0.4705882352941176,0.655218780040741,11,7,2,4,3,10242
1,3,lr_1em05_sched_none_img_320_ft_fc_only_loss_focal_cd25028d9c,1e-05,none,320,fc_only,focal,resnet18,imagenet,70,28,42,127,23,6,17,40,0.7391304347826086,0.3823529411764706,0.2852402434403713,0.1666666666666666,0.9411764705882352,0.5,0.1666666666666666,0.25,0.5183315873146057,16,1,5,1,11,10342
1,4,lr_1em05_sched_none_img_320_ft_fc_only_loss_focal_cd25028d9c,1e-05,none,320,fc_only,focal,resnet18,imagenet,70,21,49,124,23,13,10,43,0.6956521739130435,0.6615384615384616,0.6906541726379783,0.7692307692307693,0.6,0.7142857142857143,0.7692307692307693,0.7407407407407407,0.7173376679420471,6,4,3,10,13,10442
1,1,lr_1em05_sched_none_img_320_ft_layer4_fc_loss_weighted_cross_entropy_c4d0a72aef,1e-05,none,320,layer4_fc,weighted_cross_entropy,resnet18,imagenet,70,25,45,125,23,9,14,42,0.6521739130434783,0.5793650793650793,0.4989312669137231,0.8888888888888888,0.5,0.5333333333333333,0.8888888888888888,0.6666666666666666,0.2522118091583252,7,7,1,8,28,10142
1,2,lr_1em05_sched_none_img_320_ft_layer4_fc_loss_weighted_cross_entropy_c4d0a72aef,1e-05,none,320,layer4_fc,weighted_cross_entropy,resnet18,imagenet,69,28,41,125,24,6,18,42,0.625,0.5925925925925926,0.3537608225108225,0.6666666666666666,0.6111111111111112,0.3636363636363636,0.6666666666666666,0.4705882352941176,0.6392746567726135,11,7,2,4,4,10242
1,3,lr_1em05_sched_none_img_320_ft_layer4_fc_loss_weighted_cross_entropy_c4d0a72aef,1e-05,none,320,layer4_fc,weighted_cross_entropy,resnet18,imagenet,70,28,42,127,23,6,17,40,0.8695652173913043,0.8431372549019609,0.7139822595704949,0.8333333333333334,0.8823529411764706,0.7142857142857143,0.8333333333333334,0.7692307692307693,0.4686340987682342,15,2,1,5,28,10342
1,4,lr_1em05_sched_none_img_320_ft_layer4_fc_loss_weighted_cross_entropy_c4d0a72aef,1e-05,none,320,layer4_fc,weighted_cross_entropy,resnet18,imagenet,70,21,49,124,23,13,10,43,0.8260869565217391,0.7692307692307692,0.7277575868073606,1.0,0.6,0.7647058823529411,1.0,0.8666666666666667,0.5878440141677856,6,4,0,13,20,10442
1,1,lr_1em05_sched_none_img_320_ft_layer4_fc_loss_focal_2440d60379,1e-05,none,320,layer4_fc,focal,resnet18,imagenet,70,25,45,125,23,9,14,42,0.6086956521739131,0.5238095238095238,0.4184106098579783,0.5555555555555556,0.6428571428571429,0.5,0.5555555555555556,0.5263157894736842,0.4096235930919647,9,5,4,5,6,10142
1,2,lr_1em05_sched_none_img_320_ft_layer4_fc_loss_focal_2440d60379,1e-05,none,320,layer4_fc,focal,resnet18,imagenet,69,28,41,125,24,6,18,42,0.7916666666666666,0.6296296296296297,0.4183459857372901,0.6666666666666666,0.8333333333333334,0.5714285714285714,0.6666666666666666,0.6153846153846154,0.6669437885284424,15,3,2,4,3,10242
1,3,lr_1em05_sched_none_img_320_ft_layer4_fc_loss_focal_2440d60379,1e-05,none,320,layer4_fc,focal,resnet18,imagenet,70,28,42,127,23,6,17,40,0.782608695652174,0.7352941176470589,0.576007326007326,0.6666666666666666,0.8235294117647058,0.5714285714285714,0.6666666666666666,0.6153846153846154,0.4806396067142486,14,3,2,4,16,10342
1,4,lr_1em05_sched_none_img_320_ft_layer4_fc_loss_focal_2440d60379,1e-05,none,320,layer4_fc,focal,resnet18,imagenet,70,21,49,124,23,13,10,43,0.8260869565217391,0.7846153846153847,0.7686578943931885,0.7692307692307693,0.9,0.9090909090909092,0.7692307692307693,0.8333333333333334,0.7369453310966492,9,1,3,10,14,10442
1,1,lr_1em05_sched_none_img_320_ft_layer3_layer4_fc_loss_weighted_cross_entropy_c4016f6283,1e-05,none,320,layer3_layer4_fc,weighted_cross_entropy,resnet18,imagenet,70,25,45,125,23,9,14,42,0.782608695652174,0.6825396825396826,0.5030564627055855,0.8888888888888888,0.7142857142857143,0.6666666666666666,0.8888888888888888,0.7619047619047619,0.3344522416591644,10,4,1,8,30,10142
1,2,lr_1em05_sched_none_img_320_ft_layer3_layer4_fc_loss_weighted_cross_entropy_c4016f6283,1e-05,none,320,layer3_layer4_fc,weighted_cross_entropy,resnet18,imagenet,69,28,41,125,24,6,18,42,0.7916666666666666,0.7777777777777778,0.6687830687830687,0.8333333333333334,0.7777777777777778,0.5555555555555556,0.8333333333333334,0.6666666666666666,0.5287517309188843,14,4,1,5,16,10242
1,3,lr_1em05_sched_none_img_320_ft_layer3_layer4_fc_loss_weighted_cross_entropy_c4016f6283,1e-05,none,320,layer3_layer4_fc,weighted_cross_entropy,resnet18,imagenet,70,28,42,127,23,6,17,40,0.6086956521739131,0.7352941176470589,0.5108197358197358,1.0,0.4705882352941176,0.4,1.0,0.5714285714285714,0.317338079214096,8,9,0,6,13,10342
1,4,lr_1em05_sched_none_img_320_ft_layer3_layer4_fc_loss_weighted_cross_entropy_c4016f6283,1e-05,none,320,layer3_layer4_fc,weighted_cross_entropy,resnet18,imagenet,70,21,49,124,23,13,10,43,0.8260869565217391,0.8,0.7522016445093368,0.8461538461538461,0.8,0.8461538461538461,0.8461538461538461,0.8461538461538461,0.5520391464233398,8,2,2,11,20,10442
1,1,lr_1em05_sched_none_img_320_ft_layer3_layer4_fc_loss_focal_43e790596e,1e-05,none,320,layer3_layer4_fc,focal,resnet18,imagenet,70,25,45,125,23,9,14,42,0.6521739130434783,0.6507936507936508,0.5655850322516989,0.8888888888888888,0.5,0.5333333333333333,0.8888888888888888,0.6666666666666666,0.4154512286186218,7,7,1,8,26,10142
1,2,lr_1em05_sched_none_img_320_ft_layer3_layer4_fc_loss_focal_43e790596e,1e-05,none,320,layer3_layer4_fc,focal,resnet18,imagenet,69,28,41,125,24,6,18,42,0.875,0.787037037037037,0.5757038712921065,0.6666666666666666,0.9444444444444444,0.8,0.6666666666666666,0.7272727272727273,0.6985153555870056,17,1,2,4,4,10242
1,3,lr_1em05_sched_none_img_320_ft_layer3_layer4_fc_loss_focal_43e790596e,1e-05,none,320,layer3_layer4_fc,focal,resnet18,imagenet,70,28,42,127,23,6,17,40,0.8260869565217391,0.7156862745098039,0.6322362278244631,0.5,0.9411764705882352,0.75,0.5,0.6,0.4392799139022827,16,1,3,3,30,10342
1,4,lr_1em05_sched_none_img_320_ft_layer3_layer4_fc_loss_focal_43e790596e,1e-05,none,320,layer3_layer4_fc,focal,resnet18,imagenet,70,21,49,124,23,13,10,43,0.782608695652174,0.8,0.7698662448662449,0.7692307692307693,0.8,0.8333333333333334,0.7692307692307693,0.8,0.6839745044708252,8,2,3,10,14,10442
1,1,lr_1em05_sched_none_img_320_ft_full_loss_weighted_cross_entropy_32f76c3c3c,1e-05,none,320,full,weighted_cross_entropy,resnet18,imagenet,70,25,45,125,23,9,14,42,0.6521739130434783,0.7222222222222222,0.6126394665610353,1.0,0.4285714285714285,0.5294117647058824,1.0,0.6923076923076923,0.2992954850196838,6,8,0,9,26,10142
1,2,lr_1em05_sched_none_img_320_ft_full_loss_weighted_cross_entropy_32f76c3c3c,1e-05,none,320,full,weighted_cross_entropy,resnet18,imagenet,69,28,41,125,24,6,18,42,0.5833333333333334,0.6388888888888888,0.3894281157439052,0.8333333333333334,0.5,0.3571428571428571,0.8333333333333334,0.5,0.5544078946113586,9,9,1,5,4,10242
1,3,lr_1em05_sched_none_img_320_ft_full_loss_weighted_cross_entropy_32f76c3c3c,1e-05,none,320,full,weighted_cross_entropy,resnet18,imagenet,70,28,42,127,23,6,17,40,0.7391304347826086,0.7254901960784313,0.4302248677248677,0.8333333333333334,0.7058823529411765,0.5,0.8333333333333334,0.625,0.4352354109287262,12,5,1,5,30,10342
1,4,lr_1em05_sched_none_img_320_ft_full_loss_weighted_cross_entropy_32f76c3c3c,1e-05,none,320,full,weighted_cross_entropy,resnet18,imagenet,70,21,49,124,23,13,10,43,0.782608695652174,0.8,0.7611055611055612,0.7692307692307693,0.8,0.8333333333333334,0.7692307692307693,0.8,0.5533646941184998,8,2,3,10,28,10442
1,1,lr_1em05_sched_none_img_320_ft_full_loss_focal_906b334381,1e-05,none,320,full,focal,resnet18,imagenet,70,25,45,125,23,9,14,42,0.6956521739130435,0.6904761904761905,0.590895061728395,1.0,0.5,0.5625,1.0,0.72,0.3434061110019684,7,7,0,9,29,10142
1,2,lr_1em05_sched_none_img_320_ft_full_loss_focal_906b334381,1e-05,none,320,full,focal,resnet18,imagenet,69,28,41,125,24,6,18,42,0.75,0.6666666666666667,0.3934640522875817,0.6666666666666666,0.7777777777777778,0.5,0.6666666666666666,0.5714285714285714,0.6644482016563416,14,4,2,4,4,10242
1,3,lr_1em05_sched_none_img_320_ft_full_loss_focal_906b334381,1e-05,none,320,full,focal,resnet18,imagenet,70,28,42,127,23,6,17,40,0.8260869565217391,0.7745098039215685,0.5748949579831932,0.8333333333333334,0.8235294117647058,0.625,0.8333333333333334,0.7142857142857143,0.5063862800598145,14,3,1,5,28,10342
1,4,lr_1em05_sched_none_img_320_ft_full_loss_focal_906b334381,1e-05,none,320,full,focal,resnet18,imagenet,70,21,49,124,23,13,10,43,0.8260869565217391,0.7923076923076923,0.7517789902405287,0.9230769230769232,0.7,0.8,0.9230769230769232,0.8571428571428571,0.571700394153595,7,3,1,12,14,10442
1,1,lr_1em04_sched_step_img_224_ft_fc_only_loss_weighted_cross_entropy_3528f314c6,0.0001,step,224,fc_only,weighted_cross_entropy,resnet18,imagenet,70,25,45,125,23,9,14,42,0.6086956521739131,0.5952380952380952,0.58422471389672,0.7777777777777778,0.5,0.5,0.7777777777777778,0.6086956521739131,0.2693161070346832,7,7,2,7,17,10142
1,2,lr_1em04_sched_step_img_224_ft_fc_only_loss_weighted_cross_entropy_3528f314c6,0.0001,step,224,fc_only,weighted_cross_entropy,resnet18,imagenet,69,28,41,125,24,6,18,42,0.7916666666666666,0.5185185185185186,0.4942225458243765,0.5,0.8888888888888888,0.6,0.5,0.5454545454545454,0.4720019996166229,16,2,3,3,4,10242
1,3,lr_1em04_sched_step_img_224_ft_fc_only_loss_weighted_cross_entropy_3528f314c6,0.0001,step,224,fc_only,weighted_cross_entropy,resnet18,imagenet,70,28,42,127,23,6,17,40,0.6521739130434783,0.284313725490196,0.2316988122480113,0.3333333333333333,0.7647058823529411,0.3333333333333333,0.3333333333333333,0.3333333333333333,0.461385577917099,13,4,4,2,3,10342
1,4,lr_1em04_sched_step_img_224_ft_fc_only_loss_weighted_cross_entropy_3528f314c6,0.0001,step,224,fc_only,weighted_cross_entropy,resnet18,imagenet,70,21,49,124,23,13,10,43,0.6086956521739131,0.5153846153846154,0.6657651243328992,0.3846153846153846,0.9,0.8333333333333334,0.3846153846153846,0.5263157894736842,0.7908352613449097,9,1,8,5,2,10442
1,1,lr_1em04_sched_step_img_224_ft_fc_only_loss_focal_01d1647617,0.0001,step,224,fc_only,focal,resnet18,imagenet,70,25,45,125,23,9,14,42,0.6521739130434783,0.5793650793650793,0.5772802694522756,0.5555555555555556,0.7142857142857143,0.5555555555555556,0.5555555555555556,0.5555555555555556,0.4641012549400329,10,4,4,5,16,10142
1,2,lr_1em04_sched_step_img_224_ft_fc_only_loss_focal_01d1647617,0.0001,step,224,fc_only,focal,resnet18,imagenet,69,28,41,125,24,6,18,42,0.75,0.5092592592592593,0.4775558791577098,0.5,0.8333333333333334,0.5,0.5,0.5,0.4697276353836059,15,3,3,3,4,10242
1,3,lr_1em04_sched_step_img_224_ft_fc_only_loss_focal_01d1647617,0.0001,step,224,fc_only,focal,resnet18,imagenet,70,28,42,127,23,6,17,40,0.6521739130434783,0.284313725490196,0.2316988122480113,0.3333333333333333,0.7647058823529411,0.3333333333333333,0.3333333333333333,0.3333333333333333,0.4541142582893371,13,4,4,2,3,10342
1,4,lr_1em04_sched_step_img_224_ft_fc_only_loss_focal_01d1647617,0.0001,step,224,fc_only,focal,resnet18,imagenet,70,21,49,124,23,13,10,43,0.6086956521739131,0.5230769230769231,0.6698443784121533,0.3846153846153846,0.9,0.8333333333333334,0.3846153846153846,0.5263157894736842,0.7448779344558716,9,1,8,5,2,10442
1,1,lr_1em04_sched_step_img_224_ft_layer4_fc_loss_weighted_cross_entropy_d015fb22bf,0.0001,step,224,layer4_fc,weighted_cross_entropy,resnet18,imagenet,70,25,45,125,23,9,14,42,0.782608695652174,0.753968253968254,0.6709734709734709,0.7777777777777778,0.7857142857142857,0.7,0.7777777777777778,0.7368421052631579,0.4476372003555298,11,3,2,7,3,10142
1,2,lr_1em04_sched_step_img_224_ft_layer4_fc_loss_weighted_cross_entropy_d015fb22bf,0.0001,step,224,layer4_fc,weighted_cross_entropy,resnet18,imagenet,69,28,41,125,24,6,18,42,0.875,0.8240740740740741,0.769298245614035,0.6666666666666666,0.9444444444444444,0.8,0.6666666666666666,0.7272727272727273,0.684971272945404,17,1,2,4,4,10242
1,3,lr_1em04_sched_step_img_224_ft_layer4_fc_loss_weighted_cross_entropy_d015fb22bf,0.0001,step,224,layer4_fc,weighted_cross_entropy,resnet18,imagenet,70,28,42,127,23,6,17,40,0.8695652173913043,0.8137254901960784,0.7236111111111111,0.6666666666666666,0.9411764705882352,0.8,0.6666666666666666,0.7272727272727273,0.2860145568847656,16,1,2,4,25,10342
1,4,lr_1em04_sched_step_img_224_ft_layer4_fc_loss_weighted_cross_entropy_d015fb22bf,0.0001,step,224,layer4_fc,weighted_cross_entropy,resnet18,imagenet,70,21,49,124,23,13,10,43,0.8260869565217391,0.8153846153846154,0.7805897319055214,0.7692307692307693,0.9,0.9090909090909092,0.7692307692307693,0.8333333333333334,0.8511399626731873,9,1,3,10,2,10442
1,1,lr_1em04_sched_step_img_224_ft_layer4_fc_loss_focal_80411213cb,0.0001,step,224,layer4_fc,focal,resnet18,imagenet,70,25,45,125,23,9,14,42,0.8260869565217391,0.7936507936507936,0.8099595393713042,0.6666666666666666,0.9285714285714286,0.8571428571428571,0.6666666666666666,0.75,0.2326810806989669,13,1,3,6,10,10142
1,2,lr_1em04_sched_step_img_224_ft_layer4_fc_loss_focal_80411213cb,0.0001,step,224,layer4_fc,focal,resnet18,imagenet,69,28,41,125,24,6,18,42,0.7083333333333334,0.7962962962962963,0.6192760942760942,0.8333333333333334,0.6666666666666666,0.4545454545454545,0.8333333333333334,0.5882352941176471,0.4319685995578766,12,6,1,5,4,10242
1,3,lr_1em04_sched_step_img_224_ft_layer4_fc_loss_focal_80411213cb,0.0001,step,224,layer4_fc,focal,resnet18,imagenet,70,28,42,127,23,6,17,40,0.6956521739130435,0.7254901960784313,0.6164983164983164,0.8333333333333334,0.6470588235294118,0.4545454545454545,0.8333333333333334,0.5882352941176471,0.4521518647670746,11,6,1,5,10,10342
1,4,lr_1em04_sched_step_img_224_ft_layer4_fc_loss_focal_80411213cb,0.0001,step,224,layer4_fc,focal,resnet18,imagenet,70,21,49,124,23,13,10,43,0.782608695652174,0.7153846153846154,0.7200905374818418,0.7692307692307693,0.8,0.8333333333333334,0.7692307692307693,0.8,0.3634818792343139,8,2,3,10,14,10442
1,1,lr_1em04_sched_step_img_224_ft_layer3_layer4_fc_loss_weighted_cross_entropy_ef5e104c47,0.0001,step,224,layer3_layer4_fc,weighted_cross_entropy,resnet18,imagenet,70,25,45,125,23,9,14,42,0.6956521739130435,0.6666666666666666,0.5978784106235087,0.6666666666666666,0.7142857142857143,0.6,0.6666666666666666,0.631578947368421,0.1111811250448226,10,4,3,6,6,10142
1,2,lr_1em04_sched_step_img_224_ft_layer3_layer4_fc_loss_weighted_cross_entropy_ef5e104c47,0.0001,step,224,layer3_layer4_fc,weighted_cross_entropy,resnet18,imagenet,69,28,41,125,24,6,18,42,0.875,0.8981481481481481,0.8523809523809524,0.8333333333333334,0.8888888888888888,0.7142857142857143,0.8333333333333334,0.7692307692307693,0.094622902572155,16,2,1,5,12,10242
1,3,lr_1em04_sched_step_img_224_ft_layer3_layer4_fc_loss_weighted_cross_entropy_ef5e104c47,0.0001,step,224,layer3_layer4_fc,weighted_cross_entropy,resnet18,imagenet,70,28,42,127,23,6,17,40,0.782608695652174,0.7745098039215687,0.6395113600995954,0.8333333333333334,0.7647058823529411,0.5555555555555556,0.8333333333333334,0.6666666666666666,0.1741483211517334,13,4,1,5,16,10342
1,4,lr_1em04_sched_step_img_224_ft_layer3_layer4_fc_loss_weighted_cross_entropy_ef5e104c47,0.0001,step,224,layer3_layer4_fc,weighted_cross_entropy,resnet18,imagenet,70,21,49,124,23,13,10,43,0.9130434782608696,0.953846153846154,0.9695730363151174,0.9230769230769232,0.9,0.9230769230769232,0.9230769230769232,0.9230769230769232,0.2564451992511749,9,1,1,12,24,10442
1,1,lr_1em04_sched_step_img_224_ft_layer3_layer4_fc_loss_focal_3046730bb6,0.0001,step,224,layer3_layer4_fc,focal,resnet18,imagenet,70,25,45,125,23,9,14,42,0.6956521739130435,0.7619047619047619,0.7270081770081771,0.7777777777777778,0.6428571428571429,0.5833333333333334,0.7777777777777778,0.6666666666666666,0.2456380873918533,9,5,2,7,12,10142
1,2,lr_1em04_sched_step_img_224_ft_layer3_layer4_fc_loss_focal_3046730bb6,0.0001,step,224,layer3_layer4_fc,focal,resnet18,imagenet,69,28,41,125,24,6,18,42,0.7916666666666666,0.8148148148148149,0.6717592592592593,0.8333333333333334,0.7777777777777778,0.5555555555555556,0.8333333333333334,0.6666666666666666,0.2554188668727875,14,4,1,5,9,10242
1,3,lr_1em04_sched_step_img_224_ft_layer3_layer4_fc_loss_focal_3046730bb6,0.0001,step,224,layer3_layer4_fc,focal,resnet18,imagenet,70,28,42,127,23,6,17,40,0.8260869565217391,0.7450980392156862,0.6656565656565656,0.6666666666666666,0.8823529411764706,0.6666666666666666,0.6666666666666666,0.6666666666666666,0.2864793837070465,15,2,2,4,10,10342
1,4,lr_1em04_sched_step_img_224_ft_layer3_layer4_fc_loss_focal_3046730bb6,0.0001,step,224,layer3_layer4_fc,focal,resnet18,imagenet,70,21,49,124,23,13,10,43,0.8260869565217391,0.8384615384615385,0.8819645888233645,0.8461538461538461,0.8,0.8461538461538461,0.8461538461538461,0.8461538461538461,0.3867139518260956,8,2,2,11,28,10442
1,1,lr_1em04_sched_step_img_224_ft_full_loss_weighted_cross_entropy_c5368ba9f8,0.0001,step,224,full,weighted_cross_entropy,resnet18,imagenet,70,25,45,125,23,9,14,42,0.6956521739130435,0.7936507936507937,0.7370430495430496,1.0,0.5,0.5625,1.0,0.72,0.2595604658126831,7,7,0,9,12,10142
1,2,lr_1em04_sched_step_img_224_ft_full_loss_weighted_cross_entropy_c5368ba9f8,0.0001,step,224,full,weighted_cross_entropy,resnet18,imagenet,69,28,41,125,24,6,18,42,0.7916666666666666,0.8518518518518519,0.6953703703703704,0.8333333333333334,0.7777777777777778,0.5555555555555556,0.8333333333333334,0.6666666666666666,0.1454306989908218,14,4,1,5,12,10242
1,3,lr_1em04_sched_step_img_224_ft_full_loss_weighted_cross_entropy_c5368ba9f8,0.0001,step,224,full,weighted_cross_entropy,resnet18,imagenet,70,28,42,127,23,6,17,40,0.8260869565217391,0.696078431372549,0.6344907407407406,0.5,0.9411764705882352,0.75,0.5,0.6,0.1359974592924118,16,1,3,3,10,10342
1,4,lr_1em04_sched_step_img_224_ft_full_loss_weighted_cross_entropy_c5368ba9f8,0.0001,step,224,full,weighted_cross_entropy,resnet18,imagenet,70,21,49,124,23,13,10,43,0.8695652173913043,0.8846153846153847,0.9273598196675116,0.9230769230769232,0.8,0.8571428571428571,0.9230769230769232,0.8888888888888888,0.2094682455062866,8,2,1,12,16,10442
1,1,lr_1em04_sched_step_img_224_ft_full_loss_focal_17f3442150,0.0001,step,224,full,focal,resnet18,imagenet,70,25,45,125,23,9,14,42,0.6956521739130435,0.7936507936507936,0.7612419987419989,1.0,0.5,0.5625,1.0,0.72,0.2187817245721817,7,7,0,9,18,10142
1,2,lr_1em04_sched_step_img_224_ft_full_loss_focal_17f3442150,0.0001,step,224,full,focal,resnet18,imagenet,69,28,41,125,24,6,18,42,0.6666666666666666,0.7407407407407407,0.5739278752436647,0.8333333333333334,0.6111111111111112,0.4166666666666667,0.8333333333333334,0.5555555555555556,0.13377246260643,11,7,1,5,7,10242
1,3,lr_1em04_sched_step_img_224_ft_full_loss_focal_17f3442150,0.0001,step,224,full,focal,resnet18,imagenet,70,28,42,127,23,6,17,40,0.782608695652174,0.8627450980392156,0.6723905723905724,1.0,0.7058823529411765,0.5454545454545454,1.0,0.7058823529411765,0.3794163763523102,12,5,0,6,19,10342
1,4,lr_1em04_sched_step_img_224_ft_full_loss_focal_17f3442150,0.0001,step,224,full,focal,resnet18,imagenet,70,21,49,124,23,13,10,43,0.8260869565217391,0.8538461538461539,0.9094306899736762,0.8461538461538461,0.8,0.8461538461538461,0.8461538461538461,0.8461538461538461,0.2659502625465393,8,2,2,11,14,10442
1,1,lr_1em04_sched_step_img_320_ft_fc_only_loss_weighted_cross_entropy_498b9f67ff,0.0001,step,320,fc_only,weighted_cross_entropy,resnet18,imagenet,70,25,45,125,23,9,14,42,0.5652173913043478,0.4285714285714285,0.3825388915968626,0.6666666666666666,0.5,0.4615384615384615,0.6666666666666666,0.5454545454545454,0.274972140789032,7,7,3,6,6,10142
1,2,lr_1em04_sched_step_img_320_ft_fc_only_loss_weighted_cross_entropy_498b9f67ff,0.0001,step,320,fc_only,weighted_cross_entropy,resnet18,imagenet,69,28,41,125,24,6,18,42,0.5833333333333334,0.5092592592592593,0.2765139751552795,0.6666666666666666,0.5555555555555556,0.3333333333333333,0.6666666666666666,0.4444444444444444,0.3468467891216278,10,8,2,4,4,10242
1,3,lr_1em04_sched_step_img_320_ft_fc_only_loss_weighted_cross_entropy_498b9f67ff,0.0001,step,320,fc_only,weighted_cross_entropy,resnet18,imagenet,70,28,42,127,23,6,17,40,0.5652173913043478,0.4607843137254902,0.2855702332246954,0.6666666666666666,0.5294117647058824,0.3333333333333333,0.6666666666666666,0.4444444444444444,0.2418628185987472,9,8,2,4,19,10342
1,4,lr_1em04_sched_step_img_320_ft_fc_only_loss_weighted_cross_entropy_498b9f67ff,0.0001,step,320,fc_only,weighted_cross_entropy,resnet18,imagenet,70,21,49,124,23,13,10,43,0.7391304347826086,0.6846153846153846,0.6974152481505423,0.9230769230769232,0.5,0.7058823529411765,0.9230769230769232,0.8,0.2006472647190094,5,5,1,12,11,10442
1,1,lr_1em04_sched_step_img_320_ft_fc_only_loss_focal_4ea8bce2fb,0.0001,step,320,fc_only,focal,resnet18,imagenet,70,25,45,125,23,9,14,42,0.5652173913043478,0.4365079365079365,0.406918215976187,0.5555555555555556,0.5714285714285714,0.4545454545454545,0.5555555555555556,0.5,0.288062036037445,8,6,4,5,7,10142
1,2,lr_1em04_sched_step_img_320_ft_fc_only_loss_focal_4ea8bce2fb,0.0001,step,320,fc_only,focal,resnet18,imagenet,69,28,41,125,24,6,18,42,0.5833333333333334,0.5092592592592593,0.3055555555555556,0.6666666666666666,0.5555555555555556,0.3333333333333333,0.6666666666666666,0.4444444444444444,0.5597203373908997,10,8,2,4,3,10242
1,3,lr_1em04_sched_step_img_320_ft_fc_only_loss_focal_4ea8bce2fb,0.0001,step,320,fc_only,focal,resnet18,imagenet,70,28,42,127,23,6,17,40,0.7391304347826086,0.4117647058823529,0.2959675156808014,0.1666666666666666,0.9411764705882352,0.5,0.1666666666666666,0.25,0.3857613205909729,16,1,5,1,10,10342
1,4,lr_1em04_sched_step_img_320_ft_fc_only_loss_focal_4ea8bce2fb,0.0001,step,320,fc_only,focal,resnet18,imagenet,70,21,49,124,23,13,10,43,0.782608695652174,0.7076923076923076,0.702643937259322,0.9230769230769232,0.6,0.75,0.9230769230769232,0.8275862068965517,0.3112183511257171,6,4,1,12,12,10442
1,1,lr_1em04_sched_step_img_320_ft_layer4_fc_loss_weighted_cross_entropy_75ba4e1d96,0.0001,step,320,layer4_fc,weighted_cross_entropy,resnet18,imagenet,70,25,45,125,23,9,14,42,0.8260869565217391,0.8174603174603174,0.7964587394411957,0.7777777777777778,0.8571428571428571,0.7777777777777778,0.7777777777777778,0.7777777777777778,0.1844805926084518,12,2,2,7,29,10142
1,2,lr_1em04_sched_step_img_320_ft_layer4_fc_loss_weighted_cross_entropy_75ba4e1d96,0.0001,step,320,layer4_fc,weighted_cross_entropy,resnet18,imagenet,69,28,41,125,24,6,18,42,0.875,0.8240740740740741,0.769298245614035,0.6666666666666666,0.9444444444444444,0.8,0.6666666666666666,0.7272727272727273,0.7959532141685486,17,1,2,4,2,10242
1,3,lr_1em04_sched_step_img_320_ft_layer4_fc_loss_weighted_cross_entropy_75ba4e1d96,0.0001,step,320,layer4_fc,weighted_cross_entropy,resnet18,imagenet,70,28,42,127,23,6,17,40,0.782608695652174,0.7549019607843137,0.4481481481481482,0.8333333333333334,0.7647058823529411,0.5555555555555556,0.8333333333333334,0.6666666666666666,0.3441623151302337,13,4,1,5,5,10342
1,4,lr_1em04_sched_step_img_320_ft_layer4_fc_loss_weighted_cross_entropy_75ba4e1d96,0.0001,step,320,layer4_fc,weighted_cross_entropy,resnet18,imagenet,70,21,49,124,23,13,10,43,0.8695652173913043,0.8153846153846154,0.8136684896300281,1.0,0.7,0.8125,1.0,0.896551724137931,0.1347074061632156,7,3,0,13,16,10442
1,1,lr_1em04_sched_step_img_320_ft_layer4_fc_loss_focal_130b3233c3,0.0001,step,320,layer4_fc,focal,resnet18,imagenet,70,25,45,125,23,9,14,42,0.6956521739130435,0.7222222222222222,0.6865319865319865,0.8888888888888888,0.5714285714285714,0.5714285714285714,0.8888888888888888,0.6956521739130435,0.2111847400665283,8,6,1,8,12,10142
1,2,lr_1em04_sched_step_img_320_ft_layer4_fc_loss_focal_130b3233c3,0.0001,step,320,layer4_fc,focal,resnet18,imagenet,69,28,41,125,24,6,18,42,0.7916666666666666,0.8796296296296297,0.7973544973544973,0.8333333333333334,0.7777777777777778,0.5555555555555556,0.8333333333333334,0.6666666666666666,0.7029651999473572,14,4,1,5,1,10242
1,3,lr_1em04_sched_step_img_320_ft_layer4_fc_loss_focal_130b3233c3,0.0001,step,320,layer4_fc,focal,resnet18,imagenet,70,28,42,127,23,6,17,40,0.8695652173913043,0.8039215686274509,0.6749999999999999,0.6666666666666666,0.9411764705882352,0.8,0.6666666666666666,0.7272727272727273,0.2642034292221069,16,1,2,4,6,10342
1,4,lr_1em04_sched_step_img_320_ft_layer4_fc_loss_focal_130b3233c3,0.0001,step,320,layer4_fc,focal,resnet18,imagenet,70,21,49,124,23,13,10,43,0.8260869565217391,0.8384615384615385,0.8248262421339345,0.8461538461538461,0.8,0.8461538461538461,0.8461538461538461,0.8461538461538461,0.354447990655899,8,2,2,11,5,10442
1,1,lr_1em04_sched_step_img_320_ft_layer3_layer4_fc_loss_weighted_cross_entropy_1af0675037,0.0001,step,320,layer3_layer4_fc,weighted_cross_entropy,resnet18,imagenet,70,25,45,125,23,9,14,42,0.8260869565217391,0.8174603174603173,0.8220797720797721,0.5555555555555556,1.0,1.0,0.5555555555555556,0.7142857142857143,0.2971739768981933,14,0,4,5,15,10142
1,2,lr_1em04_sched_step_img_320_ft_layer3_layer4_fc_loss_weighted_cross_entropy_1af0675037,0.0001,step,320,layer3_layer4_fc,weighted_cross_entropy,resnet18,imagenet,69,28,41,125,24,6,18,42,0.875,0.8703703703703703,0.8112044817927171,0.8333333333333334,0.8888888888888888,0.7142857142857143,0.8333333333333334,0.7692307692307693,0.4422672390937805,16,2,1,5,8,10242
1,3,lr_1em04_sched_step_img_320_ft_layer3_layer4_fc_loss_weighted_cross_entropy_1af0675037,0.0001,step,320,layer3_layer4_fc,weighted_cross_entropy,resnet18,imagenet,70,28,42,127,23,6,17,40,0.8260869565217391,0.8823529411764706,0.7727564102564102,0.8333333333333334,0.8235294117647058,0.625,0.8333333333333334,0.7142857142857143,0.6022351384162903,14,3,1,5,10,10342
1,4,lr_1em04_sched_step_img_320_ft_layer3_layer4_fc_loss_weighted_cross_entropy_1af0675037,0.0001,step,320,layer3_layer4_fc,weighted_cross_entropy,resnet18,imagenet,70,21,49,124,23,13,10,43,0.8260869565217391,0.823076923076923,0.813122008710244,1.0,0.6,0.7647058823529411,1.0,0.8666666666666667,0.2127273380756378,6,4,0,13,12,10442
1,1,lr_1em04_sched_step_img_320_ft_layer3_layer4_fc_loss_focal_41d524f6ac,0.0001,step,320,layer3_layer4_fc,focal,resnet18,imagenet,70,25,45,125,23,9,14,42,0.782608695652174,0.7936507936507936,0.7675185438343335,0.6666666666666666,0.8571428571428571,0.75,0.6666666666666666,0.7058823529411765,0.5296149253845215,12,2,3,6,12,10142
1,2,lr_1em04_sched_step_img_320_ft_layer3_layer4_fc_loss_focal_41d524f6ac,0.0001,step,320,layer3_layer4_fc,focal,resnet18,imagenet,69,28,41,125,24,6,18,42,0.875,0.8240740740740742,0.6782679738562092,0.6666666666666666,0.9444444444444444,0.8,0.6666666666666666,0.7272727272727273,0.6054508686065674,17,1,2,4,4,10242
1,3,lr_1em04_sched_step_img_320_ft_layer3_layer4_fc_loss_focal_41d524f6ac,0.0001,step,320,layer3_layer4_fc,focal,resnet18,imagenet,70,28,42,127,23,6,17,40,0.782608695652174,0.8725490196078431,0.6839646464646464,1.0,0.7058823529411765,0.5454545454545454,1.0,0.7058823529411765,0.4588121175765991,12,5,0,6,8,10342
1,4,lr_1em04_sched_step_img_320_ft_layer3_layer4_fc_loss_focal_41d524f6ac,0.0001,step,320,layer3_layer4_fc,focal,resnet18,imagenet,70,21,49,124,23,13,10,43,0.782608695652174,0.7615384615384615,0.7645691412659739,1.0,0.5,0.7222222222222222,1.0,0.8387096774193549,0.3851900696754455,5,5,0,13,12,10442
1,1,lr_1em04_sched_step_img_320_ft_full_loss_weighted_cross_entropy_9d8dca3eb2,0.0001,step,320,full,weighted_cross_entropy,resnet18,imagenet,70,25,45,125,23,9,14,42,0.7391304347826086,0.7619047619047619,0.743107769423559,0.6666666666666666,0.7857142857142857,0.6666666666666666,0.6666666666666666,0.6666666666666666,0.2497937977313995,11,3,3,6,9,10142
1,2,lr_1em04_sched_step_img_320_ft_full_loss_weighted_cross_entropy_9d8dca3eb2,0.0001,step,320,full,weighted_cross_entropy,resnet18,imagenet,69,28,41,125,24,6,18,42,0.8333333333333334,0.7962962962962964,0.7368686868686868,0.6666666666666666,0.8888888888888888,0.6666666666666666,0.6666666666666666,0.6666666666666666,0.7164210677146912,16,2,2,4,12,10242
1,3,lr_1em04_sched_step_img_320_ft_full_loss_weighted_cross_entropy_9d8dca3eb2,0.0001,step,320,full,weighted_cross_entropy,resnet18,imagenet,70,28,42,127,23,6,17,40,0.8260869565217391,0.9117647058823528,0.825925925925926,1.0,0.7647058823529411,0.6,1.0,0.75,0.467332512140274,13,4,0,6,6,10342
1,4,lr_1em04_sched_step_img_320_ft_full_loss_weighted_cross_entropy_9d8dca3eb2,0.0001,step,320,full,weighted_cross_entropy,resnet18,imagenet,70,21,49,124,23,13,10,43,0.8260869565217391,0.8692307692307693,0.9211484593837532,0.6923076923076923,1.0,1.0,0.6923076923076923,0.8181818181818182,0.6534314751625061,10,0,4,9,9,10442
1,1,lr_1em04_sched_step_img_320_ft_full_loss_focal_e52545cdfc,0.0001,step,320,full,focal,resnet18,imagenet,70,25,45,125,23,9,14,42,0.8695652173913043,0.8492063492063491,0.8009700176366843,0.8888888888888888,0.8571428571428571,0.8,0.8888888888888888,0.8421052631578947,0.6190131306648254,12,2,1,8,10,10142
1,2,lr_1em04_sched_step_img_320_ft_full_loss_focal_e52545cdfc,0.0001,step,320,full,focal,resnet18,imagenet,69,28,41,125,24,6,18,42,0.7916666666666666,0.8611111111111112,0.7703703703703703,0.8333333333333334,0.7777777777777778,0.5555555555555556,0.8333333333333334,0.6666666666666666,0.5411348938941956,14,4,1,5,4,10242
1,3,lr_1em04_sched_step_img_320_ft_full_loss_focal_e52545cdfc,0.0001,step,320,full,focal,resnet18,imagenet,70,28,42,127,23,6,17,40,0.782608695652174,0.8431372549019607,0.7066498316498316,1.0,0.7058823529411765,0.5454545454545454,1.0,0.7058823529411765,0.4447121620178222,12,5,0,6,27,10342
1,4,lr_1em04_sched_step_img_320_ft_full_loss_focal_e52545cdfc,0.0001,step,320,full,focal,resnet18,imagenet,70,21,49,124,23,13,10,43,0.8260869565217391,0.8615384615384616,0.8915502044461319,0.8461538461538461,0.8,0.8461538461538461,0.8461538461538461,0.8461538461538461,0.4745794832706451,8,2,2,11,5,10442
1,1,lr_1em04_sched_cosine_img_224_ft_fc_only_loss_weighted_cross_entropy_444ada7645,0.0001,cosine,224,fc_only,weighted_cross_entropy,resnet18,imagenet,70,25,45,125,23,9,14,42,0.6086956521739131,0.5873015873015873,0.5818855326101704,0.7777777777777778,0.5,0.5,0.7777777777777778,0.6086956521739131,0.249032512307167,7,7,2,7,16,10142
1,2,lr_1em04_sched_cosine_img_224_ft_fc_only_loss_weighted_cross_entropy_444ada7645,0.0001,cosine,224,fc_only,weighted_cross_entropy,resnet18,imagenet,69,28,41,125,24,6,18,42,0.7916666666666666,0.5185185185185186,0.4942225458243765,0.5,0.8888888888888888,0.6,0.5,0.5454545454545454,0.4293974637985229,16,2,3,3,4,10242
1,3,lr_1em04_sched_cosine_img_224_ft_fc_only_loss_weighted_cross_entropy_444ada7645,0.0001,cosine,224,fc_only,weighted_cross_entropy,resnet18,imagenet,70,28,42,127,23,6,17,40,0.3043478260869565,0.2647058823529412,0.2142306523885471,1.0,0.0588235294117647,0.2727272727272727,1.0,0.4285714285714285,0.1197132021188736,1,16,0,6,3,10342
1,4,lr_1em04_sched_cosine_img_224_ft_fc_only_loss_weighted_cross_entropy_444ada7645,0.0001,cosine,224,fc_only,weighted_cross_entropy,resnet18,imagenet,70,21,49,124,23,13,10,43,0.6086956521739131,0.5230769230769231,0.6698443784121533,0.3846153846153846,0.9,0.8333333333333334,0.3846153846153846,0.5263157894736842,0.7673284411430359,9,1,8,5,2,10442
1,1,lr_1em04_sched_cosine_img_224_ft_fc_only_loss_focal_410b517dba,0.0001,cosine,224,fc_only,focal,resnet18,imagenet,70,25,45,125,23,9,14,42,0.6086956521739131,0.5873015873015873,0.5818855326101704,0.7777777777777778,0.5,0.5,0.7777777777777778,0.6086956521739131,0.3803676962852478,7,7,2,7,17,10142
1,2,lr_1em04_sched_cosine_img_224_ft_fc_only_loss_focal_410b517dba,0.0001,cosine,224,fc_only,focal,resnet18,imagenet,69,28,41,125,24,6,18,42,0.7916666666666666,0.5185185185185186,0.4942225458243765,0.5,0.8888888888888888,0.6,0.5,0.5454545454545454,0.4393907487392425,16,2,3,3,4,10242
1,3,lr_1em04_sched_cosine_img_224_ft_fc_only_loss_focal_410b517dba,0.0001,cosine,224,fc_only,focal,resnet18,imagenet,70,28,42,127,23,6,17,40,0.2608695652173913,0.2647058823529412,0.2178099233591224,1.0,0.0,0.2608695652173913,1.0,0.4137931034482758,0.1154278069734573,0,17,0,6,3,10342
1,4,lr_1em04_sched_cosine_img_224_ft_fc_only_loss_focal_410b517dba,0.0001,cosine,224,fc_only,focal,resnet18,imagenet,70,21,49,124,23,13,10,43,0.6086956521739131,0.5307692307692308,0.6718206629971337,0.3846153846153846,0.9,0.8333333333333334,0.3846153846153846,0.5263157894736842,0.7178069353103638,9,1,8,5,2,10442
1,1,lr_1em04_sched_cosine_img_224_ft_layer4_fc_loss_weighted_cross_entropy_68e86ebf06,0.0001,cosine,224,layer4_fc,weighted_cross_entropy,resnet18,imagenet,70,25,45,125,23,9,14,42,0.8695652173913043,0.7936507936507937,0.6918239225514768,0.7777777777777778,0.9285714285714286,0.875,0.7777777777777778,0.8235294117647058,0.1915054321289062,13,1,2,7,12,10142
1,2,lr_1em04_sched_cosine_img_224_ft_layer4_fc_loss_weighted_cross_entropy_68e86ebf06,0.0001,cosine,224,layer4_fc,weighted_cross_entropy,resnet18,imagenet,69,28,41,125,24,6,18,42,0.875,0.8055555555555556,0.6623015873015873,0.6666666666666666,0.9444444444444444,0.8,0.6666666666666666,0.7272727272727273,0.8456432819366455,17,1,2,4,3,10242
1,3,lr_1em04_sched_cosine_img_224_ft_layer4_fc_loss_weighted_cross_entropy_68e86ebf06,0.0001,cosine,224,layer4_fc,weighted_cross_entropy,resnet18,imagenet,70,28,42,127,23,6,17,40,0.9565217391304348,0.9411764705882352,0.9166666666666666,0.8333333333333334,1.0,1.0,0.8333333333333334,0.9090909090909092,0.3697663843631744,17,0,1,5,9,10342
1,4,lr_1em04_sched_cosine_img_224_ft_layer4_fc_loss_weighted_cross_entropy_68e86ebf06,0.0001,cosine,224,layer4_fc,weighted_cross_entropy,resnet18,imagenet,70,21,49,124,23,13,10,43,0.8260869565217391,0.8307692307692307,0.8194157150039503,1.0,0.6,0.7647058823529411,1.0,0.8666666666666667,0.7559198141098022,6,4,0,13,2,10442
1,1,lr_1em04_sched_cosine_img_224_ft_layer4_fc_loss_focal_8eca8245ec,0.0001,cosine,224,layer4_fc,focal,resnet18,imagenet,70,25,45,125,23,9,14,42,0.6956521739130435,0.753968253968254,0.6584642209642211,1.0,0.5,0.5625,1.0,0.72,0.0829650685191154,7,7,0,9,14,10142
1,2,lr_1em04_sched_cosine_img_224_ft_layer4_fc_loss_focal_8eca8245ec,0.0001,cosine,224,layer4_fc,focal,resnet18,imagenet,69,28,41,125,24,6,18,42,0.8333333333333334,0.9074074074074074,0.7402777777777778,1.0,0.7777777777777778,0.6,1.0,0.75,0.8363332152366638,14,4,0,6,3,10242
1,3,lr_1em04_sched_cosine_img_224_ft_layer4_fc_loss_focal_8eca8245ec,0.0001,cosine,224,layer4_fc,focal,resnet18,imagenet,70,28,42,127,23,6,17,40,0.2608695652173913,0.5,0.2608695652173913,1.0,0.0,0.2608695652173913,1.0,0.4137931034482758,0.0,0,17,0,6,2,10342
1,4,lr_1em04_sched_cosine_img_224_ft_layer4_fc_loss_focal_8eca8245ec,0.0001,cosine,224,layer4_fc,focal,resnet18,imagenet,70,21,49,124,23,13,10,43,0.8260869565217391,0.7846153846153846,0.775260084309858,1.0,0.6,0.7647058823529411,1.0,0.8666666666666667,0.8522841930389404,6,4,0,13,2,10442
1,1,lr_1em04_sched_cosine_img_224_ft_layer3_layer4_fc_loss_weighted_cross_entropy_691980fc50,0.0001,cosine,224,layer3_layer4_fc,weighted_cross_entropy,resnet18,imagenet,70,25,45,125,23,9,14,42,0.8260869565217391,0.7936507936507937,0.760825340237105,0.6666666666666666,0.9285714285714286,0.8571428571428571,0.6666666666666666,0.75,0.3947771787643432,13,1,3,6,11,10142
1,2,lr_1em04_sched_cosine_img_224_ft_layer3_layer4_fc_loss_weighted_cross_entropy_691980fc50,0.0001,cosine,224,layer3_layer4_fc,weighted_cross_entropy,resnet18,imagenet,69,28,41,125,24,6,18,42,0.9166666666666666,0.8240740740740741,0.7226190476190477,0.8333333333333334,0.9444444444444444,0.8333333333333334,0.8333333333333334,0.8333333333333334,0.4669869542121887,17,1,1,5,4,10242
1,3,lr_1em04_sched_cosine_img_224_ft_layer3_layer4_fc_loss_weighted_cross_entropy_691980fc50,0.0001,cosine,224,layer3_layer4_fc,weighted_cross_entropy,resnet18,imagenet,70,28,42,127,23,6,17,40,0.6521739130434783,0.7156862745098039,0.5200396825396826,0.8333333333333334,0.5882352941176471,0.4166666666666667,0.8333333333333334,0.5555555555555556,0.2374716699123382,10,7,1,5,24,10342
1,4,lr_1em04_sched_cosine_img_224_ft_layer3_layer4_fc_loss_weighted_cross_entropy_691980fc50,0.0001,cosine,224,layer3_layer4_fc,weighted_cross_entropy,resnet18,imagenet,70,21,49,124,23,13,10,43,0.9130434782608696,0.8538461538461539,0.8053743265281726,0.9230769230769232,0.9,0.9230769230769232,0.9230769230769232,0.9230769230769232,0.4277419447898865,9,1,1,12,9,10442
1,1,lr_1em04_sched_cosine_img_224_ft_layer3_layer4_fc_loss_focal_26653f65da,0.0001,cosine,224,layer3_layer4_fc,focal,resnet18,imagenet,70,25,45,125,23,9,14,42,0.782608695652174,0.7936507936507936,0.688961038961039,0.8888888888888888,0.7142857142857143,0.6666666666666666,0.8888888888888888,0.7619047619047619,0.2934726476669311,10,4,1,8,16,10142
1,2,lr_1em04_sched_cosine_img_224_ft_layer3_layer4_fc_loss_focal_26653f65da,0.0001,cosine,224,layer3_layer4_fc,focal,resnet18,imagenet,69,28,41,125,24,6,18,42,0.8333333333333334,0.8055555555555556,0.5827380952380953,0.8333333333333334,0.8333333333333334,0.625,0.8333333333333334,0.7142857142857143,0.6847610473632812,15,3,1,5,4,10242
1,3,lr_1em04_sched_cosine_img_224_ft_layer3_layer4_fc_loss_focal_26653f65da,0.0001,cosine,224,layer3_layer4_fc,focal,resnet18,imagenet,70,28,42,127,23,6,17,40,0.7391304347826086,0.8137254901960784,0.6590909090909091,1.0,0.6470588235294118,0.5,1.0,0.6666666666666666,0.18361796438694,11,6,0,6,13,10342
1,4,lr_1em04_sched_cosine_img_224_ft_layer3_layer4_fc_loss_focal_26653f65da,0.0001,cosine,224,layer3_layer4_fc,focal,resnet18,imagenet,70,21,49,124,23,13,10,43,0.8695652173913043,0.8769230769230769,0.9149000572077493,0.9230769230769232,0.8,0.8571428571428571,0.9230769230769232,0.8888888888888888,0.3097655475139618,8,2,1,12,22,10442
1,1,lr_1em04_sched_cosine_img_224_ft_full_loss_weighted_cross_entropy_76e3fcc61d,0.0001,cosine,224,full,weighted_cross_entropy,resnet18,imagenet,70,25,45,125,23,9,14,42,0.782608695652174,0.7777777777777778,0.7293650793650794,0.7777777777777778,0.7857142857142857,0.7,0.7777777777777778,0.7368421052631579,0.2797371745109558,11,3,2,7,12,10142
1,2,lr_1em04_sched_cosine_img_224_ft_full_loss_weighted_cross_entropy_76e3fcc61d,0.0001,cosine,224,full,weighted_cross_entropy,resnet18,imagenet,69,28,41,125,24,6,18,42,0.8333333333333334,0.8148148148148149,0.648611111111111,0.8333333333333334,0.8333333333333334,0.625,0.8333333333333334,0.7142857142857143,0.213758498430252,15,3,1,5,5,10242
1,3,lr_1em04_sched_cosine_img_224_ft_full_loss_weighted_cross_entropy_76e3fcc61d,0.0001,cosine,224,full,weighted_cross_entropy,resnet18,imagenet,70,28,42,127,23,6,17,40,0.8695652173913043,0.7941176470588235,0.6627136752136752,0.6666666666666666,0.9411764705882352,0.8,0.6666666666666666,0.7272727272727273,0.55312180519104,16,1,2,4,9,10342
1,4,lr_1em04_sched_cosine_img_224_ft_full_loss_weighted_cross_entropy_76e3fcc61d,0.0001,cosine,224,full,weighted_cross_entropy,resnet18,imagenet,70,21,49,124,23,13,10,43,0.9130434782608696,0.9307692307692308,0.9516197477735936,0.9230769230769232,0.9,0.9230769230769232,0.9230769230769232,0.9230769230769232,0.1442206054925918,9,1,1,12,6,10442
1,1,lr_1em04_sched_cosine_img_224_ft_full_loss_focal_13433d0a9c,0.0001,cosine,224,full,focal,resnet18,imagenet,70,25,45,125,23,9,14,42,0.6956521739130435,0.6904761904761905,0.6630511463844797,0.6666666666666666,0.7142857142857143,0.6,0.6666666666666666,0.631578947368421,0.3156227171421051,10,4,3,6,2,10142
1,2,lr_1em04_sched_cosine_img_224_ft_full_loss_focal_13433d0a9c,0.0001,cosine,224,full,focal,resnet18,imagenet,69,28,41,125,24,6,18,42,0.7916666666666666,0.8518518518518519,0.7467592592592592,0.8333333333333334,0.7777777777777778,0.5555555555555556,0.8333333333333334,0.6666666666666666,0.3438871800899505,14,4,1,5,11,10242
1,3,lr_1em04_sched_cosine_img_224_ft_full_loss_focal_13433d0a9c,0.0001,cosine,224,full,focal,resnet18,imagenet,70,28,42,127,23,6,17,40,0.782608695652174,0.8431372549019607,0.5680916305916306,1.0,0.7058823529411765,0.5454545454545454,1.0,0.7058823529411765,0.5984000563621521,12,5,0,6,19,10342
1,4,lr_1em04_sched_cosine_img_224_ft_full_loss_focal_13433d0a9c,0.0001,cosine,224,full,focal,resnet18,imagenet,70,21,49,124,23,13,10,43,0.782608695652174,0.8076923076923077,0.8098300993811831,0.6923076923076923,0.9,0.9,0.6923076923076923,0.782608695652174,0.5442742705345154,9,1,4,9,24,10442
1,1,lr_1em04_sched_cosine_img_320_ft_fc_only_loss_weighted_cross_entropy_ac7cf43cc1,0.0001,cosine,320,fc_only,weighted_cross_entropy,resnet18,imagenet,70,25,45,125,23,9,14,42,0.5652173913043478,0.4047619047619047,0.3859105199684909,0.4444444444444444,0.6428571428571429,0.4444444444444444,0.4444444444444444,0.4444444444444444,0.4730240702629089,9,5,5,4,7,10142
1,2,lr_1em04_sched_cosine_img_320_ft_fc_only_loss_weighted_cross_entropy_ac7cf43cc1,0.0001,cosine,320,fc_only,weighted_cross_entropy,resnet18,imagenet,69,28,41,125,24,6,18,42,0.5833333333333334,0.5092592592592593,0.2765139751552795,0.6666666666666666,0.5555555555555556,0.3333333333333333,0.6666666666666666,0.4444444444444444,0.4149361848831177,10,8,2,4,4,10242
1,3,lr_1em04_sched_cosine_img_320_ft_fc_only_loss_weighted_cross_entropy_ac7cf43cc1,0.0001,cosine,320,fc_only,weighted_cross_entropy,resnet18,imagenet,70,28,42,127,23,6,17,40,0.5652173913043478,0.4509803921568627,0.2809406035950658,0.6666666666666666,0.5294117647058824,0.3333333333333333,0.6666666666666666,0.4444444444444444,0.1723764687776565,9,8,2,4,14,10342
1,4,lr_1em04_sched_cosine_img_320_ft_fc_only_loss_weighted_cross_entropy_ac7cf43cc1,0.0001,cosine,320,fc_only,weighted_cross_entropy,resnet18,imagenet,70,21,49,124,23,13,10,43,0.782608695652174,0.7076923076923076,0.702643937259322,0.9230769230769232,0.6,0.75,0.9230769230769232,0.8275862068965517,0.326900839805603,6,4,1,12,12,10442
1,1,lr_1em04_sched_cosine_img_320_ft_fc_only_loss_focal_a2392d1b17,0.0001,cosine,320,fc_only,focal,resnet18,imagenet,70,25,45,125,23,9,14,42,0.5652173913043478,0.3968253968253968,0.3834595395763341,0.4444444444444444,0.6428571428571429,0.4444444444444444,0.4444444444444444,0.4444444444444444,0.4455273449420929,9,5,5,4,7,10142
1,2,lr_1em04_sched_cosine_img_320_ft_fc_only_loss_focal_a2392d1b17,0.0001,cosine,320,fc_only,focal,resnet18,imagenet,69,28,41,125,24,6,18,42,0.5833333333333334,0.5,0.2705615942028986,0.6666666666666666,0.5555555555555556,0.3333333333333333,0.6666666666666666,0.4444444444444444,0.3754414319992065,10,8,2,4,4,10242
1,3,lr_1em04_sched_cosine_img_320_ft_fc_only_loss_focal_a2392d1b17,0.0001,cosine,320,fc_only,focal,resnet18,imagenet,70,28,42,127,23,6,17,40,0.5217391304347826,0.4509803921568627,0.3052866279410902,0.6666666666666666,0.4705882352941176,0.3076923076923077,0.6666666666666666,0.4210526315789473,0.2137703001499176,8,9,2,4,12,10342
1,4,lr_1em04_sched_cosine_img_320_ft_fc_only_loss_focal_a2392d1b17,0.0001,cosine,320,fc_only,focal,resnet18,imagenet,70,21,49,124,23,13,10,43,0.7391304347826086,0.7153846153846154,0.7115247497600439,0.8461538461538461,0.6,0.7333333333333333,0.8461538461538461,0.7857142857142857,0.2728749513626098,6,4,2,11,16,10442
1,1,lr_1em04_sched_cosine_img_320_ft_layer4_fc_loss_weighted_cross_entropy_d1e124db05,0.0001,cosine,320,layer4_fc,weighted_cross_entropy,resnet18,imagenet,70,25,45,125,23,9,14,42,0.6521739130434783,0.753968253968254,0.7210168916051269,1.0,0.4285714285714285,0.5294117647058824,1.0,0.6923076923076923,0.1026130765676498,6,8,0,9,13,10142
1,2,lr_1em04_sched_cosine_img_320_ft_layer4_fc_loss_weighted_cross_entropy_d1e124db05,0.0001,cosine,320,layer4_fc,weighted_cross_entropy,resnet18,imagenet,69,28,41,125,24,6,18,42,0.7916666666666666,0.7222222222222223,0.4388749651907547,0.8333333333333334,0.7777777777777778,0.5555555555555556,0.8333333333333334,0.6666666666666666,0.2769205272197723,14,4,1,5,12,10242
1,3,lr_1em04_sched_cosine_img_320_ft_layer4_fc_loss_weighted_cross_entropy_d1e124db05,0.0001,cosine,320,layer4_fc,weighted_cross_entropy,resnet18,imagenet,70,28,42,127,23,6,17,40,0.8260869565217391,0.8627450980392157,0.6338675213675214,0.8333333333333334,0.8235294117647058,0.625,0.8333333333333334,0.7142857142857143,0.4739624857902527,14,3,1,5,9,10342
1,4,lr_1em04_sched_cosine_img_320_ft_layer4_fc_loss_weighted_cross_entropy_d1e124db05,0.0001,cosine,320,layer4_fc,weighted_cross_entropy,resnet18,imagenet,70,21,49,124,23,13,10,43,0.8695652173913043,0.7999999999999999,0.7777710537325924,1.0,0.7,0.8125,1.0,0.896551724137931,0.1412069797515869,7,3,0,13,19,10442
1,1,lr_1em04_sched_cosine_img_320_ft_layer4_fc_loss_focal_f702c93367,0.0001,cosine,320,layer4_fc,focal,resnet18,imagenet,70,25,45,125,23,9,14,42,0.8260869565217391,0.8492063492063492,0.6972934472934474,1.0,0.7142857142857143,0.6923076923076923,1.0,0.8181818181818182,0.3594043850898742,10,4,0,9,17,10142
1,2,lr_1em04_sched_cosine_img_320_ft_layer4_fc_loss_focal_f702c93367,0.0001,cosine,320,layer4_fc,focal,resnet18,imagenet,69,28,41,125,24,6,18,42,0.875,0.8333333333333334,0.6426587301587301,0.8333333333333334,0.8888888888888888,0.7142857142857143,0.8333333333333334,0.7692307692307693,0.6757210493087769,16,2,1,5,1,10242
1,3,lr_1em04_sched_cosine_img_320_ft_layer4_fc_loss_focal_f702c93367,0.0001,cosine,320,layer4_fc,focal,resnet18,imagenet,70,28,42,127,23,6,17,40,0.782608695652174,0.803921568627451,0.562037037037037,0.8333333333333334,0.7647058823529411,0.5555555555555556,0.8333333333333334,0.6666666666666666,0.1705272942781448,13,4,1,5,6,10342
1,4,lr_1em04_sched_cosine_img_320_ft_layer4_fc_loss_focal_f702c93367,0.0001,cosine,320,layer4_fc,focal,resnet18,imagenet,70,21,49,124,23,13,10,43,0.8260869565217391,0.8769230769230769,0.9108326314208663,1.0,0.6,0.7647058823529411,1.0,0.8666666666666667,0.2190969586372375,6,4,0,13,23,10442
1,1,lr_1em04_sched_cosine_img_320_ft_layer3_layer4_fc_loss_weighted_cross_entropy_87bb184750,0.0001,cosine,320,layer3_layer4_fc,weighted_cross_entropy,resnet18,imagenet,70,25,45,125,23,9,14,42,0.8695652173913043,0.8333333333333334,0.8526315789473686,0.6666666666666666,1.0,1.0,0.6666666666666666,0.8,0.7776630520820618,14,0,3,6,14,10142
1,2,lr_1em04_sched_cosine_img_320_ft_layer3_layer4_fc_loss_weighted_cross_entropy_87bb184750,0.0001,cosine,320,layer3_layer4_fc,weighted_cross_entropy,resnet18,imagenet,69,28,41,125,24,6,18,42,0.9166666666666666,0.8518518518518519,0.7305555555555556,0.8333333333333334,0.9444444444444444,0.8333333333333334,0.8333333333333334,0.8333333333333334,0.720695972442627,17,1,1,5,2,10242
1,3,lr_1em04_sched_cosine_img_320_ft_layer3_layer4_fc_loss_weighted_cross_entropy_87bb184750,0.0001,cosine,320,layer3_layer4_fc,weighted_cross_entropy,resnet18,imagenet,70,28,42,127,23,6,17,40,0.8695652173913043,0.8333333333333334,0.5682539682539682,0.8333333333333334,0.8823529411764706,0.7142857142857143,0.8333333333333334,0.7692307692307693,0.4688959121704101,15,2,1,5,2,10342
1,4,lr_1em04_sched_cosine_img_320_ft_layer3_layer4_fc_loss_weighted_cross_entropy_87bb184750,0.0001,cosine,320,layer3_layer4_fc,weighted_cross_entropy,resnet18,imagenet,70,21,49,124,23,13,10,43,0.782608695652174,0.7923076923076923,0.8187149954118278,0.8461538461538461,0.7,0.7857142857142857,0.8461538461538461,0.8148148148148148,0.3785291612148285,7,3,2,11,13,10442
1,1,lr_1em04_sched_cosine_img_320_ft_layer3_layer4_fc_loss_focal_cc0803cc90,0.0001,cosine,320,layer3_layer4_fc,focal,resnet18,imagenet,70,25,45,125,23,9,14,42,0.8260869565217391,0.8095238095238095,0.7848324514991183,0.7777777777777778,0.8571428571428571,0.7777777777777778,0.7777777777777778,0.7777777777777778,0.4833283126354217,12,2,2,7,12,10142
1,2,lr_1em04_sched_cosine_img_320_ft_layer3_layer4_fc_loss_focal_cc0803cc90,0.0001,cosine,320,layer3_layer4_fc,focal,resnet18,imagenet,69,28,41,125,24,6,18,42,0.875,0.8703703703703705,0.6848595848595849,0.8333333333333334,0.8888888888888888,0.7142857142857143,0.8333333333333334,0.7692307692307693,0.6391132473945618,16,2,1,5,4,10242
1,3,lr_1em04_sched_cosine_img_320_ft_layer3_layer4_fc_loss_focal_cc0803cc90,0.0001,cosine,320,layer3_layer4_fc,focal,resnet18,imagenet,70,28,42,127,23,6,17,40,0.7391304347826086,0.7843137254901961,0.6151727357609711,0.8333333333333334,0.7058823529411765,0.5,0.8333333333333334,0.625,0.1792710721492767,12,5,1,5,5,10342
1,4,lr_1em04_sched_cosine_img_320_ft_layer3_layer4_fc_loss_focal_cc0803cc90,0.0001,cosine,320,layer3_layer4_fc,focal,resnet18,imagenet,70,21,49,124,23,13,10,43,0.7391304347826086,0.7461538461538462,0.7842536459201142,0.9230769230769232,0.5,0.7058823529411765,0.9230769230769232,0.8,0.2208256423473358,5,5,1,12,27,10442
1,1,lr_1em04_sched_cosine_img_320_ft_full_loss_weighted_cross_entropy_c4cc1f1985,0.0001,cosine,320,full,weighted_cross_entropy,resnet18,imagenet,70,25,45,125,23,9,14,42,0.7391304347826086,0.7222222222222222,0.5297899631232965,1.0,0.5714285714285714,0.6,1.0,0.75,0.3135634362697601,8,6,0,9,7,10142
1,2,lr_1em04_sched_cosine_img_320_ft_full_loss_weighted_cross_entropy_c4cc1f1985,0.0001,cosine,320,full,weighted_cross_entropy,resnet18,imagenet,69,28,41,125,24,6,18,42,0.7916666666666666,0.7685185185185185,0.5367063492063491,0.6666666666666666,0.8333333333333334,0.5714285714285714,0.6666666666666666,0.6153846153846154,0.2794278264045715,15,3,2,4,11,10242
1,3,lr_1em04_sched_cosine_img_320_ft_full_loss_weighted_cross_entropy_c4cc1f1985,0.0001,cosine,320,full,weighted_cross_entropy,resnet18,imagenet,70,28,42,127,23,6,17,40,0.782608695652174,0.8431372549019607,0.6835016835016835,1.0,0.7058823529411765,0.5454545454545454,1.0,0.7058823529411765,0.3485910594463348,12,5,0,6,7,10342
1,4,lr_1em04_sched_cosine_img_320_ft_full_loss_weighted_cross_entropy_c4cc1f1985,0.0001,cosine,320,full,weighted_cross_entropy,resnet18,imagenet,70,21,49,124,23,13,10,43,0.782608695652174,0.8307692307692307,0.86581511751195,0.8461538461538461,0.7,0.7857142857142857,0.8461538461538461,0.8148148148148148,0.1343009322881698,7,3,2,11,16,10442
1,1,lr_1em04_sched_cosine_img_320_ft_full_loss_focal_cae5e53d6e,0.0001,cosine,320,full,focal,resnet18,imagenet,70,25,45,125,23,9,14,42,0.8695652173913043,0.8492063492063493,0.8438764394646749,0.7777777777777778,0.9285714285714286,0.875,0.7777777777777778,0.8235294117647058,0.4159002900123596,13,1,2,7,21,10142
1,2,lr_1em04_sched_cosine_img_320_ft_full_loss_focal_cae5e53d6e,0.0001,cosine,320,full,focal,resnet18,imagenet,69,28,41,125,24,6,18,42,0.875,0.8888888888888888,0.6405122655122655,0.8333333333333334,0.8888888888888888,0.7142857142857143,0.8333333333333334,0.7692307692307693,0.245326817035675,16,2,1,5,9,10242
1,3,lr_1em04_sched_cosine_img_320_ft_full_loss_focal_cae5e53d6e,0.0001,cosine,320,full,focal,resnet18,imagenet,70,28,42,127,23,6,17,40,0.7391304347826086,0.8529411764705882,0.6805555555555555,1.0,0.6470588235294118,0.5,1.0,0.6666666666666666,0.3101457357406616,11,6,0,6,6,10342
1,4,lr_1em04_sched_cosine_img_320_ft_full_loss_focal_cae5e53d6e,0.0001,cosine,320,full,focal,resnet18,imagenet,70,21,49,124,23,13,10,43,0.8260869565217391,0.8153846153846154,0.8557331557331556,0.9230769230769232,0.7,0.8,0.9230769230769232,0.8571428571428571,0.3487559258937835,7,3,1,12,9,10442
1,1,lr_1em04_sched_none_img_224_ft_fc_only_loss_weighted_cross_entropy_471dbeb812,0.0001,none,224,fc_only,weighted_cross_entropy,resnet18,imagenet,70,25,45,125,23,9,14,42,0.6521739130434783,0.5873015873015873,0.5824553331799709,0.5555555555555556,0.7142857142857143,0.5555555555555556,0.5555555555555556,0.5555555555555556,0.3074278831481933,10,4,4,5,16,10142
1,2,lr_1em04_sched_none_img_224_ft_fc_only_loss_weighted_cross_entropy_471dbeb812,0.0001,none,224,fc_only,weighted_cross_entropy,resnet18,imagenet,69,28,41,125,24,6,18,42,0.8333333333333334,0.5277777777777777,0.5192225458243765,0.5,0.9444444444444444,0.75,0.5,0.6,0.3590477406978607,17,1,3,3,4,10242
1,3,lr_1em04_sched_none_img_224_ft_fc_only_loss_weighted_cross_entropy_471dbeb812,0.0001,none,224,fc_only,weighted_cross_entropy,resnet18,imagenet,70,28,42,127,23,6,17,40,0.2608695652173913,0.2450980392156862,0.2082861138353129,1.0,0.0,0.2608695652173913,1.0,0.4137931034482758,0.0831556171178817,0,17,0,6,3,10342
1,4,lr_1em04_sched_none_img_224_ft_fc_only_loss_weighted_cross_entropy_471dbeb812,0.0001,none,224,fc_only,weighted_cross_entropy,resnet18,imagenet,70,21,49,124,23,13,10,43,0.6086956521739131,0.5230769230769231,0.6698443784121533,0.3846153846153846,0.9,0.8333333333333334,0.3846153846153846,0.5263157894736842,0.7333707213401794,9,1,8,5,2,10442
1,1,lr_1em04_sched_none_img_224_ft_fc_only_loss_focal_dbe5706b7b,0.0001,none,224,fc_only,focal,resnet18,imagenet,70,25,45,125,23,9,14,42,0.6086956521739131,0.6031746031746031,0.592161221833228,0.7777777777777778,0.5,0.5,0.7777777777777778,0.6086956521739131,0.3784727752208709,7,7,2,7,17,10142
1,2,lr_1em04_sched_none_img_224_ft_fc_only_loss_focal_dbe5706b7b,0.0001,none,224,fc_only,focal,resnet18,imagenet,69,28,41,125,24,6,18,42,0.7916666666666666,0.5185185185185186,0.4942225458243765,0.5,0.8888888888888888,0.6,0.5,0.5454545454545454,0.4123008251190185,16,2,3,3,4,10242
1,3,lr_1em04_sched_none_img_224_ft_fc_only_loss_focal_dbe5706b7b,0.0001,none,224,fc_only,focal,resnet18,imagenet,70,28,42,127,23,6,17,40,0.2608695652173913,0.2450980392156862,0.2082861138353129,1.0,0.0,0.2608695652173913,1.0,0.4137931034482758,0.0903971418738365,0,17,0,6,3,10342
1,4,lr_1em04_sched_none_img_224_ft_fc_only_loss_focal_dbe5706b7b,0.0001,none,224,fc_only,focal,resnet18,imagenet,70,21,49,124,23,13,10,43,0.6086956521739131,0.5230769230769231,0.6698443784121533,0.3846153846153846,0.9,0.8333333333333334,0.3846153846153846,0.5263157894736842,0.7311263084411621,9,1,8,5,2,10442
1,1,lr_1em04_sched_none_img_224_ft_layer4_fc_loss_weighted_cross_entropy_20e90af686,0.0001,none,224,layer4_fc,weighted_cross_entropy,resnet18,imagenet,70,25,45,125,23,9,14,42,0.7391304347826086,0.753968253968254,0.6777176527176527,0.7777777777777778,0.7142857142857143,0.6363636363636364,0.7777777777777778,0.7,0.0753698423504829,10,4,2,7,9,10142
1,2,lr_1em04_sched_none_img_224_ft_layer4_fc_loss_weighted_cross_entropy_20e90af686,0.0001,none,224,layer4_fc,weighted_cross_entropy,resnet18,imagenet,69,28,41,125,24,6,18,42,0.8333333333333334,0.8518518518518519,0.5656084656084656,1.0,0.7777777777777778,0.6,1.0,0.75,0.2921760380268097,14,4,0,6,10,10242
1,3,lr_1em04_sched_none_img_224_ft_layer4_fc_loss_weighted_cross_entropy_20e90af686,0.0001,none,224,layer4_fc,weighted_cross_entropy,resnet18,imagenet,70,28,42,127,23,6,17,40,0.8260869565217391,0.8431372549019607,0.754656862745098,0.8333333333333334,0.8235294117647058,0.625,0.8333333333333334,0.7142857142857143,0.341445118188858,14,3,1,5,25,10342
1,4,lr_1em04_sched_none_img_224_ft_layer4_fc_loss_weighted_cross_entropy_20e90af686,0.0001,none,224,layer4_fc,weighted_cross_entropy,resnet18,imagenet,70,21,49,124,23,13,10,43,0.782608695652174,0.8846153846153846,0.9216440422322774,0.6153846153846154,1.0,1.0,0.6153846153846154,0.7619047619047619,0.3968588411808014,10,0,5,8,23,10442
1,1,lr_1em04_sched_none_img_224_ft_layer4_fc_loss_focal_89249d0ccb,0.0001,none,224,layer4_fc,focal,resnet18,imagenet,70,25,45,125,23,9,14,42,0.782608695652174,0.7619047619047619,0.7243487506645403,0.5555555555555556,0.9285714285714286,0.8333333333333334,0.5555555555555556,0.6666666666666666,0.4438491761684418,13,1,4,5,29,10142
1,2,lr_1em04_sched_none_img_224_ft_layer4_fc_loss_focal_89249d0ccb,0.0001,none,224,layer4_fc,focal,resnet18,imagenet,69,28,41,125,24,6,18,42,0.875,0.851851851851852,0.7857142857142858,0.8333333333333334,0.8888888888888888,0.7142857142857143,0.8333333333333334,0.7692307692307693,0.4789616763591766,16,2,1,5,4,10242
1,3,lr_1em04_sched_none_img_224_ft_layer4_fc_loss_focal_89249d0ccb,0.0001,none,224,layer4_fc,focal,resnet18,imagenet,70,28,42,127,23,6,17,40,0.782608695652174,0.7254901960784315,0.4839807852965747,0.6666666666666666,0.8235294117647058,0.5714285714285714,0.6666666666666666,0.6153846153846154,0.4473099708557129,14,3,2,4,12,10342
1,4,lr_1em04_sched_none_img_224_ft_layer4_fc_loss_focal_89249d0ccb,0.0001,none,224,layer4_fc,focal,resnet18,imagenet,70,21,49,124,23,13,10,43,0.8695652173913043,0.8307692307692307,0.8378302253302252,1.0,0.7,0.8125,1.0,0.896551724137931,0.2185132950544357,7,3,0,13,21,10442
1,1,lr_1em04_sched_none_img_224_ft_layer3_layer4_fc_loss_weighted_cross_entropy_024220f936,0.0001,none,224,layer3_layer4_fc,weighted_cross_entropy,resnet18,imagenet,70,25,45,125,23,9,14,42,0.6956521739130435,0.7857142857142857,0.7521164021164022,0.8888888888888888,0.5714285714285714,0.5714285714285714,0.8888888888888888,0.6956521739130435,0.2307138293981552,8,6,1,8,11,10142
1,2,lr_1em04_sched_none_img_224_ft_layer3_layer4_fc_loss_weighted_cross_entropy_024220f936,0.0001,none,224,layer3_layer4_fc,weighted_cross_entropy,resnet18,imagenet,69,28,41,125,24,6,18,42,0.875,0.7777777777777778,0.6514147688060732,0.8333333333333334,0.8888888888888888,0.7142857142857143,0.8333333333333334,0.7692307692307693,0.3645199537277221,16,2,1,5,5,10242
1,3,lr_1em04_sched_none_img_224_ft_layer3_layer4_fc_loss_weighted_cross_entropy_024220f936,0.0001,none,224,layer3_layer4_fc,weighted_cross_entropy,resnet18,imagenet,70,28,42,127,23,6,17,40,0.6521739130434783,0.7745098039215687,0.5332972582972583,1.0,0.5294117647058824,0.4285714285714285,1.0,0.6,0.1048604995012283,9,8,0,6,21,10342
1,4,lr_1em04_sched_none_img_224_ft_layer3_layer4_fc_loss_weighted_cross_entropy_024220f936,0.0001,none,224,layer3_layer4_fc,weighted_cross_entropy,resnet18,imagenet,70,21,49,124,23,13,10,43,0.8260869565217391,0.8307692307692308,0.8858258705248669,0.8461538461538461,0.8,0.8461538461538461,0.8461538461538461,0.8461538461538461,0.3487776517868042,8,2,2,11,7,10442
1,1,lr_1em04_sched_none_img_224_ft_layer3_layer4_fc_loss_focal_7009f53a4e,0.0001,none,224,layer3_layer4_fc,focal,resnet18,imagenet,70,25,45,125,23,9,14,42,0.6956521739130435,0.753968253968254,0.7001543209876544,1.0,0.5,0.5625,1.0,0.72,0.0762000381946563,7,7,0,9,9,10142
1,2,lr_1em04_sched_none_img_224_ft_layer3_layer4_fc_loss_focal_7009f53a4e,0.0001,none,224,layer3_layer4_fc,focal,resnet18,imagenet,69,28,41,125,24,6,18,42,0.875,0.8611111111111112,0.6384920634920634,0.8333333333333334,0.8888888888888888,0.7142857142857143,0.8333333333333334,0.7692307692307693,0.3618732690811157,16,2,1,5,5,10242
1,3,lr_1em04_sched_none_img_224_ft_layer3_layer4_fc_loss_focal_7009f53a4e,0.0001,none,224,layer3_layer4_fc,focal,resnet18,imagenet,70,28,42,127,23,6,17,40,0.782608695652174,0.8235294117647058,0.7384259259259259,0.8333333333333334,0.7647058823529411,0.5555555555555556,0.8333333333333334,0.6666666666666666,0.4460698366165161,13,4,1,5,16,10342
1,4,lr_1em04_sched_none_img_224_ft_layer3_layer4_fc_loss_focal_7009f53a4e,0.0001,none,224,layer3_layer4_fc,focal,resnet18,imagenet,70,21,49,124,23,13,10,43,0.8695652173913043,0.7999999999999999,0.7711635586635586,1.0,0.7,0.8125,1.0,0.896551724137931,0.2463822662830352,7,3,0,13,11,10442
1,1,lr_1em04_sched_none_img_224_ft_full_loss_weighted_cross_entropy_1a9f8948b1,0.0001,none,224,full,weighted_cross_entropy,resnet18,imagenet,70,25,45,125,23,9,14,42,0.8260869565217391,0.7936507936507936,0.7582010582010583,0.6666666666666666,0.9285714285714286,0.8571428571428571,0.6666666666666666,0.75,0.0210169199854135,13,1,3,6,12,10142
1,2,lr_1em04_sched_none_img_224_ft_full_loss_weighted_cross_entropy_1a9f8948b1,0.0001,none,224,full,weighted_cross_entropy,resnet18,imagenet,69,28,41,125,24,6,18,42,0.7083333333333334,0.8611111111111112,0.7443473193473193,1.0,0.6111111111111112,0.4615384615384615,1.0,0.631578947368421,0.1289758831262588,11,7,0,6,24,10242
1,3,lr_1em04_sched_none_img_224_ft_full_loss_weighted_cross_entropy_1a9f8948b1,0.0001,none,224,full,weighted_cross_entropy,resnet18,imagenet,70,28,42,127,23,6,17,40,0.8260869565217391,0.7549019607843137,0.4637838468720822,0.8333333333333334,0.8235294117647058,0.625,0.8333333333333334,0.7142857142857143,0.2157173305749893,14,3,1,5,10,10342
1,4,lr_1em04_sched_none_img_224_ft_full_loss_weighted_cross_entropy_1a9f8948b1,0.0001,none,224,full,weighted_cross_entropy,resnet18,imagenet,70,21,49,124,23,13,10,43,0.8260869565217391,0.8846153846153846,0.9146787852670204,0.9230769230769232,0.7,0.8,0.9230769230769232,0.8571428571428571,0.6622768640518188,7,3,1,12,3,10442
1,1,lr_1em04_sched_none_img_224_ft_full_loss_focal_9957d5753e,0.0001,none,224,full,focal,resnet18,imagenet,70,25,45,125,23,9,14,42,0.782608695652174,0.8412698412698413,0.816088486676722,0.7777777777777778,0.7857142857142857,0.7,0.7777777777777778,0.7368421052631579,0.3871108889579773,11,3,2,7,20,10142
1,2,lr_1em04_sched_none_img_224_ft_full_loss_focal_9957d5753e,0.0001,none,224,full,focal,resnet18,imagenet,69,28,41,125,24,6,18,42,0.9166666666666666,0.8518518518518519,0.6504901960784314,0.8333333333333334,0.9444444444444444,0.8333333333333334,0.8333333333333334,0.8333333333333334,0.2889999449253082,17,1,1,5,11,10242
1,3,lr_1em04_sched_none_img_224_ft_full_loss_focal_9957d5753e,0.0001,none,224,full,focal,resnet18,imagenet,70,28,42,127,23,6,17,40,0.6521739130434783,0.7058823529411765,0.4694444444444444,0.8333333333333334,0.5882352941176471,0.4166666666666667,0.8333333333333334,0.5555555555555556,0.3326359689235687,10,7,1,5,12,10342
1,4,lr_1em04_sched_none_img_224_ft_full_loss_focal_9957d5753e,0.0001,none,224,full,focal,resnet18,imagenet,70,21,49,124,23,13,10,43,0.782608695652174,0.7769230769230769,0.7923808647492858,0.7692307692307693,0.8,0.8333333333333334,0.7692307692307693,0.8,0.3150954246520996,8,2,3,10,10,10442
1,1,lr_1em04_sched_none_img_320_ft_fc_only_loss_weighted_cross_entropy_120ca1f841,0.0001,none,320,fc_only,weighted_cross_entropy,resnet18,imagenet,70,25,45,125,23,9,14,42,0.5217391304347826,0.4285714285714285,0.3873655464235174,0.6666666666666666,0.4285714285714285,0.4285714285714285,0.6666666666666666,0.5217391304347826,0.2728231549263,6,8,3,6,7,10142
1,2,lr_1em04_sched_none_img_320_ft_fc_only_loss_weighted_cross_entropy_120ca1f841,0.0001,none,320,fc_only,weighted_cross_entropy,resnet18,imagenet,69,28,41,125,24,6,18,42,0.625,0.5092592592592593,0.2872296848841471,0.6666666666666666,0.6111111111111112,0.3636363636363636,0.6666666666666666,0.4705882352941176,0.4477394819259643,11,7,2,4,4,10242
1,3,lr_1em04_sched_none_img_320_ft_fc_only_loss_weighted_cross_entropy_120ca1f841,0.0001,none,320,fc_only,weighted_cross_entropy,resnet18,imagenet,70,28,42,127,23,6,17,40,0.6521739130434783,0.5,0.3122310723855346,0.5,0.7058823529411765,0.375,0.5,0.4285714285714285,0.3353396654129028,12,5,3,3,29,10342
1,4,lr_1em04_sched_none_img_320_ft_fc_only_loss_weighted_cross_entropy_120ca1f841,0.0001,none,320,fc_only,weighted_cross_entropy,resnet18,imagenet,70,21,49,124,23,13,10,43,0.782608695652174,0.7076923076923076,0.702643937259322,0.9230769230769232,0.6,0.75,0.9230769230769232,0.8275862068965517,0.2646649479866028,6,4,1,12,12,10442
1,1,lr_1em04_sched_none_img_320_ft_fc_only_loss_focal_2cd089706b,0.0001,none,320,fc_only,focal,resnet18,imagenet,70,25,45,125,23,9,14,42,0.5217391304347826,0.3968253968253968,0.3665542589455633,0.5555555555555556,0.5,0.4166666666666667,0.5555555555555556,0.4761904761904761,0.359743595123291,7,7,4,5,6,10142
1,2,lr_1em04_sched_none_img_320_ft_fc_only_loss_focal_2cd089706b,0.0001,none,320,fc_only,focal,resnet18,imagenet,69,28,41,125,24,6,18,42,0.625,0.4907407407407407,0.2812528115159694,0.5,0.6666666666666666,0.3333333333333333,0.5,0.4,0.5099438428878784,12,6,3,3,3,10242
1,3,lr_1em04_sched_none_img_320_ft_fc_only_loss_focal_2cd089706b,0.0001,none,320,fc_only,focal,resnet18,imagenet,70,28,42,127,23,6,17,40,0.6521739130434783,0.4607843137254902,0.2938750862663906,0.3333333333333333,0.7647058823529411,0.3333333333333333,0.3333333333333333,0.3333333333333333,0.4410454332828522,13,4,4,2,27,10342
1,4,lr_1em04_sched_none_img_320_ft_fc_only_loss_focal_2cd089706b,0.0001,none,320,fc_only,focal,resnet18,imagenet,70,21,49,124,23,13,10,43,0.7391304347826086,0.7153846153846154,0.7162408669761611,0.9230769230769232,0.5,0.7058823529411765,0.9230769230769232,0.8,0.4750826954841614,5,5,1,12,13,10442
1,1,lr_1em04_sched_none_img_320_ft_layer4_fc_loss_weighted_cross_entropy_846efdc675,0.0001,none,320,layer4_fc,weighted_cross_entropy,resnet18,imagenet,70,25,45,125,23,9,14,42,0.8695652173913043,0.8095238095238095,0.8346828609986505,0.6666666666666666,1.0,1.0,0.6666666666666666,0.8,0.2628354728221893,14,0,3,6,18,10142
1,2,lr_1em04_sched_none_img_320_ft_layer4_fc_loss_weighted_cross_entropy_846efdc675,0.0001,none,320,layer4_fc,weighted_cross_entropy,resnet18,imagenet,69,28,41,125,24,6,18,42,0.8333333333333334,0.8796296296296298,0.750534188034188,0.8333333333333334,0.8333333333333334,0.625,0.8333333333333334,0.7142857142857143,0.8686249256134033,15,3,1,5,4,10242
1,3,lr_1em04_sched_none_img_320_ft_layer4_fc_loss_weighted_cross_entropy_846efdc675,0.0001,none,320,layer4_fc,weighted_cross_entropy,resnet18,imagenet,70,28,42,127,23,6,17,40,0.9130434782608696,0.892156862745098,0.6218253968253968,1.0,0.8823529411764706,0.75,1.0,0.8571428571428571,0.3608254492282867,15,2,0,6,14,10342
1,4,lr_1em04_sched_none_img_320_ft_layer4_fc_loss_weighted_cross_entropy_846efdc675,0.0001,none,320,layer4_fc,weighted_cross_entropy,resnet18,imagenet,70,21,49,124,23,13,10,43,0.8260869565217391,0.8461538461538461,0.8669376375258726,0.9230769230769232,0.7,0.8,0.9230769230769232,0.8571428571428571,0.0589474625885486,7,3,1,12,14,10442
1,1,lr_1em04_sched_none_img_320_ft_layer4_fc_loss_focal_12752ae693,0.0001,none,320,layer4_fc,focal,resnet18,imagenet,70,25,45,125,23,9,14,42,0.7391304347826086,0.7777777777777778,0.6931938431938431,0.7777777777777778,0.7142857142857143,0.6363636363636364,0.7777777777777778,0.7,0.3162291646003723,10,4,2,7,30,10142
1,2,lr_1em04_sched_none_img_320_ft_layer4_fc_loss_focal_12752ae693,0.0001,none,320,layer4_fc,focal,resnet18,imagenet,69,28,41,125,24,6,18,42,0.625,0.7777777777777778,0.6268518518518518,1.0,0.5,0.4,1.0,0.5714285714285714,0.2525513768196106,9,9,0,6,5,10242
1,3,lr_1em04_sched_none_img_320_ft_layer4_fc_loss_focal_12752ae693,0.0001,none,320,layer4_fc,focal,resnet18,imagenet,70,28,42,127,23,6,17,40,0.8695652173913043,0.9117647058823528,0.7513888888888888,1.0,0.8235294117647058,0.6666666666666666,1.0,0.8,0.4335363507270813,14,3,0,6,10,10342
1,4,lr_1em04_sched_none_img_320_ft_layer4_fc_loss_focal_12752ae693,0.0001,none,320,layer4_fc,focal,resnet18,imagenet,70,21,49,124,23,13,10,43,0.8260869565217391,0.8307692307692307,0.8554279054279053,0.9230769230769232,0.7,0.8,0.9230769230769232,0.8571428571428571,0.3283120393753052,7,3,1,12,14,10442
1,1,lr_1em04_sched_none_img_320_ft_layer3_layer4_fc_loss_weighted_cross_entropy_84e3553d1d,0.0001,none,320,layer3_layer4_fc,weighted_cross_entropy,resnet18,imagenet,70,25,45,125,23,9,14,42,0.782608695652174,0.8492063492063491,0.8268416768416769,1.0,0.6428571428571429,0.6428571428571429,1.0,0.782608695652174,0.2589455544948578,9,5,0,9,5,10142
1,2,lr_1em04_sched_none_img_320_ft_layer3_layer4_fc_loss_weighted_cross_entropy_84e3553d1d,0.0001,none,320,layer3_layer4_fc,weighted_cross_entropy,resnet18,imagenet,69,28,41,125,24,6,18,42,0.9166666666666666,0.7962962962962963,0.7788220551378446,0.6666666666666666,1.0,1.0,0.6666666666666666,0.8,0.8536604642868042,18,0,2,4,1,10242
1,3,lr_1em04_sched_none_img_320_ft_layer3_layer4_fc_loss_weighted_cross_entropy_84e3553d1d,0.0001,none,320,layer3_layer4_fc,weighted_cross_entropy,resnet18,imagenet,70,28,42,127,23,6,17,40,0.8260869565217391,0.7941176470588236,0.5479797979797979,0.6666666666666666,0.8823529411764706,0.6666666666666666,0.6666666666666666,0.6666666666666666,0.3052124083042145,15,2,2,4,8,10342
1,4,lr_1em04_sched_none_img_320_ft_layer3_layer4_fc_loss_weighted_cross_entropy_84e3553d1d,0.0001,none,320,layer3_layer4_fc,weighted_cross_entropy,resnet18,imagenet,70,21,49,124,23,13,10,43,0.9130434782608696,0.8461538461538463,0.8029933741472203,0.9230769230769232,0.9,0.9230769230769232,0.9230769230769232,0.9230769230769232,0.455887883901596,9,1,1,12,4,10442
1,1,lr_1em04_sched_none_img_320_ft_layer3_layer4_fc_loss_focal_789636f16b,0.0001,none,320,layer3_layer4_fc,focal,resnet18,imagenet,70,25,45,125,23,9,14,42,0.8695652173913043,0.873015873015873,0.7343795093795095,0.7777777777777778,0.9285714285714286,0.875,0.7777777777777778,0.8235294117647058,0.1521255820989608,13,1,2,7,2,10142
1,2,lr_1em04_sched_none_img_320_ft_layer3_layer4_fc_loss_focal_789636f16b,0.0001,none,320,layer3_layer4_fc,focal,resnet18,imagenet,69,28,41,125,24,6,18,42,0.75,0.7685185185185185,0.548015873015873,0.8333333333333334,0.7222222222222222,0.5,0.8333333333333334,0.625,0.7637190818786621,13,5,1,5,4,10242
1,3,lr_1em04_sched_none_img_320_ft_layer3_layer4_fc_loss_focal_789636f16b,0.0001,none,320,layer3_layer4_fc,focal,resnet18,imagenet,70,28,42,127,23,6,17,40,0.7391304347826086,0.7941176470588236,0.560515873015873,0.8333333333333334,0.7058823529411765,0.5,0.8333333333333334,0.625,0.2381069362163543,12,5,1,5,13,10342
1,4,lr_1em04_sched_none_img_320_ft_layer3_layer4_fc_loss_focal_789636f16b,0.0001,none,320,layer3_layer4_fc,focal,resnet18,imagenet,70,21,49,124,23,13,10,43,0.8260869565217391,0.8538461538461538,0.876322910372684,0.9230769230769232,0.7,0.8,0.9230769230769232,0.8571428571428571,0.4336499273777008,7,3,1,12,5,10442
1,1,lr_1em04_sched_none_img_320_ft_full_loss_weighted_cross_entropy_931a87fcf8,0.0001,none,320,full,weighted_cross_entropy,resnet18,imagenet,70,25,45,125,23,9,14,42,0.8260869565217391,0.8888888888888888,0.844559761226428,1.0,0.7142857142857143,0.6923076923076923,1.0,0.8181818181818182,0.3628519475460052,10,4,0,9,14,10142
1,2,lr_1em04_sched_none_img_320_ft_full_loss_weighted_cross_entropy_931a87fcf8,0.0001,none,320,full,weighted_cross_entropy,resnet18,imagenet,69,28,41,125,24,6,18,42,0.875,0.8425925925925927,0.7107142857142856,0.8333333333333334,0.8888888888888888,0.7142857142857143,0.8333333333333334,0.7692307692307693,0.582517147064209,16,2,1,5,6,10242
1,3,lr_1em04_sched_none_img_320_ft_full_loss_weighted_cross_entropy_931a87fcf8,0.0001,none,320,full,weighted_cross_entropy,resnet18,imagenet,70,28,42,127,23,6,17,40,0.6956521739130435,0.7745098039215687,0.5202020202020202,0.8333333333333334,0.6470588235294118,0.4545454545454545,0.8333333333333334,0.5882352941176471,0.1317599862813949,11,6,1,5,12,10342
1,4,lr_1em04_sched_none_img_320_ft_full_loss_weighted_cross_entropy_931a87fcf8,0.0001,none,320,full,weighted_cross_entropy,resnet18,imagenet,70,21,49,124,23,13,10,43,0.782608695652174,0.8615384615384616,0.899312012773551,0.6923076923076923,0.9,0.9,0.6923076923076923,0.782608695652174,0.5345695614814758,9,1,4,9,22,10442
1,1,lr_1em04_sched_none_img_320_ft_full_loss_focal_4f30fb3b6b,0.0001,none,320,full,focal,resnet18,imagenet,70,25,45,125,23,9,14,42,0.8260869565217391,0.8015873015873016,0.7983062688945042,0.5555555555555556,1.0,1.0,0.5555555555555556,0.7142857142857143,0.5638235807418823,14,0,4,5,15,10142
1,2,lr_1em04_sched_none_img_320_ft_full_loss_focal_4f30fb3b6b,0.0001,none,320,full,focal,resnet18,imagenet,69,28,41,125,24,6,18,42,0.8333333333333334,0.7962962962962963,0.5847222222222221,0.8333333333333334,0.8333333333333334,0.625,0.8333333333333334,0.7142857142857143,0.4184751510620117,15,3,1,5,8,10242
1,3,lr_1em04_sched_none_img_320_ft_full_loss_focal_4f30fb3b6b,0.0001,none,320,full,focal,resnet18,imagenet,70,28,42,127,23,6,17,40,0.8260869565217391,0.9019607843137254,0.7329365079365079,1.0,0.7647058823529411,0.6,1.0,0.75,0.4238302707672119,13,4,0,6,15,10342
1,4,lr_1em04_sched_none_img_320_ft_full_loss_focal_4f30fb3b6b,0.0001,none,320,full,focal,resnet18,imagenet,70,21,49,124,23,13,10,43,0.8260869565217391,0.8769230769230769,0.898723586619514,0.8461538461538461,0.8,0.8461538461538461,0.8461538461538461,0.8461538461538461,0.3089166283607483,8,2,2,11,16,10442
1,1,lr_1em03_sched_step_img_224_ft_fc_only_loss_weighted_cross_entropy_0b40563ccb,0.001,step,224,fc_only,weighted_cross_entropy,resnet18,imagenet,70,25,45,125,23,9,14,42,0.6086956521739131,0.6746031746031746,0.5944684944684944,1.0,0.3571428571428571,0.5,1.0,0.6666666666666666,0.3802962601184845,5,9,0,9,16,10142
1,2,lr_1em03_sched_step_img_224_ft_fc_only_loss_weighted_cross_entropy_0b40563ccb,0.001,step,224,fc_only,weighted_cross_entropy,resnet18,imagenet,69,28,41,125,24,6,18,42,0.75,0.5648148148148149,0.4497976968565204,0.5,0.8333333333333334,0.5,0.5,0.5,0.1751292198896408,15,3,3,3,4,10242
1,3,lr_1em03_sched_step_img_224_ft_fc_only_loss_weighted_cross_entropy_0b40563ccb,0.001,step,224,fc_only,weighted_cross_entropy,resnet18,imagenet,70,28,42,127,23,6,17,40,0.7391304347826086,0.4509803921568627,0.3091709015622059,0.1666666666666666,0.9411764705882352,0.5,0.1666666666666666,0.25,0.2503584921360016,16,1,5,1,14,10342
1,4,lr_1em03_sched_step_img_224_ft_fc_only_loss_weighted_cross_entropy_0b40563ccb,0.001,step,224,fc_only,weighted_cross_entropy,resnet18,imagenet,70,21,49,124,23,13,10,43,0.6956521739130435,0.676923076923077,0.6926673555335142,0.6153846153846154,0.8,0.8,0.6153846153846154,0.6956521739130435,0.304716408252716,8,2,5,8,26,10442
1,1,lr_1em03_sched_step_img_224_ft_fc_only_loss_focal_e3cf0822c5,0.001,step,224,fc_only,focal,resnet18,imagenet,70,25,45,125,23,9,14,42,0.6521739130434783,0.6666666666666666,0.6069217819217819,0.8888888888888888,0.5,0.5333333333333333,0.8888888888888888,0.6666666666666666,0.227796196937561,7,7,1,8,30,10142
1,2,lr_1em03_sched_step_img_224_ft_fc_only_loss_focal_e3cf0822c5,0.001,step,224,fc_only,focal,resnet18,imagenet,69,28,41,125,24,6,18,42,0.8333333333333334,0.5092592592592593,0.5031406501994737,0.3333333333333333,1.0,1.0,0.3333333333333333,0.5,0.2794528901576996,18,0,4,2,4,10242
1,3,lr_1em03_sched_step_img_224_ft_fc_only_loss_focal_e3cf0822c5,0.001,step,224,fc_only,focal,resnet18,imagenet,70,28,42,127,23,6,17,40,0.6956521739130435,0.3235294117647058,0.2928099233591224,0.3333333333333333,0.8235294117647058,0.4,0.3333333333333333,0.3636363636363636,0.3357400596141815,14,3,4,2,3,10342
1,4,lr_1em03_sched_step_img_224_ft_fc_only_loss_focal_e3cf0822c5,0.001,step,224,fc_only,focal,resnet18,imagenet,70,21,49,124,23,13,10,43,0.7391304347826086,0.7076923076923076,0.7031882449005574,0.6923076923076923,0.8,0.8181818181818182,0.6923076923076923,0.75,0.5581789612770081,8,2,4,9,12,10442
1,1,lr_1em03_sched_step_img_224_ft_layer4_fc_loss_weighted_cross_entropy_cb2ba33d1b,0.001,step,224,layer4_fc,weighted_cross_entropy,resnet18,imagenet,70,25,45,125,23,9,14,42,0.8695652173913043,0.9126984126984128,0.8409171075837745,1.0,0.7857142857142857,0.75,1.0,0.8571428571428571,0.9834871292114258,11,3,0,9,1,10142
1,2,lr_1em03_sched_step_img_224_ft_layer4_fc_loss_weighted_cross_entropy_cb2ba33d1b,0.001,step,224,layer4_fc,weighted_cross_entropy,resnet18,imagenet,69,28,41,125,24,6,18,42,0.7916666666666666,0.8148148148148149,0.6009259259259259,0.8333333333333334,0.7777777777777778,0.5555555555555556,0.8333333333333334,0.6666666666666666,0.0014833996538072,14,4,1,5,3,10242
1,3,lr_1em03_sched_step_img_224_ft_layer4_fc_loss_weighted_cross_entropy_cb2ba33d1b,0.001,step,224,layer4_fc,weighted_cross_entropy,resnet18,imagenet,70,28,42,127,23,6,17,40,0.782608695652174,0.8529411764705882,0.7483164983164983,1.0,0.7058823529411765,0.5454545454545454,1.0,0.7058823529411765,0.9752919673919678,12,5,0,6,3,10342
1,4,lr_1em03_sched_step_img_224_ft_layer4_fc_loss_weighted_cross_entropy_cb2ba33d1b,0.001,step,224,layer4_fc,weighted_cross_entropy,resnet18,imagenet,70,21,49,124,23,13,10,43,0.9130434782608696,0.9153846153846156,0.9053743265281726,0.9230769230769232,0.9,0.9230769230769232,0.9230769230769232,0.9230769230769232,0.109590046107769,9,1,1,12,3,10442
1,1,lr_1em03_sched_step_img_224_ft_layer4_fc_loss_focal_59cd78cb54,0.001,step,224,layer4_fc,focal,resnet18,imagenet,70,25,45,125,23,9,14,42,0.8260869565217391,0.8333333333333334,0.8306036069193965,0.5555555555555556,1.0,1.0,0.5555555555555556,0.7142857142857143,0.4163060784339905,14,0,4,5,5,10142
1,2,lr_1em03_sched_step_img_224_ft_layer4_fc_loss_focal_59cd78cb54,0.001,step,224,layer4_fc,focal,resnet18,imagenet,69,28,41,125,24,6,18,42,0.9166666666666666,0.8518518518518517,0.8531746031746033,0.8333333333333334,0.9444444444444444,0.8333333333333334,0.8333333333333334,0.8333333333333334,0.4698798358440399,17,1,1,5,21,10242
1,3,lr_1em03_sched_step_img_224_ft_layer4_fc_loss_focal_59cd78cb54,0.001,step,224,layer4_fc,focal,resnet18,imagenet,70,28,42,127,23,6,17,40,0.8695652173913043,0.803921568627451,0.7276315789473684,0.6666666666666666,0.9411764705882352,0.8,0.6666666666666666,0.7272727272727273,0.7763679623603821,16,1,2,4,4,10342
1,4,lr_1em03_sched_step_img_224_ft_layer4_fc_loss_focal_59cd78cb54,0.001,step,224,layer4_fc,focal,resnet18,imagenet,70,21,49,124,23,13,10,43,0.8260869565217391,0.8692307692307693,0.92341670395969,0.6923076923076923,1.0,1.0,0.6923076923076923,0.8181818181818182,0.5739494562149048,10,0,4,9,5,10442
1,1,lr_1em03_sched_step_img_224_ft_layer3_layer4_fc_loss_weighted_cross_entropy_219ed9e3e6,0.001,step,224,layer3_layer4_fc,weighted_cross_entropy,resnet18,imagenet,70,25,45,125,23,9,14,42,0.8695652173913043,0.9206349206349208,0.8845068511735179,0.8888888888888888,0.8571428571428571,0.8,0.8888888888888888,0.8421052631578947,0.2250649333000183,12,2,1,8,4,10142
1,2,lr_1em03_sched_step_img_224_ft_layer3_layer4_fc_loss_weighted_cross_entropy_219ed9e3e6,0.001,step,224,layer3_layer4_fc,weighted_cross_entropy,resnet18,imagenet,69,28,41,125,24,6,18,42,0.5416666666666666,0.6944444444444444,0.3529411764705882,1.0,0.3888888888888889,0.3529411764705882,1.0,0.5217391304347826,1.0,7,11,0,6,1,10242
1,3,lr_1em03_sched_step_img_224_ft_layer3_layer4_fc_loss_weighted_cross_entropy_219ed9e3e6,0.001,step,224,layer3_layer4_fc,weighted_cross_entropy,resnet18,imagenet,70,28,42,127,23,6,17,40,0.8695652173913043,0.931372549019608,0.8218253968253968,1.0,0.8235294117647058,0.6666666666666666,1.0,0.8,0.3288528025150299,14,3,0,6,21,10342
1,4,lr_1em03_sched_step_img_224_ft_layer3_layer4_fc_loss_weighted_cross_entropy_219ed9e3e6,0.001,step,224,layer3_layer4_fc,weighted_cross_entropy,resnet18,imagenet,70,21,49,124,23,13,10,43,0.8695652173913043,0.8769230769230769,0.8997919626878901,0.9230769230769232,0.8,0.8571428571428571,0.9230769230769232,0.8888888888888888,0.9641534090042114,8,2,1,12,1,10442
1,1,lr_1em03_sched_step_img_224_ft_layer3_layer4_fc_loss_focal_a50d7f940a,0.001,step,224,layer3_layer4_fc,focal,resnet18,imagenet,70,25,45,125,23,9,14,42,0.6956521739130435,0.6984126984126984,0.5786115119448453,0.8888888888888888,0.5714285714285714,0.5714285714285714,0.8888888888888888,0.6956521739130435,0.1516826003789901,8,6,1,8,2,10142
1,2,lr_1em03_sched_step_img_224_ft_layer3_layer4_fc_loss_focal_a50d7f940a,0.001,step,224,layer3_layer4_fc,focal,resnet18,imagenet,69,28,41,125,24,6,18,42,0.875,0.8425925925925927,0.7107142857142856,0.8333333333333334,0.8888888888888888,0.7142857142857143,0.8333333333333334,0.7692307692307693,0.4383041262626648,16,2,1,5,25,10242
1,3,lr_1em03_sched_step_img_224_ft_layer3_layer4_fc_loss_focal_a50d7f940a,0.001,step,224,layer3_layer4_fc,focal,resnet18,imagenet,70,28,42,127,23,6,17,40,0.782608695652174,0.892156862745098,0.764520202020202,1.0,0.7058823529411765,0.5454545454545454,1.0,0.7058823529411765,0.4698295891284942,12,5,0,6,4,10342
1,4,lr_1em03_sched_step_img_224_ft_layer3_layer4_fc_loss_focal_a50d7f940a,0.001,step,224,layer3_layer4_fc,focal,resnet18,imagenet,70,21,49,124,23,13,10,43,0.8260869565217391,0.8846153846153846,0.9194297380532196,0.8461538461538461,0.8,0.8461538461538461,0.8461538461538461,0.8461538461538461,0.3282706439495086,8,2,2,11,3,10442
1,1,lr_1em03_sched_step_img_224_ft_full_loss_weighted_cross_entropy_ecea878002,0.001,step,224,full,weighted_cross_entropy,resnet18,imagenet,70,25,45,125,23,9,14,42,0.782608695652174,0.873015873015873,0.8472120472120475,1.0,0.6428571428571429,0.6428571428571429,1.0,0.782608695652174,0.0511434935033321,9,5,0,9,5,10142
1,2,lr_1em03_sched_step_img_224_ft_full_loss_weighted_cross_entropy_ecea878002,0.001,step,224,full,weighted_cross_entropy,resnet18,imagenet,69,28,41,125,24,6,18,42,0.75,0.8518518518518519,0.6878306878306879,1.0,0.6666666666666666,0.5,1.0,0.6666666666666666,8.149250788846985e-05,12,6,0,6,2,10242
1,3,lr_1em03_sched_step_img_224_ft_full_loss_weighted_cross_entropy_ecea878002,0.001,step,224,full,weighted_cross_entropy,resnet18,imagenet,70,28,42,127,23,6,17,40,0.7391304347826086,0.8431372549019607,0.6878306878306878,1.0,0.6470588235294118,0.5,1.0,0.6666666666666666,0.4507361948490143,11,6,0,6,13,10342
1,4,lr_1em03_sched_step_img_224_ft_full_loss_weighted_cross_entropy_ecea878002,0.001,step,224,full,weighted_cross_entropy,resnet18,imagenet,70,21,49,124,23,13,10,43,0.8260869565217391,0.8615384615384616,0.8842796092796092,0.9230769230769232,0.7,0.8,0.9230769230769232,0.8571428571428571,0.0021522780880331,7,3,1,12,5,10442
1,1,lr_1em03_sched_step_img_224_ft_full_loss_focal_846bacb5ff,0.001,step,224,full,focal,resnet18,imagenet,70,25,45,125,23,9,14,42,0.8695652173913043,0.9047619047619048,0.900462962962963,0.7777777777777778,0.9285714285714286,0.875,0.7777777777777778,0.8235294117647058,0.4230038821697235,13,1,2,7,7,10142
1,2,lr_1em03_sched_step_img_224_ft_full_loss_focal_846bacb5ff,0.001,step,224,full,focal,resnet18,imagenet,69,28,41,125,24,6,18,42,0.8333333333333334,0.8611111111111112,0.7660714285714285,0.8333333333333334,0.8333333333333334,0.625,0.8333333333333334,0.7142857142857143,0.3631614446640014,15,3,1,5,27,10242
1,3,lr_1em03_sched_step_img_224_ft_full_loss_focal_846bacb5ff,0.001,step,224,full,focal,resnet18,imagenet,70,28,42,127,23,6,17,40,0.782608695652174,0.6666666666666666,0.4373015873015873,0.5,0.8823529411764706,0.6,0.5,0.5454545454545454,0.0123512037098407,15,2,3,3,2,10342
1,4,lr_1em03_sched_step_img_224_ft_full_loss_focal_846bacb5ff,0.001,step,224,full,focal,resnet18,imagenet,70,21,49,124,23,13,10,43,0.8260869565217391,0.7846153846153847,0.8304589702186955,0.7692307692307693,0.9,0.9090909090909092,0.7692307692307693,0.8333333333333334,0.3860231637954712,9,1,3,10,17,10442
1,1,lr_1em03_sched_step_img_320_ft_fc_only_loss_weighted_cross_entropy_02c83b04b9,0.001,step,320,fc_only,weighted_cross_entropy,resnet18,imagenet,70,25,45,125,23,9,14,42,0.6086956521739131,0.4761904761904761,0.4010982844316178,0.4444444444444444,0.7142857142857143,0.5,0.4444444444444444,0.4705882352941176,0.1754043996334076,10,4,5,4,6,10142
1,2,lr_1em03_sched_step_img_320_ft_fc_only_loss_weighted_cross_entropy_02c83b04b9,0.001,step,320,fc_only,weighted_cross_entropy,resnet18,imagenet,69,28,41,125,24,6,18,42,0.7916666666666666,0.7222222222222222,0.4978696741854636,0.6666666666666666,0.8333333333333334,0.5714285714285714,0.6666666666666666,0.6153846153846154,0.6422441601753235,15,3,2,4,4,10242
1,3,lr_1em03_sched_step_img_320_ft_fc_only_loss_weighted_cross_entropy_02c83b04b9,0.001,step,320,fc_only,weighted_cross_entropy,resnet18,imagenet,70,28,42,127,23,6,17,40,0.782608695652174,0.5392156862745098,0.4240338164251208,0.5,0.8823529411764706,0.6,0.5,0.5454545454545454,0.2631517648696899,15,2,3,3,12,10342
1,4,lr_1em03_sched_step_img_320_ft_fc_only_loss_weighted_cross_entropy_02c83b04b9,0.001,step,320,fc_only,weighted_cross_entropy,resnet18,imagenet,70,21,49,124,23,13,10,43,0.782608695652174,0.7307692307692308,0.7435693892114676,0.7692307692307693,0.8,0.8333333333333334,0.7692307692307693,0.8,0.3142684400081634,8,2,3,10,2,10442
1,1,lr_1em03_sched_step_img_320_ft_fc_only_loss_focal_cf6332eec5,0.001,step,320,fc_only,focal,resnet18,imagenet,70,25,45,125,23,9,14,42,0.6956521739130435,0.5476190476190477,0.445945883226585,0.5555555555555556,0.7857142857142857,0.625,0.5555555555555556,0.5882352941176471,0.1739662289619445,11,3,4,5,7,10142
1,2,lr_1em03_sched_step_img_320_ft_fc_only_loss_focal_cf6332eec5,0.001,step,320,fc_only,focal,resnet18,imagenet,69,28,41,125,24,6,18,42,0.7916666666666666,0.6759259259259259,0.4116503379661274,0.5,0.8888888888888888,0.6,0.5,0.5454545454545454,0.4667947292327881,16,2,3,3,4,10242
1,3,lr_1em03_sched_step_img_320_ft_fc_only_loss_focal_cf6332eec5,0.001,step,320,fc_only,focal,resnet18,imagenet,70,28,42,127,23,6,17,40,0.8260869565217391,0.7450980392156863,0.5257038712921066,0.5,0.9411764705882352,0.75,0.5,0.6,0.573993444442749,16,1,3,3,28,10342
1,4,lr_1em03_sched_step_img_320_ft_fc_only_loss_focal_cf6332eec5,0.001,step,320,fc_only,focal,resnet18,imagenet,70,21,49,124,23,13,10,43,0.782608695652174,0.7384615384615385,0.7462684445421018,0.7692307692307693,0.8,0.8333333333333334,0.7692307692307693,0.8,0.2622001767158508,8,2,3,10,2,10442
1,1,lr_1em03_sched_step_img_320_ft_layer4_fc_loss_weighted_cross_entropy_cd97784069,0.001,step,320,layer4_fc,weighted_cross_entropy,resnet18,imagenet,70,25,45,125,23,9,14,42,0.782608695652174,0.865079365079365,0.8318181818181818,0.8888888888888888,0.7142857142857143,0.6666666666666666,0.8888888888888888,0.7619047619047619,0.238266259431839,10,4,1,8,13,10142
1,2,lr_1em03_sched_step_img_320_ft_layer4_fc_loss_weighted_cross_entropy_cd97784069,0.001,step,320,layer4_fc,weighted_cross_entropy,resnet18,imagenet,69,28,41,125,24,6,18,42,0.8333333333333334,0.8518518518518519,0.7619047619047619,0.8333333333333334,0.8333333333333334,0.625,0.8333333333333334,0.7142857142857143,0.6845213174819946,15,3,1,5,5,10242
1,3,lr_1em03_sched_step_img_320_ft_layer4_fc_loss_weighted_cross_entropy_cd97784069,0.001,step,320,layer4_fc,weighted_cross_entropy,resnet18,imagenet,70,28,42,127,23,6,17,40,0.8695652173913043,0.9019607843137254,0.7794011544011543,0.8333333333333334,0.8823529411764706,0.7142857142857143,0.8333333333333334,0.7692307692307693,0.4962387979030609,15,2,1,5,10,10342
1,4,lr_1em03_sched_step_img_320_ft_layer4_fc_loss_weighted_cross_entropy_cd97784069,0.001,step,320,layer4_fc,weighted_cross_entropy,resnet18,imagenet,70,21,49,124,23,13,10,43,0.8260869565217391,0.7923076923076923,0.754589023212505,0.8461538461538461,0.8,0.8461538461538461,0.8461538461538461,0.8461538461538461,0.1092214956879615,8,2,2,11,5,10442
1,1,lr_1em03_sched_step_img_320_ft_layer4_fc_loss_focal_365edc75f1,0.001,step,320,layer4_fc,focal,resnet18,imagenet,70,25,45,125,23,9,14,42,0.8260869565217391,0.8015873015873016,0.8042735042735043,0.5555555555555556,1.0,1.0,0.5555555555555556,0.7142857142857143,0.561497151851654,14,0,4,5,14,10142
1,2,lr_1em03_sched_step_img_320_ft_layer4_fc_loss_focal_365edc75f1,0.001,step,320,layer4_fc,focal,resnet18,imagenet,69,28,41,125,24,6,18,42,0.7916666666666666,0.8425925925925926,0.7625272331154683,0.8333333333333334,0.7777777777777778,0.5555555555555556,0.8333333333333334,0.6666666666666666,0.648625373840332,14,4,1,5,10,10242
1,3,lr_1em03_sched_step_img_320_ft_layer4_fc_loss_focal_365edc75f1,0.001,step,320,layer4_fc,focal,resnet18,imagenet,70,28,42,127,23,6,17,40,0.782608695652174,0.7843137254901961,0.5169973544973544,0.8333333333333334,0.7647058823529411,0.5555555555555556,0.8333333333333334,0.6666666666666666,0.6838908195495605,13,4,1,5,13,10342
1,4,lr_1em03_sched_step_img_320_ft_layer4_fc_loss_focal_365edc75f1,0.001,step,320,layer4_fc,focal,resnet18,imagenet,70,21,49,124,23,13,10,43,0.8260869565217391,0.8461538461538461,0.9060959957721088,0.8461538461538461,0.8,0.8461538461538461,0.8461538461538461,0.8461538461538461,0.3053622543811798,8,2,2,11,3,10442
1,1,lr_1em03_sched_step_img_320_ft_layer3_layer4_fc_loss_weighted_cross_entropy_2e77ebeaf3,0.001,step,320,layer3_layer4_fc,weighted_cross_entropy,resnet18,imagenet,70,25,45,125,23,9,14,42,0.8260869565217391,0.8571428571428571,0.7540885040885041,0.8888888888888888,0.7857142857142857,0.7272727272727273,0.8888888888888888,0.8,0.2517660558223724,11,3,1,8,10,10142
1,2,lr_1em03_sched_step_img_320_ft_layer3_layer4_fc_loss_weighted_cross_entropy_2e77ebeaf3,0.001,step,320,layer3_layer4_fc,weighted_cross_entropy,resnet18,imagenet,69,28,41,125,24,6,18,42,0.9166666666666666,0.9351851851851852,0.7166666666666667,1.0,0.8888888888888888,0.75,1.0,0.8571428571428571,0.5522730350494385,16,2,0,6,14,10242
1,3,lr_1em03_sched_step_img_320_ft_layer3_layer4_fc_loss_weighted_cross_entropy_2e77ebeaf3,0.001,step,320,layer3_layer4_fc,weighted_cross_entropy,resnet18,imagenet,70,28,42,127,23,6,17,40,0.8695652173913043,0.9215686274509804,0.7662698412698412,1.0,0.8235294117647058,0.6666666666666666,1.0,0.8,0.8732444643974304,14,3,0,6,2,10342
1,4,lr_1em03_sched_step_img_320_ft_layer3_layer4_fc_loss_weighted_cross_entropy_2e77ebeaf3,0.001,step,320,layer3_layer4_fc,weighted_cross_entropy,resnet18,imagenet,70,21,49,124,23,13,10,43,0.8695652173913043,0.8923076923076922,0.9171339344416264,0.9230769230769232,0.8,0.8571428571428571,0.9230769230769232,0.8888888888888888,0.3096970915794372,8,2,1,12,7,10442
1,1,lr_1em03_sched_step_img_320_ft_layer3_layer4_fc_loss_focal_13ec69550d,0.001,step,320,layer3_layer4_fc,focal,resnet18,imagenet,70,25,45,125,23,9,14,42,0.6956521739130435,0.7698412698412699,0.6426994301994303,1.0,0.5,0.5625,1.0,0.72,0.0330949947237968,7,7,0,9,2,10142
1,2,lr_1em03_sched_step_img_320_ft_layer3_layer4_fc_loss_focal_13ec69550d,0.001,step,320,layer3_layer4_fc,focal,resnet18,imagenet,69,28,41,125,24,6,18,42,0.875,0.8611111111111112,0.807936507936508,0.8333333333333334,0.8888888888888888,0.7142857142857143,0.8333333333333334,0.7692307692307693,0.4685039520263672,16,2,1,5,8,10242
1,3,lr_1em03_sched_step_img_320_ft_layer3_layer4_fc_loss_focal_13ec69550d,0.001,step,320,layer3_layer4_fc,focal,resnet18,imagenet,70,28,42,127,23,6,17,40,0.8695652173913043,0.96078431372549,0.9166666666666664,1.0,0.8235294117647058,0.6666666666666666,1.0,0.8,0.4577312767505646,14,3,0,6,7,10342
1,4,lr_1em03_sched_step_img_320_ft_layer3_layer4_fc_loss_focal_13ec69550d,0.001,step,320,layer3_layer4_fc,focal,resnet18,imagenet,70,21,49,124,23,13,10,43,0.8695652173913043,0.9346153846153846,0.9449453324453324,0.8461538461538461,0.9,0.9166666666666666,0.8461538461538461,0.88,0.9999587535858154,9,1,2,11,3,10442
1,1,lr_1em03_sched_step_img_320_ft_full_loss_weighted_cross_entropy_3b47231c27,0.001,step,320,full,weighted_cross_entropy,resnet18,imagenet,70,25,45,125,23,9,14,42,0.8260869565217391,0.9047619047619048,0.8743978243978245,1.0,0.7142857142857143,0.6923076923076923,1.0,0.8181818181818182,0.3493096828460693,10,4,0,9,23,10142
1,2,lr_1em03_sched_step_img_320_ft_full_loss_weighted_cross_entropy_3b47231c27,0.001,step,320,full,weighted_cross_entropy,resnet18,imagenet,69,28,41,125,24,6,18,42,0.625,0.787037037037037,0.6631766381766382,1.0,0.5,0.4,1.0,0.5714285714285714,0.0003245951666031,9,9,0,6,4,10242
1,3,lr_1em03_sched_step_img_320_ft_full_loss_weighted_cross_entropy_3b47231c27,0.001,step,320,full,weighted_cross_entropy,resnet18,imagenet,70,28,42,127,23,6,17,40,0.6956521739130435,0.6176470588235294,0.3371845746845747,0.6666666666666666,0.7058823529411765,0.4444444444444444,0.6666666666666666,0.5333333333333333,0.0004746398481074,12,5,2,4,1,10342
1,4,lr_1em03_sched_step_img_320_ft_full_loss_weighted_cross_entropy_3b47231c27,0.001,step,320,full,weighted_cross_entropy,resnet18,imagenet,70,21,49,124,23,13,10,43,0.782608695652174,0.8384615384615385,0.8889650669776887,0.6923076923076923,0.9,0.9,0.6923076923076923,0.782608695652174,0.5052325129508972,9,1,4,9,11,10442
1,1,lr_1em03_sched_step_img_320_ft_full_loss_focal_46ee41ff95,0.001,step,320,full,focal,resnet18,imagenet,70,25,45,125,23,9,14,42,0.7391304347826086,0.6904761904761905,0.6340437397712939,0.4444444444444444,0.9285714285714286,0.8,0.4444444444444444,0.5714285714285714,0.5915235877037048,13,1,5,4,8,10142
1,2,lr_1em03_sched_step_img_320_ft_full_loss_focal_46ee41ff95,0.001,step,320,full,focal,resnet18,imagenet,69,28,41,125,24,6,18,42,0.875,0.8240740740740741,0.7616013071895424,0.6666666666666666,0.9444444444444444,0.8,0.6666666666666666,0.7272727272727273,0.0004203906282782,17,1,2,4,1,10242
1,3,lr_1em03_sched_step_img_320_ft_full_loss_focal_46ee41ff95,0.001,step,320,full,focal,resnet18,imagenet,70,28,42,127,23,6,17,40,0.8260869565217391,0.8823529411764706,0.7327380952380952,1.0,0.7647058823529411,0.6,1.0,0.75,0.5282530784606934,13,4,0,6,6,10342
1,4,lr_1em03_sched_step_img_320_ft_full_loss_focal_46ee41ff95,0.001,step,320,full,focal,resnet18,imagenet,70,21,49,124,23,13,10,43,0.8695652173913043,0.8769230769230769,0.9019022644022644,1.0,0.7,0.8125,1.0,0.896551724137931,0.4388223886489868,7,3,0,13,17,10442
1,1,lr_1em03_sched_cosine_img_224_ft_fc_only_loss_weighted_cross_entropy_b823b64dc5,0.001,cosine,224,fc_only,weighted_cross_entropy,resnet18,imagenet,70,25,45,125,23,9,14,42,0.6521739130434783,0.6904761904761905,0.6547785547785547,0.8888888888888888,0.5,0.5333333333333333,0.8888888888888888,0.6666666666666666,0.2988265752792358,7,7,1,8,14,10142
1,2,lr_1em03_sched_cosine_img_224_ft_fc_only_loss_weighted_cross_entropy_b823b64dc5,0.001,cosine,224,fc_only,weighted_cross_entropy,resnet18,imagenet,69,28,41,125,24,6,18,42,0.75,0.5555555555555556,0.4467190016103059,0.3333333333333333,0.8888888888888888,0.5,0.3333333333333333,0.4,0.234526127576828,16,2,4,2,4,10242
1,3,lr_1em03_sched_cosine_img_224_ft_fc_only_loss_weighted_cross_entropy_b823b64dc5,0.001,cosine,224,fc_only,weighted_cross_entropy,resnet18,imagenet,70,28,42,127,23,6,17,40,0.782608695652174,0.5980392156862745,0.4047982274526897,0.6666666666666666,0.8235294117647058,0.5714285714285714,0.6666666666666666,0.6153846153846154,0.1653686165809631,14,3,2,4,26,10342
1,4,lr_1em03_sched_cosine_img_224_ft_fc_only_loss_weighted_cross_entropy_b823b64dc5,0.001,cosine,224,fc_only,weighted_cross_entropy,resnet18,imagenet,70,21,49,124,23,13,10,43,0.6521739130434783,0.5846153846153846,0.6295538350670524,0.6923076923076923,0.6,0.6923076923076923,0.6923076923076923,0.6923076923076923,0.0153896585106849,6,4,4,9,2,10442
1,1,lr_1em03_sched_cosine_img_224_ft_fc_only_loss_focal_d13ac3e3bf,0.001,cosine,224,fc_only,focal,resnet18,imagenet,70,25,45,125,23,9,14,42,0.6086956521739131,0.6190476190476191,0.5413580246913581,0.8888888888888888,0.4285714285714285,0.5,0.8888888888888888,0.64,0.2477632015943527,6,8,1,8,15,10142
1,2,lr_1em03_sched_cosine_img_224_ft_fc_only_loss_focal_d13ac3e3bf,0.001,cosine,224,fc_only,focal,resnet18,imagenet,69,28,41,125,24,6,18,42,0.875,0.6296296296296297,0.6386199612744236,0.5,1.0,1.0,0.5,0.6666666666666666,0.3147332072257995,18,0,3,3,4,10242
1,3,lr_1em03_sched_cosine_img_224_ft_fc_only_loss_focal_d13ac3e3bf,0.001,cosine,224,fc_only,focal,resnet18,imagenet,70,28,42,127,23,6,17,40,0.4347826086956521,0.4705882352941176,0.3127359639507977,0.8333333333333334,0.2941176470588235,0.2941176470588235,0.8333333333333334,0.4347826086956521,0.3775853216648102,5,12,1,5,28,10342
1,4,lr_1em03_sched_cosine_img_224_ft_fc_only_loss_focal_d13ac3e3bf,0.001,cosine,224,fc_only,focal,resnet18,imagenet,70,21,49,124,23,13,10,43,0.5652173913043478,0.5153846153846154,0.6409741237170388,0.4615384615384615,0.7,0.6666666666666666,0.4615384615384615,0.5454545454545454,0.4266164302825928,7,3,7,6,2,10442
1,1,lr_1em03_sched_cosine_img_224_ft_layer4_fc_loss_weighted_cross_entropy_ef51ec0390,0.001,cosine,224,layer4_fc,weighted_cross_entropy,resnet18,imagenet,70,25,45,125,23,9,14,42,0.7391304347826086,0.7380952380952381,0.6453703703703704,0.6666666666666666,0.7857142857142857,0.6666666666666666,0.6666666666666666,0.6666666666666666,0.7583319544792175,11,3,3,6,3,10142
1,2,lr_1em03_sched_cosine_img_224_ft_layer4_fc_loss_weighted_cross_entropy_ef51ec0390,0.001,cosine,224,layer4_fc,weighted_cross_entropy,resnet18,imagenet,69,28,41,125,24,6,18,42,0.7916666666666666,0.8518518518518519,0.6446127946127946,1.0,0.7222222222222222,0.5454545454545454,1.0,0.7058823529411765,0.2226369678974151,13,5,0,6,5,10242
1,3,lr_1em03_sched_cosine_img_224_ft_layer4_fc_loss_weighted_cross_entropy_ef51ec0390,0.001,cosine,224,layer4_fc,weighted_cross_entropy,resnet18,imagenet,70,28,42,127,23,6,17,40,0.8695652173913043,0.7941176470588235,0.5873588829471182,0.6666666666666666,0.9411764705882352,0.8,0.6666666666666666,0.7272727272727273,0.9069758653640748,16,1,2,4,9,10342
1,4,lr_1em03_sched_cosine_img_224_ft_layer4_fc_loss_weighted_cross_entropy_ef51ec0390,0.001,cosine,224,layer4_fc,weighted_cross_entropy,resnet18,imagenet,70,21,49,124,23,13,10,43,0.8695652173913043,0.9538461538461538,0.9681776556776552,0.7692307692307693,1.0,1.0,0.7692307692307693,0.8695652173913043,0.9756542444229126,10,0,3,10,1,10442
1,1,lr_1em03_sched_cosine_img_224_ft_layer4_fc_loss_focal_499bb0caeb,0.001,cosine,224,layer4_fc,focal,resnet18,imagenet,70,25,45,125,23,9,14,42,0.782608695652174,0.8968253968253967,0.8770180436847106,1.0,0.6428571428571429,0.6428571428571429,1.0,0.782608695652174,0.2677226662635803,9,5,0,9,13,10142
1,2,lr_1em03_sched_cosine_img_224_ft_layer4_fc_loss_focal_499bb0caeb,0.001,cosine,224,layer4_fc,focal,resnet18,imagenet,69,28,41,125,24,6,18,42,0.9166666666666666,0.8796296296296297,0.861111111111111,0.8333333333333334,0.9444444444444444,0.8333333333333334,0.8333333333333334,0.8333333333333334,0.4370240569114685,17,1,1,5,10,10242
1,3,lr_1em03_sched_cosine_img_224_ft_layer4_fc_loss_focal_499bb0caeb,0.001,cosine,224,layer4_fc,focal,resnet18,imagenet,70,28,42,127,23,6,17,40,0.8260869565217391,0.7254901960784313,0.6726190476190476,0.6666666666666666,0.8823529411764706,0.6666666666666666,0.6666666666666666,0.6666666666666666,2.1821115296916105e-05,15,2,2,4,4,10342
1,4,lr_1em03_sched_cosine_img_224_ft_layer4_fc_loss_focal_499bb0caeb,0.001,cosine,224,layer4_fc,focal,resnet18,imagenet,70,21,49,124,23,13,10,43,0.8695652173913043,0.9153846153846154,0.9378451676528596,1.0,0.7,0.8125,1.0,0.896551724137931,0.1479115784168243,7,3,0,13,5,10442
1,1,lr_1em03_sched_cosine_img_224_ft_layer3_layer4_fc_loss_weighted_cross_entropy_910d3681f6,0.001,cosine,224,layer3_layer4_fc,weighted_cross_entropy,resnet18,imagenet,70,25,45,125,23,9,14,42,0.8260869565217391,0.7936507936507936,0.824238241629546,0.6666666666666666,0.9285714285714286,0.8571428571428571,0.6666666666666666,0.75,0.4004546403884887,13,1,3,6,7,10142
1,2,lr_1em03_sched_cosine_img_224_ft_layer3_layer4_fc_loss_weighted_cross_entropy_910d3681f6,0.001,cosine,224,layer3_layer4_fc,weighted_cross_entropy,resnet18,imagenet,69,28,41,125,24,6,18,42,0.875,0.8333333333333335,0.8,0.8333333333333334,0.8888888888888888,0.7142857142857143,0.8333333333333334,0.7692307692307693,0.5818732380867004,16,2,1,5,5,10242
1,3,lr_1em03_sched_cosine_img_224_ft_layer3_layer4_fc_loss_weighted_cross_entropy_910d3681f6,0.001,cosine,224,layer3_layer4_fc,weighted_cross_entropy,resnet18,imagenet,70,28,42,127,23,6,17,40,0.782608695652174,0.872549019607843,0.723647186147186,1.0,0.7058823529411765,0.5454545454545454,1.0,0.7058823529411765,0.1962103694677353,12,5,0,6,10,10342
1,4,lr_1em03_sched_cosine_img_224_ft_layer3_layer4_fc_loss_weighted_cross_entropy_910d3681f6,0.001,cosine,224,layer3_layer4_fc,weighted_cross_entropy,resnet18,imagenet,70,21,49,124,23,13,10,43,0.8695652173913043,0.946153846153846,0.96450118508942,0.7692307692307693,1.0,1.0,0.7692307692307693,0.8695652173913043,0.5925847291946411,10,0,3,10,15,10442
1,1,lr_1em03_sched_cosine_img_224_ft_layer3_layer4_fc_loss_focal_1c2cfa6c7e,0.001,cosine,224,layer3_layer4_fc,focal,resnet18,imagenet,70,25,45,125,23,9,14,42,0.8260869565217391,0.8809523809523809,0.8204295704295705,1.0,0.7142857142857143,0.6923076923076923,1.0,0.8181818181818182,0.5371456742286682,10,4,0,9,6,10142
1,2,lr_1em03_sched_cosine_img_224_ft_layer3_layer4_fc_loss_focal_1c2cfa6c7e,0.001,cosine,224,layer3_layer4_fc,focal,resnet18,imagenet,69,28,41,125,24,6,18,42,0.75,0.7222222222222222,0.4284816490698844,0.6666666666666666,0.7777777777777778,0.5,0.6666666666666666,0.5714285714285714,0.0606451742351055,14,4,2,4,2,10242
1,3,lr_1em03_sched_cosine_img_224_ft_layer3_layer4_fc_loss_focal_1c2cfa6c7e,0.001,cosine,224,layer3_layer4_fc,focal,resnet18,imagenet,70,28,42,127,23,6,17,40,0.9130434782608696,0.9019607843137256,0.8074786324786325,0.8333333333333334,0.9411764705882352,0.8333333333333334,0.8333333333333334,0.8333333333333334,0.419330358505249,16,1,1,5,23,10342
1,4,lr_1em03_sched_cosine_img_224_ft_layer3_layer4_fc_loss_focal_1c2cfa6c7e,0.001,cosine,224,layer3_layer4_fc,focal,resnet18,imagenet,70,21,49,124,23,13,10,43,0.9130434782608696,0.953846153846154,0.9669202592279512,1.0,0.8,0.8666666666666667,1.0,0.9285714285714286,2.5256285880459477e-06,8,2,0,13,2,10442
1,1,lr_1em03_sched_cosine_img_224_ft_full_loss_weighted_cross_entropy_39e37e168b,0.001,cosine,224,full,weighted_cross_entropy,resnet18,imagenet,70,25,45,125,23,9,14,42,0.782608695652174,0.746031746031746,0.7750366917033584,0.6666666666666666,0.8571428571428571,0.75,0.6666666666666666,0.7058823529411765,0.2712481617927551,12,2,3,6,22,10142
1,2,lr_1em03_sched_cosine_img_224_ft_full_loss_weighted_cross_entropy_39e37e168b,0.001,cosine,224,full,weighted_cross_entropy,resnet18,imagenet,69,28,41,125,24,6,18,42,0.7083333333333334,0.7777777777777778,0.5847513597513598,1.0,0.6111111111111112,0.4615384615384615,1.0,0.631578947368421,0.1501743793487548,11,7,0,6,25,10242
1,3,lr_1em03_sched_cosine_img_224_ft_full_loss_weighted_cross_entropy_39e37e168b,0.001,cosine,224,full,weighted_cross_entropy,resnet18,imagenet,70,28,42,127,23,6,17,40,0.7391304347826086,0.8137254901960784,0.6111111111111112,1.0,0.6470588235294118,0.5,1.0,0.6666666666666666,0.1752894222736358,11,6,0,6,6,10342
1,4,lr_1em03_sched_cosine_img_224_ft_full_loss_weighted_cross_entropy_39e37e168b,0.001,cosine,224,full,weighted_cross_entropy,resnet18,imagenet,70,21,49,124,23,13,10,43,0.8695652173913043,0.9076923076923076,0.9199453324453322,0.8461538461538461,0.9,0.9166666666666666,0.8461538461538461,0.88,0.4365225434303283,9,1,2,11,11,10442
1,1,lr_1em03_sched_cosine_img_224_ft_full_loss_focal_6f8c3142a9,0.001,cosine,224,full,focal,resnet18,imagenet,70,25,45,125,23,9,14,42,0.7391304347826086,0.738095238095238,0.7458061002178649,0.6666666666666666,0.7857142857142857,0.6666666666666666,0.6666666666666666,0.6666666666666666,0.4315623641014099,11,3,3,6,5,10142
1,2,lr_1em03_sched_cosine_img_224_ft_full_loss_focal_6f8c3142a9,0.001,cosine,224,full,focal,resnet18,imagenet,69,28,41,125,24,6,18,42,0.7083333333333334,0.6851851851851851,0.4475859788359788,0.6666666666666666,0.7222222222222222,0.4444444444444444,0.6666666666666666,0.5333333333333333,0.403759092092514,13,5,2,4,18,10242
1,3,lr_1em03_sched_cosine_img_224_ft_full_loss_focal_6f8c3142a9,0.001,cosine,224,full,focal,resnet18,imagenet,70,28,42,127,23,6,17,40,0.9130434782608696,0.8725490196078431,0.7416666666666666,0.8333333333333334,0.9411764705882352,0.8333333333333334,0.8333333333333334,0.8333333333333334,0.3317593038082123,16,1,1,5,8,10342
1,4,lr_1em03_sched_cosine_img_224_ft_full_loss_focal_6f8c3142a9,0.001,cosine,224,full,focal,resnet18,imagenet,70,21,49,124,23,13,10,43,0.8695652173913043,0.9538461538461538,0.9681776556776552,0.7692307692307693,1.0,1.0,0.7692307692307693,0.8695652173913043,0.4785946905612945,10,0,3,10,27,10442
1,1,lr_1em03_sched_cosine_img_320_ft_fc_only_loss_weighted_cross_entropy_bc21784528,0.001,cosine,320,fc_only,weighted_cross_entropy,resnet18,imagenet,70,25,45,125,23,9,14,42,0.6086956521739131,0.6031746031746033,0.4569664902998236,1.0,0.3571428571428571,0.5,1.0,0.6666666666666666,0.0977031290531158,5,9,0,9,6,10142
1,2,lr_1em03_sched_cosine_img_320_ft_fc_only_loss_weighted_cross_entropy_bc21784528,0.001,cosine,320,fc_only,weighted_cross_entropy,resnet18,imagenet,69,28,41,125,24,6,18,42,0.5416666666666666,0.5185185185185186,0.2888000888000888,0.8333333333333334,0.4444444444444444,0.3333333333333333,0.8333333333333334,0.4761904761904761,0.3685508370399475,8,10,1,5,4,10242
1,3,lr_1em03_sched_cosine_img_320_ft_fc_only_loss_weighted_cross_entropy_bc21784528,0.001,cosine,320,fc_only,weighted_cross_entropy,resnet18,imagenet,70,28,42,127,23,6,17,40,0.6521739130434783,0.5588235294117647,0.4595601322145944,0.6666666666666666,0.6470588235294118,0.4,0.6666666666666666,0.5,0.381617397069931,11,6,2,4,21,10342
1,4,lr_1em03_sched_cosine_img_320_ft_fc_only_loss_weighted_cross_entropy_bc21784528,0.001,cosine,320,fc_only,weighted_cross_entropy,resnet18,imagenet,70,21,49,124,23,13,10,43,0.782608695652174,0.7692307692307693,0.7622152428418414,0.6923076923076923,0.9,0.9,0.6923076923076923,0.782608695652174,0.0912907123565673,9,1,4,9,2,10442
1,1,lr_1em03_sched_cosine_img_320_ft_fc_only_loss_focal_57dc43c36e,0.001,cosine,320,fc_only,focal,resnet18,imagenet,70,25,45,125,23,9,14,42,0.6086956521739131,0.4444444444444444,0.4056836480749524,0.4444444444444444,0.7142857142857143,0.5,0.4444444444444444,0.4705882352941176,0.6025273203849792,10,4,5,4,7,10142
1,2,lr_1em03_sched_cosine_img_320_ft_fc_only_loss_focal_57dc43c36e,0.001,cosine,320,fc_only,focal,resnet18,imagenet,69,28,41,125,24,6,18,42,0.75,0.7777777777777778,0.5691137566137565,0.8333333333333334,0.7222222222222222,0.5,0.8333333333333334,0.625,0.3871636092662811,13,5,1,5,25,10242
1,3,lr_1em03_sched_cosine_img_320_ft_fc_only_loss_focal_57dc43c36e,0.001,cosine,320,fc_only,focal,resnet18,imagenet,70,28,42,127,23,6,17,40,0.8260869565217391,0.6666666666666667,0.5654761904761905,0.5,0.9411764705882352,0.75,0.5,0.6,0.3794532120227813,16,1,3,3,14,10342
1,4,lr_1em03_sched_cosine_img_320_ft_fc_only_loss_focal_57dc43c36e,0.001,cosine,320,fc_only,focal,resnet18,imagenet,70,21,49,124,23,13,10,43,0.8260869565217391,0.8615384615384616,0.8826350999427921,0.8461538461538461,0.8,0.8461538461538461,0.8461538461538461,0.8461538461538461,0.3818150460720062,8,2,2,11,20,10442
1,1,lr_1em03_sched_cosine_img_320_ft_layer4_fc_loss_weighted_cross_entropy_6c9df830c6,0.001,cosine,320,layer4_fc,weighted_cross_entropy,resnet18,imagenet,70,25,45,125,23,9,14,42,0.782608695652174,0.7777777777777778,0.6227132435465769,0.8888888888888888,0.7142857142857143,0.6666666666666666,0.8888888888888888,0.7619047619047619,1.3687077853319352e-06,10,4,1,8,2,10142
1,2,lr_1em03_sched_cosine_img_320_ft_layer4_fc_loss_weighted_cross_entropy_6c9df830c6,0.001,cosine,320,layer4_fc,weighted_cross_entropy,resnet18,imagenet,69,28,41,125,24,6,18,42,0.8333333333333334,0.8240740740740742,0.8162878787878788,0.8333333333333334,0.8333333333333334,0.625,0.8333333333333334,0.7142857142857143,0.5070540904998779,15,3,1,5,4,10242
1,3,lr_1em03_sched_cosine_img_320_ft_layer4_fc_loss_weighted_cross_entropy_6c9df830c6,0.001,cosine,320,layer4_fc,weighted_cross_entropy,resnet18,imagenet,70,28,42,127,23,6,17,40,0.8695652173913043,0.8823529411764706,0.6405122655122656,0.8333333333333334,0.8823529411764706,0.7142857142857143,0.8333333333333334,0.7692307692307693,0.7692270874977112,15,2,1,5,22,10342
1,4,lr_1em03_sched_cosine_img_320_ft_layer4_fc_loss_weighted_cross_entropy_6c9df830c6,0.001,cosine,320,layer4_fc,weighted_cross_entropy,resnet18,imagenet,70,21,49,124,23,13,10,43,0.8260869565217391,0.8307692307692307,0.8214325769755635,0.8461538461538461,0.8,0.8461538461538461,0.8461538461538461,0.8461538461538461,0.0631084591150283,8,2,2,11,1,10442
1,1,lr_1em03_sched_cosine_img_320_ft_layer4_fc_loss_focal_341f170a81,0.001,cosine,320,layer4_fc,focal,resnet18,imagenet,70,25,45,125,23,9,14,42,0.8260869565217391,0.8015873015873016,0.8115468409586057,0.5555555555555556,1.0,1.0,0.5555555555555556,0.7142857142857143,0.5133183598518372,14,0,4,5,7,10142
1,2,lr_1em03_sched_cosine_img_320_ft_layer4_fc_loss_focal_341f170a81,0.001,cosine,320,layer4_fc,focal,resnet18,imagenet,69,28,41,125,24,6,18,42,0.8333333333333334,0.8148148148148149,0.5902777777777778,0.8333333333333334,0.8333333333333334,0.625,0.8333333333333334,0.7142857142857143,0.282172679901123,15,3,1,5,7,10242
1,3,lr_1em03_sched_cosine_img_320_ft_layer4_fc_loss_focal_341f170a81,0.001,cosine,320,layer4_fc,focal,resnet18,imagenet,70,28,42,127,23,6,17,40,0.8695652173913043,0.8627450980392157,0.6265262515262516,0.8333333333333334,0.8823529411764706,0.7142857142857143,0.8333333333333334,0.7692307692307693,0.0047668404877185,15,2,1,5,2,10342
1,4,lr_1em03_sched_cosine_img_320_ft_layer4_fc_loss_focal_341f170a81,0.001,cosine,320,layer4_fc,focal,resnet18,imagenet,70,21,49,124,23,13,10,43,0.8260869565217391,0.8076923076923077,0.8479383863999248,0.9230769230769232,0.7,0.8,0.9230769230769232,0.8571428571428571,0.4302282929420471,7,3,1,12,9,10442
1,1,lr_1em03_sched_cosine_img_320_ft_layer3_layer4_fc_loss_weighted_cross_entropy_1377c12b1a,0.001,cosine,320,layer3_layer4_fc,weighted_cross_entropy,resnet18,imagenet,70,25,45,125,23,9,14,42,0.8260869565217391,0.865079365079365,0.8464165464165465,0.8888888888888888,0.7857142857142857,0.7272727272727273,0.8888888888888888,0.8,0.0771092325448989,11,3,1,8,18,10142
1,2,lr_1em03_sched_cosine_img_320_ft_layer3_layer4_fc_loss_weighted_cross_entropy_1377c12b1a,0.001,cosine,320,layer3_layer4_fc,weighted_cross_entropy,resnet18,imagenet,69,28,41,125,24,6,18,42,0.875,0.8796296296296297,0.7773809523809523,0.8333333333333334,0.8888888888888888,0.7142857142857143,0.8333333333333334,0.7692307692307693,0.7996670603752136,16,2,1,5,12,10242
1,3,lr_1em03_sched_cosine_img_320_ft_layer3_layer4_fc_loss_weighted_cross_entropy_1377c12b1a,0.001,cosine,320,layer3_layer4_fc,weighted_cross_entropy,resnet18,imagenet,70,28,42,127,23,6,17,40,0.8695652173913043,0.8333333333333333,0.6121031746031745,0.8333333333333334,0.8823529411764706,0.7142857142857143,0.8333333333333334,0.7692307692307693,0.8085162043571472,15,2,1,5,11,10342
1,4,lr_1em03_sched_cosine_img_320_ft_layer3_layer4_fc_loss_weighted_cross_entropy_1377c12b1a,0.001,cosine,320,layer3_layer4_fc,weighted_cross_entropy,resnet18,imagenet,70,21,49,124,23,13,10,43,0.8695652173913043,0.8692307692307691,0.8862930872546255,1.0,0.7,0.8125,1.0,0.896551724137931,0.5268243551254272,7,3,0,13,13,10442
1,1,lr_1em03_sched_cosine_img_320_ft_layer3_layer4_fc_loss_focal_e4d2aaa6dc,0.001,cosine,320,layer3_layer4_fc,focal,resnet18,imagenet,70,25,45,125,23,9,14,42,0.8695652173913043,0.873015873015873,0.8591269841269842,0.7777777777777778,0.9285714285714286,0.875,0.7777777777777778,0.8235294117647058,0.7362070083618164,13,1,2,7,4,10142
1,2,lr_1em03_sched_cosine_img_320_ft_layer3_layer4_fc_loss_focal_e4d2aaa6dc,0.001,cosine,320,layer3_layer4_fc,focal,resnet18,imagenet,69,28,41,125,24,6,18,42,0.9166666666666666,0.8611111111111112,0.7338235294117648,0.8333333333333334,0.9444444444444444,0.8333333333333334,0.8333333333333334,0.8333333333333334,0.5277056097984314,17,1,1,5,17,10242
1,3,lr_1em03_sched_cosine_img_320_ft_layer3_layer4_fc_loss_focal_e4d2aaa6dc,0.001,cosine,320,layer3_layer4_fc,focal,resnet18,imagenet,70,28,42,127,23,6,17,40,0.8695652173913043,0.9117647058823528,0.682936507936508,1.0,0.8235294117647058,0.6666666666666666,1.0,0.8,0.6261319518089294,14,3,0,6,6,10342
1,4,lr_1em03_sched_cosine_img_320_ft_layer3_layer4_fc_loss_focal_e4d2aaa6dc,0.001,cosine,320,layer3_layer4_fc,focal,resnet18,imagenet,70,21,49,124,23,13,10,43,0.9130434782608696,0.946153846153846,0.9599272522349446,1.0,0.8,0.8666666666666667,1.0,0.9285714285714286,0.9562641382217408,8,2,0,13,3,10442
1,1,lr_1em03_sched_cosine_img_320_ft_full_loss_weighted_cross_entropy_7dfecf0062,0.001,cosine,320,full,weighted_cross_entropy,resnet18,imagenet,70,25,45,125,23,9,14,42,0.9130434782608696,0.9285714285714286,0.8321348404681739,1.0,0.8571428571428571,0.8181818181818182,1.0,0.9,0.4351532161235809,12,2,0,9,19,10142
1,2,lr_1em03_sched_cosine_img_320_ft_full_loss_weighted_cross_entropy_7dfecf0062,0.001,cosine,320,full,weighted_cross_entropy,resnet18,imagenet,69,28,41,125,24,6,18,42,0.9166666666666666,0.8333333333333334,0.6442982456140351,0.8333333333333334,0.9444444444444444,0.8333333333333334,0.8333333333333334,0.8333333333333334,0.6262394189834595,17,1,1,5,7,10242
1,3,lr_1em03_sched_cosine_img_320_ft_full_loss_weighted_cross_entropy_7dfecf0062,0.001,cosine,320,full,weighted_cross_entropy,resnet18,imagenet,70,28,42,127,23,6,17,40,0.8695652173913043,0.8333333333333333,0.7754901960784314,0.6666666666666666,0.9411764705882352,0.8,0.6666666666666666,0.7272727272727273,0.986303985118866,16,1,2,4,3,10342
1,4,lr_1em03_sched_cosine_img_320_ft_full_loss_weighted_cross_entropy_7dfecf0062,0.001,cosine,320,full,weighted_cross_entropy,resnet18,imagenet,70,21,49,124,23,13,10,43,0.8695652173913043,0.9153846153846154,0.9500674763832656,0.7692307692307693,1.0,1.0,0.7692307692307693,0.8695652173913043,0.3538296520709991,10,0,3,10,16,10442
1,1,lr_1em03_sched_cosine_img_320_ft_full_loss_focal_18d6d88640,0.001,cosine,320,full,focal,resnet18,imagenet,70,25,45,125,23,9,14,42,0.8260869565217391,0.8333333333333333,0.8323819698819699,0.6666666666666666,0.9285714285714286,0.8571428571428571,0.6666666666666666,0.75,0.4805575907230377,13,1,3,6,16,10142
1,2,lr_1em03_sched_cosine_img_320_ft_full_loss_focal_18d6d88640,0.001,cosine,320,full,focal,resnet18,imagenet,69,28,41,125,24,6,18,42,0.9166666666666666,0.8796296296296297,0.825925925925926,0.6666666666666666,1.0,1.0,0.6666666666666666,0.8,0.4731262624263763,18,0,2,4,13,10242
1,3,lr_1em03_sched_cosine_img_320_ft_full_loss_focal_18d6d88640,0.001,cosine,320,full,focal,resnet18,imagenet,70,28,42,127,23,6,17,40,0.8695652173913043,0.7254901960784313,0.5573529411764706,0.6666666666666666,0.9411764705882352,0.8,0.6666666666666666,0.7272727272727273,0.431582897901535,16,1,2,4,7,10342
1,4,lr_1em03_sched_cosine_img_320_ft_full_loss_focal_18d6d88640,0.001,cosine,320,full,focal,resnet18,imagenet,70,21,49,124,23,13,10,43,0.782608695652174,0.8461538461538461,0.9031331413684353,0.6153846153846154,1.0,1.0,0.6153846153846154,0.7619047619047619,0.0034122616052627,10,0,5,8,2,10442
1,1,lr_1em03_sched_none_img_224_ft_fc_only_loss_weighted_cross_entropy_b7e54e70a9,0.001,none,224,fc_only,weighted_cross_entropy,resnet18,imagenet,70,25,45,125,23,9,14,42,0.8260869565217391,0.7698412698412699,0.7926332926332926,0.5555555555555556,1.0,1.0,0.5555555555555556,0.7142857142857143,0.2978071868419647,14,0,4,5,28,10142
1,2,lr_1em03_sched_none_img_224_ft_fc_only_loss_weighted_cross_entropy_b7e54e70a9,0.001,none,224,fc_only,weighted_cross_entropy,resnet18,imagenet,69,28,41,125,24,6,18,42,0.7916666666666666,0.5648148148148148,0.557693947144075,0.5,0.8888888888888888,0.6,0.5,0.5454545454545454,0.2157399654388427,16,2,3,3,4,10242
1,3,lr_1em03_sched_none_img_224_ft_fc_only_loss_weighted_cross_entropy_b7e54e70a9,0.001,none,224,fc_only,weighted_cross_entropy,resnet18,imagenet,70,28,42,127,23,6,17,40,0.6086956521739131,0.5,0.3060606060606061,0.6666666666666666,0.5882352941176471,0.3636363636363636,0.6666666666666666,0.4705882352941176,0.0055745248682796,10,7,2,4,21,10342
1,4,lr_1em03_sched_none_img_224_ft_fc_only_loss_weighted_cross_entropy_b7e54e70a9,0.001,none,224,fc_only,weighted_cross_entropy,resnet18,imagenet,70,21,49,124,23,13,10,43,0.5652173913043478,0.5692307692307692,0.6352715660407968,0.3076923076923077,0.9,0.8,0.3076923076923077,0.4444444444444444,0.0550447516143322,9,1,9,4,2,10442
1,1,lr_1em03_sched_none_img_224_ft_fc_only_loss_focal_05666f2b69,0.001,none,224,fc_only,focal,resnet18,imagenet,70,25,45,125,23,9,14,42,0.782608695652174,0.7619047619047619,0.6254028379028378,0.8888888888888888,0.7142857142857143,0.6666666666666666,0.8888888888888888,0.7619047619047619,0.2332981675863266,10,4,1,8,26,10142
1,2,lr_1em03_sched_none_img_224_ft_fc_only_loss_focal_05666f2b69,0.001,none,224,fc_only,focal,resnet18,imagenet,69,28,41,125,24,6,18,42,0.7083333333333334,0.7314814814814815,0.5268157768157767,0.8333333333333334,0.6666666666666666,0.4545454545454545,0.8333333333333334,0.5882352941176471,0.4939078390598297,12,6,1,5,24,10242
1,3,lr_1em03_sched_none_img_224_ft_fc_only_loss_focal_05666f2b69,0.001,none,224,fc_only,focal,resnet18,imagenet,70,28,42,127,23,6,17,40,0.6086956521739131,0.4901960784313725,0.3266955266955267,0.6666666666666666,0.5882352941176471,0.3636363636363636,0.6666666666666666,0.4705882352941176,0.0756087899208068,10,7,2,4,16,10342
1,4,lr_1em03_sched_none_img_224_ft_fc_only_loss_focal_05666f2b69,0.001,none,224,fc_only,focal,resnet18,imagenet,70,21,49,124,23,13,10,43,0.6086956521739131,0.5615384615384615,0.6592778953073071,0.5384615384615384,0.7,0.7,0.5384615384615384,0.6086956521739131,0.152383953332901,7,3,6,7,2,10442
1,1,lr_1em03_sched_none_img_224_ft_layer4_fc_loss_weighted_cross_entropy_35a6db6239,0.001,none,224,layer4_fc,weighted_cross_entropy,resnet18,imagenet,70,25,45,125,23,9,14,42,0.8695652173913043,0.8412698412698412,0.8609295570079885,0.6666666666666666,1.0,1.0,0.6666666666666666,0.8,0.9988645315170288,14,0,3,6,1,10142
1,2,lr_1em03_sched_none_img_224_ft_layer4_fc_loss_weighted_cross_entropy_35a6db6239,0.001,none,224,layer4_fc,weighted_cross_entropy,resnet18,imagenet,69,28,41,125,24,6,18,42,0.7083333333333334,0.8425925925925927,0.6888278388278387,1.0,0.6111111111111112,0.4615384615384615,1.0,0.631578947368421,0.0104811070486903,11,7,0,6,6,10242
1,3,lr_1em03_sched_none_img_224_ft_layer4_fc_loss_weighted_cross_entropy_35a6db6239,0.001,none,224,layer4_fc,weighted_cross_entropy,resnet18,imagenet,70,28,42,127,23,6,17,40,0.8695652173913043,0.8333333333333333,0.7694444444444444,0.6666666666666666,0.9411764705882352,0.8,0.6666666666666666,0.7272727272727273,0.5293395519256592,16,1,2,4,6,10342
1,4,lr_1em03_sched_none_img_224_ft_layer4_fc_loss_weighted_cross_entropy_35a6db6239,0.001,none,224,layer4_fc,weighted_cross_entropy,resnet18,imagenet,70,21,49,124,23,13,10,43,0.8260869565217391,0.9076923076923076,0.940574382882075,0.6923076923076923,1.0,1.0,0.6923076923076923,0.8181818181818182,0.9885653853416444,10,0,4,9,1,10442
1,1,lr_1em03_sched_none_img_224_ft_layer4_fc_loss_focal_1801ecd509,0.001,none,224,layer4_fc,focal,resnet18,imagenet,70,25,45,125,23,9,14,42,0.782608695652174,0.7698412698412699,0.6392717905875801,0.7777777777777778,0.7857142857142857,0.7,0.7777777777777778,0.7368421052631579,0.6270568370819092,11,3,2,7,3,10142
1,2,lr_1em03_sched_none_img_224_ft_layer4_fc_loss_focal_1801ecd509,0.001,none,224,layer4_fc,focal,resnet18,imagenet,69,28,41,125,24,6,18,42,0.7916666666666666,0.8240740740740741,0.7368908382066277,0.8333333333333334,0.7777777777777778,0.5555555555555556,0.8333333333333334,0.6666666666666666,0.2610061168670654,14,4,1,5,14,10242
1,3,lr_1em03_sched_none_img_224_ft_layer4_fc_loss_focal_1801ecd509,0.001,none,224,layer4_fc,focal,resnet18,imagenet,70,28,42,127,23,6,17,40,0.7391304347826086,0.6274509803921569,0.3845649519562563,0.6666666666666666,0.7647058823529411,0.5,0.6666666666666666,0.5714285714285714,0.2091057151556015,13,4,2,4,10,10342
1,4,lr_1em03_sched_none_img_224_ft_layer4_fc_loss_focal_1801ecd509,0.001,none,224,layer4_fc,focal,resnet18,imagenet,70,21,49,124,23,13,10,43,0.8695652173913043,0.9076923076923076,0.9489010989010986,0.7692307692307693,1.0,1.0,0.7692307692307693,0.8695652173913043,0.035197976976633,10,0,3,10,5,10442
1,1,lr_1em03_sched_none_img_224_ft_layer3_layer4_fc_loss_weighted_cross_entropy_85e7d70c96,0.001,none,224,layer3_layer4_fc,weighted_cross_entropy,resnet18,imagenet,70,25,45,125,23,9,14,42,0.8695652173913043,0.8650793650793651,0.8645733351615705,0.6666666666666666,1.0,1.0,0.6666666666666666,0.8,0.159876599907875,14,0,3,6,9,10142
1,2,lr_1em03_sched_none_img_224_ft_layer3_layer4_fc_loss_weighted_cross_entropy_85e7d70c96,0.001,none,224,layer3_layer4_fc,weighted_cross_entropy,resnet18,imagenet,69,28,41,125,24,6,18,42,0.7916666666666666,0.8518518518518519,0.6953703703703704,0.8333333333333334,0.7777777777777778,0.5555555555555556,0.8333333333333334,0.6666666666666666,0.4788469076156616,14,4,1,5,11,10242
1,3,lr_1em03_sched_none_img_224_ft_layer3_layer4_fc_loss_weighted_cross_entropy_85e7d70c96,0.001,none,224,layer3_layer4_fc,weighted_cross_entropy,resnet18,imagenet,70,28,42,127,23,6,17,40,0.8695652173913043,0.9411764705882352,0.8819444444444444,1.0,0.8235294117647058,0.6666666666666666,1.0,0.8,0.3225005865097046,14,3,0,6,25,10342
1,4,lr_1em03_sched_none_img_224_ft_layer3_layer4_fc_loss_weighted_cross_entropy_85e7d70c96,0.001,none,224,layer3_layer4_fc,weighted_cross_entropy,resnet18,imagenet,70,21,49,124,23,13,10,43,0.9130434782608696,0.8923076923076924,0.8756476429553353,1.0,0.8,0.8666666666666667,1.0,0.9285714285714286,0.1216326206922531,8,2,0,13,24,10442
1,1,lr_1em03_sched_none_img_224_ft_layer3_layer4_fc_loss_focal_d5e4723b9f,0.001,none,224,layer3_layer4_fc,focal,resnet18,imagenet,70,25,45,125,23,9,14,42,0.8260869565217391,0.8333333333333334,0.6983363858363859,0.6666666666666666,0.9285714285714286,0.8571428571428571,0.6666666666666666,0.75,1.1029873014933857e-08,13,1,3,6,1,10142
1,2,lr_1em03_sched_none_img_224_ft_layer3_layer4_fc_loss_focal_d5e4723b9f,0.001,none,224,layer3_layer4_fc,focal,resnet18,imagenet,69,28,41,125,24,6,18,42,0.875,0.8425925925925926,0.7633458646616541,0.8333333333333334,0.8888888888888888,0.7142857142857143,0.8333333333333334,0.7692307692307693,0.0072219693101942,16,2,1,5,4,10242
1,3,lr_1em03_sched_none_img_224_ft_layer3_layer4_fc_loss_focal_d5e4723b9f,0.001,none,224,layer3_layer4_fc,focal,resnet18,imagenet,70,28,42,127,23,6,17,40,0.9130434782608696,0.9019607843137256,0.8477564102564101,0.6666666666666666,1.0,1.0,0.6666666666666666,0.8,0.3771105408668518,17,0,2,4,11,10342
1,4,lr_1em03_sched_none_img_224_ft_layer3_layer4_fc_loss_focal_d5e4723b9f,0.001,none,224,layer3_layer4_fc,focal,resnet18,imagenet,70,21,49,124,23,13,10,43,0.8695652173913043,0.876923076923077,0.9188128111205032,0.9230769230769232,0.8,0.8571428571428571,0.9230769230769232,0.8888888888888888,0.4408486783504486,8,2,1,12,4,10442
1,1,lr_1em03_sched_none_img_224_ft_full_loss_weighted_cross_entropy_006105b93c,0.001,none,224,full,weighted_cross_entropy,resnet18,imagenet,70,25,45,125,23,9,14,42,0.782608695652174,0.7777777777777778,0.6800125313283207,0.8888888888888888,0.7142857142857143,0.6666666666666666,0.8888888888888888,0.7619047619047619,0.0853971913456916,10,4,1,8,11,10142
1,2,lr_1em03_sched_none_img_224_ft_full_loss_weighted_cross_entropy_006105b93c,0.001,none,224,full,weighted_cross_entropy,resnet18,imagenet,69,28,41,125,24,6,18,42,0.7083333333333334,0.8055555555555556,0.6526806526806527,1.0,0.6111111111111112,0.4615384615384615,1.0,0.631578947368421,0.3807832896709442,11,7,0,6,13,10242
1,3,lr_1em03_sched_none_img_224_ft_full_loss_weighted_cross_entropy_006105b93c,0.001,none,224,full,weighted_cross_entropy,resnet18,imagenet,70,28,42,127,23,6,17,40,0.9130434782608696,0.7745098039215685,0.7761904761904761,0.6666666666666666,1.0,1.0,0.6666666666666666,0.8,0.9332569241523744,17,0,2,4,1,10342
1,4,lr_1em03_sched_none_img_224_ft_full_loss_weighted_cross_entropy_006105b93c,0.001,none,224,full,weighted_cross_entropy,resnet18,imagenet,70,21,49,124,23,13,10,43,0.8260869565217391,0.8846153846153847,0.9253089016246908,0.7692307692307693,0.9,0.9090909090909092,0.7692307692307693,0.8333333333333334,0.2960734963417053,9,1,3,10,12,10442
1,1,lr_1em03_sched_none_img_224_ft_full_loss_focal_245c243886,0.001,none,224,full,focal,resnet18,imagenet,70,25,45,125,23,9,14,42,0.7391304347826086,0.753968253968254,0.6713243546576881,0.7777777777777778,0.7142857142857143,0.6363636363636364,0.7777777777777778,0.7,0.4344092011451721,10,4,2,7,4,10142
1,2,lr_1em03_sched_none_img_224_ft_full_loss_focal_245c243886,0.001,none,224,full,focal,resnet18,imagenet,69,28,41,125,24,6,18,42,0.7083333333333334,0.75,0.4438131313131312,0.8333333333333334,0.6666666666666666,0.4545454545454545,0.8333333333333334,0.5882352941176471,5.829742640658145e-17,12,6,1,5,3,10242
1,3,lr_1em03_sched_none_img_224_ft_full_loss_focal_245c243886,0.001,none,224,full,focal,resnet18,imagenet,70,28,42,127,23,6,17,40,0.6521739130434783,0.7156862745098039,0.4387718762718762,1.0,0.5294117647058824,0.4285714285714285,1.0,0.6,3.307055465029407e-07,9,8,0,6,2,10342
1,4,lr_1em03_sched_none_img_224_ft_full_loss_focal_245c243886,0.001,none,224,full,focal,resnet18,imagenet,70,21,49,124,23,13,10,43,0.8260869565217391,0.8923076923076924,0.9330012093169986,0.6923076923076923,1.0,1.0,0.6923076923076923,0.8181818181818182,0.5517686009407043,10,0,4,9,7,10442
1,1,lr_1em03_sched_none_img_320_ft_fc_only_loss_weighted_cross_entropy_836cdb394a,0.001,none,320,fc_only,weighted_cross_entropy,resnet18,imagenet,70,25,45,125,23,9,14,42,0.6956521739130435,0.6507936507936508,0.5598290598290598,0.8888888888888888,0.5714285714285714,0.5714285714285714,0.8888888888888888,0.6956521739130435,0.0893125310540199,8,6,1,8,27,10142
1,2,lr_1em03_sched_none_img_320_ft_fc_only_loss_weighted_cross_entropy_836cdb394a,0.001,none,320,fc_only,weighted_cross_entropy,resnet18,imagenet,69,28,41,125,24,6,18,42,0.7083333333333334,0.6388888888888888,0.4658730158730159,0.5,0.7777777777777778,0.4285714285714285,0.5,0.4615384615384615,0.8605857491493225,14,4,3,3,4,10242
1,3,lr_1em03_sched_none_img_320_ft_fc_only_loss_weighted_cross_entropy_836cdb394a,0.001,none,320,fc_only,weighted_cross_entropy,resnet18,imagenet,70,28,42,127,23,6,17,40,0.5217391304347826,0.6470588235294117,0.401175621763857,1.0,0.3529411764705882,0.3529411764705882,1.0,0.5217391304347826,0.0215403828769922,6,11,0,6,19,10342
1,4,lr_1em03_sched_none_img_320_ft_fc_only_loss_weighted_cross_entropy_836cdb394a,0.001,none,320,fc_only,weighted_cross_entropy,resnet18,imagenet,70,21,49,124,23,13,10,43,0.8260869565217391,0.8153846153846154,0.8724226071216037,0.7692307692307693,0.9,0.9090909090909092,0.7692307692307693,0.8333333333333334,0.051454946398735,9,1,3,10,2,10442
1,1,lr_1em03_sched_none_img_320_ft_fc_only_loss_focal_00c9594df0,0.001,none,320,fc_only,focal,resnet18,imagenet,70,25,45,125,23,9,14,42,0.6956521739130435,0.6825396825396826,0.5613061321394655,1.0,0.5,0.5625,1.0,0.72,0.3089646995067596,7,7,0,9,30,10142
1,2,lr_1em03_sched_none_img_320_ft_fc_only_loss_focal_00c9594df0,0.001,none,320,fc_only,focal,resnet18,imagenet,69,28,41,125,24,6,18,42,0.4583333333333333,0.5185185185185186,0.2846450934686229,0.8333333333333334,0.3333333333333333,0.2941176470588235,0.8333333333333334,0.4347826086956521,0.514563798904419,6,12,1,5,4,10242
1,3,lr_1em03_sched_none_img_320_ft_fc_only_loss_focal_00c9594df0,0.001,none,320,fc_only,focal,resnet18,imagenet,70,28,42,127,23,6,17,40,0.6086956521739131,0.6568627450980392,0.4739149739149739,0.8333333333333334,0.5294117647058824,0.3846153846153846,0.8333333333333334,0.5263157894736842,0.2964017987251282,9,8,1,5,20,10342
1,4,lr_1em03_sched_none_img_320_ft_fc_only_loss_focal_00c9594df0,0.001,none,320,fc_only,focal,resnet18,imagenet,70,21,49,124,23,13,10,43,0.8260869565217391,0.8538461538461538,0.8903503359385709,1.0,0.6,0.7647058823529411,1.0,0.8666666666666667,0.0832834094762802,6,4,0,13,25,10442
1,1,lr_1em03_sched_none_img_320_ft_layer4_fc_loss_weighted_cross_entropy_578e824dcb,0.001,none,320,layer4_fc,weighted_cross_entropy,resnet18,imagenet,70,25,45,125,23,9,14,42,0.8260869565217391,0.8253968253968255,0.8119386786053453,0.7777777777777778,0.8571428571428571,0.7777777777777778,0.7777777777777778,0.7777777777777778,0.2610589563846588,12,2,2,7,18,10142
1,2,lr_1em03_sched_none_img_320_ft_layer4_fc_loss_weighted_cross_entropy_578e824dcb,0.001,none,320,layer4_fc,weighted_cross_entropy,resnet18,imagenet,69,28,41,125,24,6,18,42,0.7083333333333334,0.7685185185185185,0.6674242424242425,0.8333333333333334,0.6666666666666666,0.4545454545454545,0.8333333333333334,0.5882352941176471,0.0106752598658204,12,6,1,5,6,10242
1,3,lr_1em03_sched_none_img_320_ft_layer4_fc_loss_weighted_cross_entropy_578e824dcb,0.001,none,320,layer4_fc,weighted_cross_entropy,resnet18,imagenet,70,28,42,127,23,6,17,40,0.8260869565217391,0.9215686274509804,0.8107142857142856,1.0,0.7647058823529411,0.6,1.0,0.75,0.994892954826355,13,4,0,6,2,10342
1,4,lr_1em03_sched_none_img_320_ft_layer4_fc_loss_weighted_cross_entropy_578e824dcb,0.001,none,320,layer4_fc,weighted_cross_entropy,resnet18,imagenet,70,21,49,124,23,13,10,43,0.8260869565217391,0.7692307692307692,0.7467911173793527,1.0,0.6,0.7647058823529411,1.0,0.8666666666666667,1.1556412005120364e-07,6,4,0,13,2,10442
1,1,lr_1em03_sched_none_img_320_ft_layer4_fc_loss_focal_e507192914,0.001,none,320,layer4_fc,focal,resnet18,imagenet,70,25,45,125,23,9,14,42,0.8260869565217391,0.7777777777777778,0.7853192559074913,0.5555555555555556,1.0,1.0,0.5555555555555556,0.7142857142857143,0.5138549208641052,14,0,4,5,10,10142
1,2,lr_1em03_sched_none_img_320_ft_layer4_fc_loss_focal_e507192914,0.001,none,320,layer4_fc,focal,resnet18,imagenet,69,28,41,125,24,6,18,42,0.8333333333333334,0.8333333333333334,0.7875000000000001,0.8333333333333334,0.8333333333333334,0.625,0.8333333333333334,0.7142857142857143,0.7272810339927673,15,3,1,5,10,10242
1,3,lr_1em03_sched_none_img_320_ft_layer4_fc_loss_focal_e507192914,0.001,none,320,layer4_fc,focal,resnet18,imagenet,70,28,42,127,23,6,17,40,0.8695652173913043,0.9019607843137254,0.6680555555555555,1.0,0.8235294117647058,0.6666666666666666,1.0,0.8,0.4471615850925445,14,3,0,6,21,10342
1,4,lr_1em03_sched_none_img_320_ft_layer4_fc_loss_focal_e507192914,0.001,none,320,layer4_fc,focal,resnet18,imagenet,70,21,49,124,23,13,10,43,0.8260869565217391,0.8615384615384616,0.9025335775335772,0.9230769230769232,0.7,0.8,0.9230769230769232,0.8571428571428571,0.4208467006683349,7,3,1,12,16,10442
1,1,lr_1em03_sched_none_img_320_ft_layer3_layer4_fc_loss_weighted_cross_entropy_65901fafb2,0.001,none,320,layer3_layer4_fc,weighted_cross_entropy,resnet18,imagenet,70,25,45,125,23,9,14,42,0.6956521739130435,0.6904761904761905,0.6645210272661253,0.7777777777777778,0.6428571428571429,0.5833333333333334,0.7777777777777778,0.6666666666666666,0.1282023936510086,9,5,2,7,4,10142
1,2,lr_1em03_sched_none_img_320_ft_layer3_layer4_fc_loss_weighted_cross_entropy_65901fafb2,0.001,none,320,layer3_layer4_fc,weighted_cross_entropy,resnet18,imagenet,69,28,41,125,24,6,18,42,0.9583333333333334,0.8703703703703703,0.8833333333333333,0.8333333333333334,1.0,1.0,0.8333333333333334,0.9090909090909092,0.8768891096115112,18,0,1,5,4,10242
1,3,lr_1em03_sched_none_img_320_ft_layer3_layer4_fc_loss_weighted_cross_entropy_65901fafb2,0.001,none,320,layer3_layer4_fc,weighted_cross_entropy,resnet18,imagenet,70,28,42,127,23,6,17,40,0.782608695652174,0.9117647058823528,0.8501683501683501,1.0,0.7058823529411765,0.5454545454545454,1.0,0.7058823529411765,0.5969494581222534,12,5,0,6,8,10342
1,4,lr_1em03_sched_none_img_320_ft_layer3_layer4_fc_loss_weighted_cross_entropy_65901fafb2,0.001,none,320,layer3_layer4_fc,weighted_cross_entropy,resnet18,imagenet,70,21,49,124,23,13,10,43,0.9130434782608696,0.9307692307692308,0.943687935995628,1.0,0.8,0.8666666666666667,1.0,0.9285714285714286,0.3790857195854187,8,2,0,13,10,10442
1,1,lr_1em03_sched_none_img_320_ft_layer3_layer4_fc_loss_focal_706f56cbf3,0.001,none,320,layer3_layer4_fc,focal,resnet18,imagenet,70,25,45,125,23,9,14,42,0.782608695652174,0.8095238095238095,0.7976851851851852,0.6666666666666666,0.8571428571428571,0.75,0.6666666666666666,0.7058823529411765,0.5565313696861267,12,2,3,6,8,10142
1,2,lr_1em03_sched_none_img_320_ft_layer3_layer4_fc_loss_focal_706f56cbf3,0.001,none,320,layer3_layer4_fc,focal,resnet18,imagenet,69,28,41,125,24,6,18,42,0.9166666666666666,0.8333333333333334,0.6442982456140351,0.8333333333333334,0.9444444444444444,0.8333333333333334,0.8333333333333334,0.8333333333333334,0.8491688370704651,17,1,1,5,3,10242
1,3,lr_1em03_sched_none_img_320_ft_layer3_layer4_fc_loss_focal_706f56cbf3,0.001,none,320,layer3_layer4_fc,focal,resnet18,imagenet,70,28,42,127,23,6,17,40,0.8695652173913043,0.8823529411764706,0.6208333333333332,1.0,0.8235294117647058,0.6666666666666666,1.0,0.8,0.5457671880722046,14,3,0,6,22,10342
1,4,lr_1em03_sched_none_img_320_ft_layer3_layer4_fc_loss_focal_706f56cbf3,0.001,none,320,layer3_layer4_fc,focal,resnet18,imagenet,70,21,49,124,23,13,10,43,0.9565217391304348,0.9076923076923076,0.8652644364182827,1.0,0.9,0.9285714285714286,1.0,0.9629629629629628,0.419570654630661,9,1,0,13,3,10442
1,1,lr_1em03_sched_none_img_320_ft_full_loss_weighted_cross_entropy_fe6fdc5ff9,0.001,none,320,full,weighted_cross_entropy,resnet18,imagenet,70,25,45,125,23,9,14,42,0.8695652173913043,0.8571428571428571,0.8157848324514991,0.8888888888888888,0.8571428571428571,0.8,0.8888888888888888,0.8421052631578947,0.2866223156452179,12,2,1,8,20,10142
1,2,lr_1em03_sched_none_img_320_ft_full_loss_weighted_cross_entropy_fe6fdc5ff9,0.001,none,320,full,weighted_cross_entropy,resnet18,imagenet,69,28,41,125,24,6,18,42,0.6666666666666666,0.787037037037037,0.5157046657046658,1.0,0.5555555555555556,0.4285714285714285,1.0,0.6,0.0408817492425441,10,8,0,6,23,10242
1,3,lr_1em03_sched_none_img_320_ft_full_loss_weighted_cross_entropy_fe6fdc5ff9,0.001,none,320,full,weighted_cross_entropy,resnet18,imagenet,70,28,42,127,23,6,17,40,0.8695652173913043,0.8725490196078431,0.671067821067821,0.8333333333333334,0.8823529411764706,0.7142857142857143,0.8333333333333334,0.7692307692307693,0.2603522539138794,15,2,1,5,12,10342
1,4,lr_1em03_sched_none_img_320_ft_full_loss_weighted_cross_entropy_fe6fdc5ff9,0.001,none,320,full,weighted_cross_entropy,resnet18,imagenet,70,21,49,124,23,13,10,43,0.8695652173913043,0.8692307692307693,0.9285714285714284,0.7692307692307693,1.0,1.0,0.7692307692307693,0.8695652173913043,0.2042765319347381,10,0,3,10,3,10442
1,1,lr_1em03_sched_none_img_320_ft_full_loss_focal_7c6d6444f2,0.001,none,320,full,focal,resnet18,imagenet,70,25,45,125,23,9,14,42,0.7391304347826086,0.7857142857142856,0.6718152218152218,1.0,0.5714285714285714,0.6,1.0,0.75,0.4724579453468323,8,6,0,9,12,10142
1,2,lr_1em03_sched_none_img_320_ft_full_loss_focal_7c6d6444f2,0.001,none,320,full,focal,resnet18,imagenet,69,28,41,125,24,6,18,42,0.875,0.8333333333333334,0.7077903091060985,0.8333333333333334,0.8888888888888888,0.7142857142857143,0.8333333333333334,0.7692307692307693,0.6100926399230957,16,2,1,5,20,10242
1,3,lr_1em03_sched_none_img_320_ft_full_loss_focal_7c6d6444f2,0.001,none,320,full,focal,resnet18,imagenet,70,28,42,127,23,6,17,40,0.6956521739130435,0.7156862745098039,0.5313131313131313,0.8333333333333334,0.6470588235294118,0.4545454545454545,0.8333333333333334,0.5882352941176471,0.5917956829071045,11,6,1,5,9,10342
1,4,lr_1em03_sched_none_img_320_ft_full_loss_focal_7c6d6444f2,0.001,none,320,full,focal,resnet18,imagenet,70,21,49,124,23,13,10,43,0.8695652173913043,0.8923076923076922,0.9354952237305176,0.7692307692307693,1.0,1.0,0.7692307692307693,0.8695652173913043,0.4219503700733185,10,0,3,10,20,10442
2,1,lr_1em05_sched_step_img_224_ft_fc_only_loss_weighted_cross_entropy_e744e19af3,1e-05,step,224,fc_only,weighted_cross_entropy,resnet18,imagenet,69,31,38,121,24,9,15,43,0.625,0.4666666666666667,0.4053500846979107,0.4444444444444444,0.7333333333333333,0.5,0.4444444444444444,0.4705882352941176,0.7141240239143372,11,4,5,4,1,20142
2,2,lr_1em05_sched_step_img_224_ft_fc_only_loss_weighted_cross_entropy_e744e19af3,1e-05,step,224,fc_only,weighted_cross_entropy,resnet18,imagenet,70,30,40,121,23,10,13,43,0.6956521739130435,0.6461538461538461,0.6984920634920634,0.5,0.8461538461538461,0.7142857142857143,0.5,0.5882352941176471,0.6020306348800659,11,2,5,5,8,20242
2,3,lr_1em05_sched_step_img_224_ft_fc_only_loss_weighted_cross_entropy_e744e19af3,1e-05,step,224,fc_only,weighted_cross_entropy,resnet18,imagenet,70,28,42,127,23,12,11,37,0.5652173913043478,0.4242424242424242,0.5064310853355476,0.9166666666666666,0.1818181818181818,0.55,0.9166666666666666,0.6875,0.4275826811790466,2,9,1,11,3,20342
2,4,lr_1em05_sched_step_img_224_ft_fc_only_loss_weighted_cross_entropy_e744e19af3,1e-05,step,224,fc_only,weighted_cross_entropy,resnet18,imagenet,70,31,39,123,23,9,14,41,0.6956521739130435,0.5873015873015873,0.5804037103056711,0.4444444444444444,0.8571428571428571,0.6666666666666666,0.4444444444444444,0.5333333333333333,0.5263829231262207,12,2,5,4,28,20442
2,1,lr_1em05_sched_step_img_224_ft_fc_only_loss_focal_7d44ac8191,1e-05,step,224,fc_only,focal,resnet18,imagenet,69,31,38,121,24,9,15,43,0.625,0.4592592592592592,0.4021754815233076,0.4444444444444444,0.7333333333333333,0.5,0.4444444444444444,0.4705882352941176,0.7145828008651733,11,4,5,4,1,20142
2,2,lr_1em05_sched_step_img_224_ft_fc_only_loss_focal_7d44ac8191,1e-05,step,224,fc_only,focal,resnet18,imagenet,70,30,40,121,23,10,13,43,0.6956521739130435,0.6384615384615384,0.6851587301587301,0.5,0.8461538461538461,0.7142857142857143,0.5,0.5882352941176471,0.5938732624053955,11,2,5,5,8,20242
2,3,lr_1em05_sched_step_img_224_ft_fc_only_loss_focal_7d44ac8191,1e-05,step,224,fc_only,focal,resnet18,imagenet,70,28,42,127,23,12,11,37,0.5652173913043478,0.4242424242424242,0.5064310853355476,0.9166666666666666,0.1818181818181818,0.55,0.9166666666666666,0.6875,0.4291395246982574,2,9,1,11,3,20342
2,4,lr_1em05_sched_step_img_224_ft_fc_only_loss_focal_7d44ac8191,1e-05,step,224,fc_only,focal,resnet18,imagenet,70,31,39,123,23,9,14,41,0.6956521739130435,0.5873015873015873,0.5804037103056711,0.4444444444444444,0.8571428571428571,0.6666666666666666,0.4444444444444444,0.5333333333333333,0.5358341336250305,12,2,5,4,28,20442
2,1,lr_1em05_sched_step_img_224_ft_layer4_fc_loss_weighted_cross_entropy_091065855a,1e-05,step,224,layer4_fc,weighted_cross_entropy,resnet18,imagenet,69,31,38,121,24,9,15,43,0.625,0.4962962962962962,0.4242293535771796,0.5555555555555556,0.6666666666666666,0.5,0.5555555555555556,0.5263157894736842,0.7107042074203491,10,5,4,5,1,20142
2,2,lr_1em05_sched_step_img_224_ft_layer4_fc_loss_weighted_cross_entropy_091065855a,1e-05,step,224,layer4_fc,weighted_cross_entropy,resnet18,imagenet,70,30,40,121,23,10,13,43,0.6956521739130435,0.6538461538461537,0.680156515311314,0.5,0.8461538461538461,0.7142857142857143,0.5,0.5882352941176471,0.5517412424087524,11,2,5,5,9,20242
2,3,lr_1em05_sched_step_img_224_ft_layer4_fc_loss_weighted_cross_entropy_091065855a,1e-05,step,224,layer4_fc,weighted_cross_entropy,resnet18,imagenet,70,28,42,127,23,12,11,37,0.6521739130434783,0.5303030303030304,0.6126951142775952,0.5833333333333334,0.7272727272727273,0.7,0.5833333333333334,0.6363636363636364,0.5035629272460938,8,3,5,7,27,20342
2,4,lr_1em05_sched_step_img_224_ft_layer4_fc_loss_weighted_cross_entropy_091065855a,1e-05,step,224,layer4_fc,weighted_cross_entropy,resnet18,imagenet,70,31,39,123,23,9,14,41,0.8260869565217391,0.7539682539682541,0.7641923436041085,0.6666666666666666,0.9285714285714286,0.8571428571428571,0.6666666666666666,0.75,0.4317747950553894,13,1,3,6,21,20442
2,1,lr_1em05_sched_step_img_224_ft_layer4_fc_loss_focal_862eb530de,1e-05,step,224,layer4_fc,focal,resnet18,imagenet,69,31,38,121,24,9,15,43,0.625,0.5185185185185185,0.4506843800322061,0.6666666666666666,0.6,0.5,0.6666666666666666,0.5714285714285714,0.7110961079597473,9,6,3,6,1,20142
2,2,lr_1em05_sched_step_img_224_ft_layer4_fc_loss_focal_862eb530de,1e-05,step,224,layer4_fc,focal,resnet18,imagenet,70,30,40,121,23,10,13,43,0.6956521739130435,0.6384615384615384,0.6402652464494569,0.6,0.7692307692307693,0.6666666666666666,0.6,0.631578947368421,0.519097089767456,10,3,4,6,9,20242
2,3,lr_1em05_sched_step_img_224_ft_layer4_fc_loss_focal_862eb530de,1e-05,step,224,layer4_fc,focal,resnet18,imagenet,70,28,42,127,23,12,11,37,0.6086956521739131,0.4848484848484848,0.5309984483704029,0.9166666666666666,0.2727272727272727,0.5789473684210527,0.9166666666666666,0.7096774193548387,0.4423276782035827,3,8,1,11,3,20342
2,4,lr_1em05_sched_step_img_224_ft_layer4_fc_loss_focal_862eb530de,1e-05,step,224,layer4_fc,focal,resnet18,imagenet,70,31,39,123,23,9,14,41,0.7391304347826086,0.7301587301587301,0.7348788638262325,0.6666666666666666,0.7857142857142857,0.6666666666666666,0.6666666666666666,0.6666666666666666,0.4164425134658813,11,3,3,6,19,20442
2,1,lr_1em05_sched_step_img_224_ft_layer3_layer4_fc_loss_weighted_cross_entropy_2ad1b25df8,1e-05,step,224,layer3_layer4_fc,weighted_cross_entropy,resnet18,imagenet,69,31,38,121,24,9,15,43,0.6666666666666666,0.5111111111111111,0.4427409010742343,0.5555555555555556,0.7333333333333333,0.5555555555555556,0.5555555555555556,0.5555555555555556,0.7215370535850525,11,4,4,5,1,20142
2,2,lr_1em05_sched_step_img_224_ft_layer3_layer4_fc_loss_weighted_cross_entropy_2ad1b25df8,1e-05,step,224,layer3_layer4_fc,weighted_cross_entropy,resnet18,imagenet,70,30,40,121,23,10,13,43,0.782608695652174,0.6923076923076924,0.6883333333333332,0.6,0.9230769230769232,0.8571428571428571,0.6,0.7058823529411765,0.4946948885917663,12,1,4,6,10,20242
2,3,lr_1em05_sched_step_img_224_ft_layer3_layer4_fc_loss_weighted_cross_entropy_2ad1b25df8,1e-05,step,224,layer3_layer4_fc,weighted_cross_entropy,resnet18,imagenet,70,28,42,127,23,12,11,37,0.6521739130434783,0.6363636363636364,0.7150601512014556,0.6666666666666666,0.6363636363636364,0.6666666666666666,0.6666666666666666,0.6666666666666666,0.4959102571010589,7,4,4,8,22,20342
2,4,lr_1em05_sched_step_img_224_ft_layer3_layer4_fc_loss_weighted_cross_entropy_2ad1b25df8,1e-05,step,224,layer3_layer4_fc,weighted_cross_entropy,resnet18,imagenet,70,31,39,123,23,9,14,41,0.7391304347826086,0.7301587301587302,0.7070953737620405,0.6666666666666666,0.7857142857142857,0.6666666666666666,0.6666666666666666,0.6666666666666666,0.4446987807750702,11,3,3,6,22,20442
2,1,lr_1em05_sched_step_img_224_ft_layer3_layer4_fc_loss_focal_ac42961866,1e-05,step,224,layer3_layer4_fc,focal,resnet18,imagenet,69,31,38,121,24,9,15,43,0.7916666666666666,0.6148148148148148,0.6804612703735511,0.4444444444444444,1.0,1.0,0.4444444444444444,0.6153846153846154,0.6154593825340271,15,0,5,4,13,20142
2,2,lr_1em05_sched_step_img_224_ft_layer3_layer4_fc_loss_focal_ac42961866,1e-05,step,224,layer3_layer4_fc,focal,resnet18,imagenet,70,30,40,121,23,10,13,43,0.6956521739130435,0.6230769230769231,0.654563492063492,0.6,0.7692307692307693,0.6666666666666666,0.6,0.631578947368421,0.5576944351196289,10,3,4,6,8,20242
2,3,lr_1em05_sched_step_img_224_ft_layer3_layer4_fc_loss_focal_ac42961866,1e-05,step,224,layer3_layer4_fc,focal,resnet18,imagenet,70,28,42,127,23,12,11,37,0.5652173913043478,0.4621212121212121,0.5236985401030023,0.5833333333333334,0.5454545454545454,0.5833333333333334,0.5833333333333334,0.5833333333333334,0.541747510433197,6,5,5,7,3,20342
2,4,lr_1em05_sched_step_img_224_ft_layer3_layer4_fc_loss_focal_ac42961866,1e-05,step,224,layer3_layer4_fc,focal,resnet18,imagenet,70,31,39,123,23,9,14,41,0.7391304347826086,0.7222222222222222,0.7133838383838385,0.4444444444444444,0.9285714285714286,0.8,0.4444444444444444,0.5714285714285714,0.4309897422790527,13,1,5,4,27,20442
2,1,lr_1em05_sched_step_img_224_ft_full_loss_weighted_cross_entropy_98beac15b4,1e-05,step,224,full,weighted_cross_entropy,resnet18,imagenet,69,31,38,121,24,9,15,43,0.75,0.6888888888888889,0.6885802469135802,0.4444444444444444,0.9333333333333332,0.8,0.4444444444444444,0.5714285714285714,0.5656118392944336,14,1,5,4,23,20142
2,2,lr_1em05_sched_step_img_224_ft_full_loss_weighted_cross_entropy_98beac15b4,1e-05,step,224,full,weighted_cross_entropy,resnet18,imagenet,70,30,40,121,23,10,13,43,0.6956521739130435,0.5769230769230769,0.6431555995603983,0.3,1.0,1.0,0.3,0.4615384615384615,0.5676235556602478,13,0,7,3,9,20242
2,3,lr_1em05_sched_step_img_224_ft_full_loss_weighted_cross_entropy_98beac15b4,1e-05,step,224,full,weighted_cross_entropy,resnet18,imagenet,70,28,42,127,23,12,11,37,0.6956521739130435,0.5681818181818181,0.6328749709706096,0.5,0.9090909090909092,0.8571428571428571,0.5,0.631578947368421,0.570519745349884,10,1,6,6,10,20342
2,4,lr_1em05_sched_step_img_224_ft_full_loss_weighted_cross_entropy_98beac15b4,1e-05,step,224,full,weighted_cross_entropy,resnet18,imagenet,70,31,39,123,23,9,14,41,0.7391304347826086,0.753968253968254,0.7161024218299761,0.7777777777777778,0.7142857142857143,0.6363636363636364,0.7777777777777778,0.7,0.4113807678222656,10,4,2,7,15,20442
2,1,lr_1em05_sched_step_img_224_ft_full_loss_focal_e7ad1ca13a,1e-05,step,224,full,focal,resnet18,imagenet,69,31,38,121,24,9,15,43,0.5416666666666666,0.562962962962963,0.536879024159726,1.0,0.2666666666666666,0.45,1.0,0.6206896551724138,0.4883162081241607,4,11,0,9,7,20142
2,2,lr_1em05_sched_step_img_224_ft_full_loss_focal_e7ad1ca13a,1e-05,step,224,full,focal,resnet18,imagenet,70,30,40,121,23,10,13,43,0.6956521739130435,0.6384615384615384,0.6854373455921443,0.4,0.9230769230769232,0.8,0.4,0.5333333333333333,0.594892680644989,12,1,6,4,8,20242
2,3,lr_1em05_sched_step_img_224_ft_full_loss_focal_e7ad1ca13a,1e-05,step,224,full,focal,resnet18,imagenet,70,28,42,127,23,12,11,37,0.6521739130434783,0.5227272727272727,0.6815417768742578,0.3333333333333333,1.0,1.0,0.3333333333333333,0.5,0.6005949378013611,11,0,8,4,15,20342
2,4,lr_1em05_sched_step_img_224_ft_full_loss_focal_e7ad1ca13a,1e-05,step,224,full,focal,resnet18,imagenet,70,31,39,123,23,9,14,41,0.7391304347826086,0.6746031746031746,0.6357050901168548,0.4444444444444444,0.9285714285714286,0.8,0.4444444444444444,0.5714285714285714,0.5020603537559509,13,1,5,4,21,20442
2,1,lr_1em05_sched_step_img_320_ft_fc_only_loss_weighted_cross_entropy_ba27b92124,1e-05,step,320,fc_only,weighted_cross_entropy,resnet18,imagenet,69,31,38,121,24,9,15,43,0.6666666666666666,0.3111111111111111,0.4035944237698623,0.1111111111111111,1.0,1.0,0.1111111111111111,0.2,0.7901543378829956,15,0,8,1,1,20142
2,2,lr_1em05_sched_step_img_320_ft_fc_only_loss_weighted_cross_entropy_ba27b92124,1e-05,step,320,fc_only,weighted_cross_entropy,resnet18,imagenet,70,30,40,121,23,10,13,43,0.7391304347826086,0.7230769230769231,0.6823976747889791,0.9,0.6153846153846154,0.6428571428571429,0.9,0.75,0.4359358549118042,8,5,1,9,9,20242
2,3,lr_1em05_sched_step_img_320_ft_fc_only_loss_weighted_cross_entropy_ba27b92124,1e-05,step,320,fc_only,weighted_cross_entropy,resnet18,imagenet,70,28,42,127,23,12,11,37,0.5652173913043478,0.4772727272727273,0.616861899075185,0.1666666666666666,1.0,1.0,0.1666666666666666,0.2857142857142857,0.7386842370033264,11,0,10,2,8,20342
2,4,lr_1em05_sched_step_img_320_ft_fc_only_loss_weighted_cross_entropy_ba27b92124,1e-05,step,320,fc_only,weighted_cross_entropy,resnet18,imagenet,70,31,39,123,23,9,14,41,0.6521739130434783,0.5158730158730158,0.5264797580587054,0.3333333333333333,0.8571428571428571,0.6,0.3333333333333333,0.4285714285714285,0.5533016920089722,12,2,6,3,18,20442
2,1,lr_1em05_sched_step_img_320_ft_fc_only_loss_focal_d49e6a8277,1e-05,step,320,fc_only,focal,resnet18,imagenet,69,31,38,121,24,9,15,43,0.6666666666666666,0.3111111111111111,0.4035944237698623,0.1111111111111111,1.0,1.0,0.1111111111111111,0.2,0.7880761027336121,15,0,8,1,1,20142
2,2,lr_1em05_sched_step_img_320_ft_fc_only_loss_focal_d49e6a8277,1e-05,step,320,fc_only,focal,resnet18,imagenet,70,30,40,121,23,10,13,43,0.7391304347826086,0.7230769230769231,0.6823976747889791,0.9,0.6153846153846154,0.6428571428571429,0.9,0.75,0.4431716799736023,8,5,1,9,9,20242
2,3,lr_1em05_sched_step_img_320_ft_fc_only_loss_focal_d49e6a8277,1e-05,step,320,fc_only,focal,resnet18,imagenet,70,28,42,127,23,12,11,37,0.5652173913043478,0.4696969696969697,0.6130740202873061,0.1666666666666666,1.0,1.0,0.1666666666666666,0.2857142857142857,0.7372742891311646,11,0,10,2,8,20342
2,4,lr_1em05_sched_step_img_320_ft_fc_only_loss_focal_d49e6a8277,1e-05,step,320,fc_only,focal,resnet18,imagenet,70,31,39,123,23,9,14,41,0.6521739130434783,0.5079365079365079,0.5127231443020916,0.4444444444444444,0.7857142857142857,0.5714285714285714,0.4444444444444444,0.5,0.5394644737243652,11,3,5,4,19,20442
2,1,lr_1em05_sched_step_img_320_ft_layer4_fc_loss_weighted_cross_entropy_ca78caaccc,1e-05,step,320,layer4_fc,weighted_cross_entropy,resnet18,imagenet,69,31,38,121,24,9,15,43,0.75,0.6814814814814815,0.6264309764309763,0.4444444444444444,0.9333333333333332,0.8,0.4444444444444444,0.5714285714285714,0.6024567484855652,14,1,5,4,29,20142
2,2,lr_1em05_sched_step_img_320_ft_layer4_fc_loss_weighted_cross_entropy_ca78caaccc,1e-05,step,320,layer4_fc,weighted_cross_entropy,resnet18,imagenet,70,30,40,121,23,10,13,43,0.6956521739130435,0.5923076923076923,0.6503688754149785,0.3,1.0,1.0,0.3,0.4615384615384615,0.618891716003418,13,0,7,3,15,20242
2,3,lr_1em05_sched_step_img_320_ft_layer4_fc_loss_weighted_cross_entropy_ca78caaccc,1e-05,step,320,layer4_fc,weighted_cross_entropy,resnet18,imagenet,70,28,42,127,23,12,11,37,0.7391304347826086,0.7196969696969697,0.7661408107379976,0.75,0.7272727272727273,0.75,0.75,0.75,0.6635196208953857,8,3,3,9,12,20342
2,4,lr_1em05_sched_step_img_320_ft_layer4_fc_loss_weighted_cross_entropy_ca78caaccc,1e-05,step,320,layer4_fc,weighted_cross_entropy,resnet18,imagenet,70,31,39,123,23,9,14,41,0.782608695652174,0.7777777777777778,0.7851851851851852,0.6666666666666666,0.8571428571428571,0.75,0.6666666666666666,0.7058823529411765,0.5509624481201172,12,2,3,6,22,20442
2,1,lr_1em05_sched_step_img_320_ft_layer4_fc_loss_focal_e098405847,1e-05,step,320,layer4_fc,focal,resnet18,imagenet,69,31,38,121,24,9,15,43,0.7916666666666666,0.7333333333333334,0.7099647266313933,0.5555555555555556,0.9333333333333332,0.8333333333333334,0.5555555555555556,0.6666666666666666,0.6055300831794739,14,1,4,5,30,20142
2,2,lr_1em05_sched_step_img_320_ft_layer4_fc_loss_focal_e098405847,1e-05,step,320,layer4_fc,focal,resnet18,imagenet,70,30,40,121,23,10,13,43,0.7391304347826086,0.7461538461538462,0.705088245088245,0.7,0.7692307692307693,0.7,0.7,0.7,0.4325070381164551,10,3,3,7,9,20242
2,3,lr_1em05_sched_step_img_320_ft_layer4_fc_loss_focal_e098405847,1e-05,step,320,layer4_fc,focal,resnet18,imagenet,70,28,42,127,23,12,11,37,0.7391304347826086,0.7348484848484849,0.7972684521597566,0.8333333333333334,0.6363636363636364,0.7142857142857143,0.8333333333333334,0.7692307692307693,0.5709928274154663,7,4,2,10,23,20342
2,4,lr_1em05_sched_step_img_320_ft_layer4_fc_loss_focal_e098405847,1e-05,step,320,layer4_fc,focal,resnet18,imagenet,70,31,39,123,23,9,14,41,0.782608695652174,0.6984126984126984,0.7120098039215685,0.4444444444444444,1.0,1.0,0.4444444444444444,0.6153846153846154,0.5770118832588196,14,0,5,4,22,20442
2,1,lr_1em05_sched_step_img_320_ft_layer3_layer4_fc_loss_weighted_cross_entropy_a07a8610a4,1e-05,step,320,layer3_layer4_fc,weighted_cross_entropy,resnet18,imagenet,69,31,38,121,24,9,15,43,0.7916666666666666,0.7703703703703704,0.7564412238325282,0.5555555555555556,0.9333333333333332,0.8333333333333334,0.5555555555555556,0.6666666666666666,0.6312457323074341,14,1,4,5,30,20142
2,2,lr_1em05_sched_step_img_320_ft_layer3_layer4_fc_loss_weighted_cross_entropy_a07a8610a4,1e-05,step,320,layer3_layer4_fc,weighted_cross_entropy,resnet18,imagenet,70,30,40,121,23,10,13,43,0.6956521739130435,0.6307692307692307,0.580322966507177,0.6,0.7692307692307693,0.6666666666666666,0.6,0.631578947368421,0.5548080801963806,10,3,4,6,9,20242
2,3,lr_1em05_sched_step_img_320_ft_layer3_layer4_fc_loss_weighted_cross_entropy_a07a8610a4,1e-05,step,320,layer3_layer4_fc,weighted_cross_entropy,resnet18,imagenet,70,28,42,127,23,12,11,37,0.7391304347826086,0.7424242424242424,0.810659568840347,0.6666666666666666,0.8181818181818182,0.8,0.6666666666666666,0.7272727272727273,0.6402412056922913,9,2,4,8,27,20342
2,4,lr_1em05_sched_step_img_320_ft_layer3_layer4_fc_loss_weighted_cross_entropy_a07a8610a4,1e-05,step,320,layer3_layer4_fc,weighted_cross_entropy,resnet18,imagenet,70,31,39,123,23,9,14,41,0.7391304347826086,0.7698412698412698,0.7327441077441077,0.7777777777777778,0.7142857142857143,0.6363636363636364,0.7777777777777778,0.7,0.4821989238262176,10,4,2,7,25,20442
2,1,lr_1em05_sched_step_img_320_ft_layer3_layer4_fc_loss_focal_f0fa6a864c,1e-05,step,320,layer3_layer4_fc,focal,resnet18,imagenet,69,31,38,121,24,9,15,43,0.6666666666666666,0.6592592592592592,0.6087528555559246,0.6666666666666666,0.6666666666666666,0.5454545454545454,0.6666666666666666,0.6,0.5022721886634827,10,5,3,6,29,20142
2,2,lr_1em05_sched_step_img_320_ft_layer3_layer4_fc_loss_focal_f0fa6a864c,1e-05,step,320,layer3_layer4_fc,focal,resnet18,imagenet,70,30,40,121,23,10,13,43,0.6521739130434783,0.6307692307692307,0.6057966369379413,0.9,0.4615384615384615,0.5625,0.9,0.6923076923076923,0.4256492257118225,6,7,1,9,9,20242
2,3,lr_1em05_sched_step_img_320_ft_layer3_layer4_fc_loss_focal_f0fa6a864c,1e-05,step,320,layer3_layer4_fc,focal,resnet18,imagenet,70,28,42,127,23,12,11,37,0.782608695652174,0.7803030303030303,0.7418758325008324,0.75,0.8181818181818182,0.8181818181818182,0.75,0.782608695652174,0.5351072549819946,9,2,3,9,10,20342
2,4,lr_1em05_sched_step_img_320_ft_layer3_layer4_fc_loss_focal_f0fa6a864c,1e-05,step,320,layer3_layer4_fc,focal,resnet18,imagenet,70,31,39,123,23,9,14,41,0.782608695652174,0.6904761904761905,0.7150382082657625,0.4444444444444444,1.0,1.0,0.4444444444444444,0.6153846153846154,0.5986583232879639,14,0,5,4,30,20442
2,1,lr_1em05_sched_step_img_320_ft_full_loss_weighted_cross_entropy_d9bbe53e91,1e-05,step,320,full,weighted_cross_entropy,resnet18,imagenet,69,31,38,121,24,9,15,43,0.75,0.7185185185185184,0.6834616001282667,0.6666666666666666,0.8,0.6666666666666666,0.6666666666666666,0.6666666666666666,0.5613998174667358,12,3,3,6,30,20142
2,2,lr_1em05_sched_step_img_320_ft_full_loss_weighted_cross_entropy_d9bbe53e91,1e-05,step,320,full,weighted_cross_entropy,resnet18,imagenet,70,30,40,121,23,10,13,43,0.6521739130434783,0.6,0.5533208020050125,0.4,0.8461538461538461,0.6666666666666666,0.4,0.5,0.7334532141685486,11,2,6,4,5,20242
2,3,lr_1em05_sched_step_img_320_ft_full_loss_weighted_cross_entropy_d9bbe53e91,1e-05,step,320,full,weighted_cross_entropy,resnet18,imagenet,70,28,42,127,23,12,11,37,0.782608695652174,0.803030303030303,0.8608952189115234,0.8333333333333334,0.7272727272727273,0.7692307692307693,0.8333333333333334,0.8,0.6030189990997314,8,3,2,10,16,20342
2,4,lr_1em05_sched_step_img_320_ft_full_loss_weighted_cross_entropy_d9bbe53e91,1e-05,step,320,full,weighted_cross_entropy,resnet18,imagenet,70,31,39,123,23,9,14,41,0.6956521739130435,0.8015873015873016,0.7817460317460319,0.8888888888888888,0.5714285714285714,0.5714285714285714,0.8888888888888888,0.6956521739130435,0.3634155988693237,8,6,1,8,28,20442
2,1,lr_1em05_sched_step_img_320_ft_full_loss_focal_0357c79945,1e-05,step,320,full,focal,resnet18,imagenet,69,31,38,121,24,9,15,43,0.7916666666666666,0.6962962962962963,0.7205026455026455,0.4444444444444444,1.0,1.0,0.4444444444444444,0.6153846153846154,0.5931291580200195,15,0,5,4,22,20142
2,2,lr_1em05_sched_step_img_320_ft_full_loss_focal_0357c79945,1e-05,step,320,full,focal,resnet18,imagenet,70,30,40,121,23,10,13,43,0.782608695652174,0.7230769230769231,0.711335403726708,0.6,0.9230769230769232,0.8571428571428571,0.6,0.7058823529411765,0.4947699904441833,12,1,4,6,9,20242
2,3,lr_1em05_sched_step_img_320_ft_full_loss_focal_0357c79945,1e-05,step,320,full,focal,resnet18,imagenet,70,28,42,127,23,12,11,37,0.7391304347826086,0.7954545454545454,0.8458194096351993,0.5833333333333334,0.9090909090909092,0.875,0.5833333333333334,0.7,0.5622391700744629,10,1,5,7,9,20342
2,4,lr_1em05_sched_step_img_320_ft_full_loss_focal_0357c79945,1e-05,step,320,full,focal,resnet18,imagenet,70,31,39,123,23,9,14,41,0.782608695652174,0.6825396825396826,0.7121333426157987,0.4444444444444444,1.0,1.0,0.4444444444444444,0.6153846153846154,0.5479698777198792,14,0,5,4,12,20442
2,1,lr_1em05_sched_cosine_img_224_ft_fc_only_loss_weighted_cross_entropy_a94de4024a,1e-05,cosine,224,fc_only,weighted_cross_entropy,resnet18,imagenet,69,31,38,121,24,9,15,43,0.625,0.4666666666666667,0.4053500846979107,0.4444444444444444,0.7333333333333333,0.5,0.4444444444444444,0.4705882352941176,0.7178312540054321,11,4,5,4,1,20142
2,2,lr_1em05_sched_cosine_img_224_ft_fc_only_loss_weighted_cross_entropy_a94de4024a,1e-05,cosine,224,fc_only,weighted_cross_entropy,resnet18,imagenet,70,30,40,121,23,10,13,43,0.6956521739130435,0.6307692307692307,0.6829942279942279,0.5,0.8461538461538461,0.7142857142857143,0.5,0.5882352941176471,0.5915412306785583,11,2,5,5,8,20242
2,3,lr_1em05_sched_cosine_img_224_ft_fc_only_loss_weighted_cross_entropy_a94de4024a,1e-05,cosine,224,fc_only,weighted_cross_entropy,resnet18,imagenet,70,28,42,127,23,12,11,37,0.5652173913043478,0.4242424242424242,0.5064310853355476,0.9166666666666666,0.1818181818181818,0.55,0.9166666666666666,0.6875,0.4346449375152588,2,9,1,11,3,20342
2,4,lr_1em05_sched_cosine_img_224_ft_fc_only_loss_weighted_cross_entropy_a94de4024a,1e-05,cosine,224,fc_only,weighted_cross_entropy,resnet18,imagenet,70,31,39,123,23,9,14,41,0.6956521739130435,0.5873015873015873,0.5804037103056711,0.4444444444444444,0.8571428571428571,0.6666666666666666,0.4444444444444444,0.5333333333333333,0.5472214818000793,12,2,5,4,28,20442
2,1,lr_1em05_sched_cosine_img_224_ft_fc_only_loss_focal_69cc1d1fb6,1e-05,cosine,224,fc_only,focal,resnet18,imagenet,69,31,38,121,24,9,15,43,0.625,0.4666666666666667,0.4053500846979107,0.4444444444444444,0.7333333333333333,0.5,0.4444444444444444,0.4705882352941176,0.7153035402297974,11,4,5,4,1,20142
2,2,lr_1em05_sched_cosine_img_224_ft_fc_only_loss_focal_69cc1d1fb6,1e-05,cosine,224,fc_only,focal,resnet18,imagenet,70,30,40,121,23,10,13,43,0.6956521739130435,0.6307692307692307,0.6829942279942279,0.5,0.8461538461538461,0.7142857142857143,0.5,0.5882352941176471,0.5908558368682861,11,2,5,5,8,20242
2,3,lr_1em05_sched_cosine_img_224_ft_fc_only_loss_focal_69cc1d1fb6,1e-05,cosine,224,fc_only,focal,resnet18,imagenet,70,28,42,127,23,12,11,37,0.5652173913043478,0.4242424242424242,0.5064310853355476,0.9166666666666666,0.1818181818181818,0.55,0.9166666666666666,0.6875,0.4386639297008514,2,9,1,11,3,20342
2,4,lr_1em05_sched_cosine_img_224_ft_fc_only_loss_focal_69cc1d1fb6,1e-05,cosine,224,fc_only,focal,resnet18,imagenet,70,31,39,123,23,9,14,41,0.6956521739130435,0.5714285714285714,0.5727541149367774,0.4444444444444444,0.8571428571428571,0.6666666666666666,0.4444444444444444,0.5333333333333333,0.5735524892807007,12,2,5,4,14,20442
2,1,lr_1em05_sched_cosine_img_224_ft_layer4_fc_loss_weighted_cross_entropy_f48c4e7772,1e-05,cosine,224,layer4_fc,weighted_cross_entropy,resnet18,imagenet,69,31,38,121,24,9,15,43,0.625,0.5037037037037037,0.4259860509860509,0.5555555555555556,0.6666666666666666,0.5,0.5555555555555556,0.5263157894736842,0.7149230241775513,10,5,4,5,1,20142
2,2,lr_1em05_sched_cosine_img_224_ft_layer4_fc_loss_weighted_cross_entropy_f48c4e7772,1e-05,cosine,224,layer4_fc,weighted_cross_entropy,resnet18,imagenet,70,30,40,121,23,10,13,43,0.7391304347826086,0.6461538461538461,0.6856007442849548,0.5,0.9230769230769232,0.8333333333333334,0.5,0.625,0.5545555353164673,12,1,5,5,9,20242
2,3,lr_1em05_sched_cosine_img_224_ft_layer4_fc_loss_weighted_cross_entropy_f48c4e7772,1e-05,cosine,224,layer4_fc,weighted_cross_entropy,resnet18,imagenet,70,28,42,127,23,12,11,37,0.6521739130434783,0.5151515151515151,0.6026253272534737,0.4166666666666667,0.9090909090909092,0.8333333333333334,0.4166666666666667,0.5555555555555556,0.621514618396759,10,1,7,5,10,20342
2,4,lr_1em05_sched_cosine_img_224_ft_layer4_fc_loss_weighted_cross_entropy_f48c4e7772,1e-05,cosine,224,layer4_fc,weighted_cross_entropy,resnet18,imagenet,70,31,39,123,23,9,14,41,0.782608695652174,0.7142857142857143,0.7412938912938913,0.4444444444444444,1.0,1.0,0.4444444444444444,0.6153846153846154,0.6207884550094604,14,0,5,4,21,20442
2,1,lr_1em05_sched_cosine_img_224_ft_layer4_fc_loss_focal_e2d1df9234,1e-05,cosine,224,layer4_fc,focal,resnet18,imagenet,69,31,38,121,24,9,15,43,0.6666666666666666,0.5111111111111112,0.4337691964503558,0.6666666666666666,0.6666666666666666,0.5454545454545454,0.6666666666666666,0.6,0.7021349668502808,10,5,3,6,1,20142
2,2,lr_1em05_sched_cosine_img_224_ft_layer4_fc_loss_focal_e2d1df9234,1e-05,cosine,224,layer4_fc,focal,resnet18,imagenet,70,30,40,121,23,10,13,43,0.6956521739130435,0.6230769230769231,0.6441938178780284,0.5,0.8461538461538461,0.7142857142857143,0.5,0.5882352941176471,0.5693336725234985,11,2,5,5,8,20242
2,3,lr_1em05_sched_cosine_img_224_ft_layer4_fc_loss_focal_e2d1df9234,1e-05,cosine,224,layer4_fc,focal,resnet18,imagenet,70,28,42,127,23,12,11,37,0.5652173913043478,0.5227272727272727,0.6370568253362876,0.1666666666666666,1.0,1.0,0.1666666666666666,0.2857142857142857,0.6459580659866333,11,0,10,2,26,20342
2,4,lr_1em05_sched_cosine_img_224_ft_layer4_fc_loss_focal_e2d1df9234,1e-05,cosine,224,layer4_fc,focal,resnet18,imagenet,70,31,39,123,23,9,14,41,0.7391304347826086,0.6666666666666667,0.6742853370304351,0.3333333333333333,1.0,1.0,0.3333333333333333,0.5,0.6326949596405029,14,0,6,3,28,20442
2,1,lr_1em05_sched_cosine_img_224_ft_layer3_layer4_fc_loss_weighted_cross_entropy_592be35a6e,1e-05,cosine,224,layer3_layer4_fc,weighted_cross_entropy,resnet18,imagenet,69,31,38,121,24,9,15,43,0.625,0.4962962962962962,0.418049543049543,0.5555555555555556,0.6666666666666666,0.5,0.5555555555555556,0.5263157894736842,0.7134145498275757,10,5,4,5,1,20142
2,2,lr_1em05_sched_cosine_img_224_ft_layer3_layer4_fc_loss_weighted_cross_entropy_592be35a6e,1e-05,cosine,224,layer3_layer4_fc,weighted_cross_entropy,resnet18,imagenet,70,30,40,121,23,10,13,43,0.782608695652174,0.6923076923076923,0.7261622435535479,0.6,0.9230769230769232,0.8571428571428571,0.6,0.7058823529411765,0.4481091499328613,12,1,4,6,10,20242
2,3,lr_1em05_sched_cosine_img_224_ft_layer3_layer4_fc_loss_weighted_cross_entropy_592be35a6e,1e-05,cosine,224,layer3_layer4_fc,weighted_cross_entropy,resnet18,imagenet,70,28,42,127,23,12,11,37,0.6956521739130435,0.6590909090909091,0.7332683319096364,0.75,0.6363636363636364,0.6923076923076923,0.75,0.72,0.4514784216880798,7,4,3,9,23,20342
2,4,lr_1em05_sched_cosine_img_224_ft_layer3_layer4_fc_loss_weighted_cross_entropy_592be35a6e,1e-05,cosine,224,layer3_layer4_fc,weighted_cross_entropy,resnet18,imagenet,70,31,39,123,23,9,14,41,0.782608695652174,0.8095238095238095,0.7960317460317461,0.7777777777777778,0.7857142857142857,0.7,0.7777777777777778,0.7368421052631579,0.4488621950149536,11,3,2,7,23,20442
2,1,lr_1em05_sched_cosine_img_224_ft_layer3_layer4_fc_loss_focal_8b72869888,1e-05,cosine,224,layer3_layer4_fc,focal,resnet18,imagenet,69,31,38,121,24,9,15,43,0.6666666666666666,0.5037037037037038,0.427596356944183,0.6666666666666666,0.6666666666666666,0.5454545454545454,0.6666666666666666,0.6,0.7115923166275024,10,5,3,6,1,20142
2,2,lr_1em05_sched_cosine_img_224_ft_layer3_layer4_fc_loss_focal_8b72869888,1e-05,cosine,224,layer3_layer4_fc,focal,resnet18,imagenet,70,30,40,121,23,10,13,43,0.6521739130434783,0.6384615384615384,0.6445588235294117,0.7,0.6153846153846154,0.5833333333333334,0.7,0.6363636363636364,0.4299888610839844,8,5,3,7,9,20242
2,3,lr_1em05_sched_cosine_img_224_ft_layer3_layer4_fc_loss_focal_8b72869888,1e-05,cosine,224,layer3_layer4_fc,focal,resnet18,imagenet,70,28,42,127,23,12,11,37,0.6086956521739131,0.5757575757575757,0.6445227390522014,0.5,0.7272727272727273,0.6666666666666666,0.5,0.5714285714285714,0.5708187818527222,8,3,6,6,13,20342
2,4,lr_1em05_sched_cosine_img_224_ft_layer3_layer4_fc_loss_focal_8b72869888,1e-05,cosine,224,layer3_layer4_fc,focal,resnet18,imagenet,70,31,39,123,23,9,14,41,0.6956521739130435,0.6666666666666667,0.6843678008151692,0.6666666666666666,0.7142857142857143,0.6,0.6666666666666666,0.631578947368421,0.4294129610061645,10,4,3,6,14,20442
2,1,lr_1em05_sched_cosine_img_224_ft_full_loss_weighted_cross_entropy_7dff142670,1e-05,cosine,224,full,weighted_cross_entropy,resnet18,imagenet,69,31,38,121,24,9,15,43,0.75,0.6296296296296297,0.6616355866355866,0.4444444444444444,0.9333333333333332,0.8,0.4444444444444444,0.5714285714285714,0.5764633417129517,14,1,5,4,14,20142
2,2,lr_1em05_sched_cosine_img_224_ft_full_loss_weighted_cross_entropy_7dff142670,1e-05,cosine,224,full,weighted_cross_entropy,resnet18,imagenet,70,30,40,121,23,10,13,43,0.6956521739130435,0.6538461538461537,0.6467257793805781,0.6,0.7692307692307693,0.6666666666666666,0.6,0.631578947368421,0.5600921511650085,10,3,4,6,9,20242
2,3,lr_1em05_sched_cosine_img_224_ft_full_loss_weighted_cross_entropy_7dff142670,1e-05,cosine,224,full,weighted_cross_entropy,resnet18,imagenet,70,28,42,127,23,12,11,37,0.6521739130434783,0.6212121212121212,0.6932749851148189,0.5,0.8181818181818182,0.75,0.5,0.6,0.5546472072601318,9,2,6,6,22,20342
2,4,lr_1em05_sched_cosine_img_224_ft_full_loss_weighted_cross_entropy_7dff142670,1e-05,cosine,224,full,weighted_cross_entropy,resnet18,imagenet,70,31,39,123,23,9,14,41,0.6086956521739131,0.6507936507936508,0.5925925925925926,0.8888888888888888,0.4285714285714285,0.5,0.8888888888888888,0.64,0.406181126832962,6,8,1,8,14,20442
2,1,lr_1em05_sched_cosine_img_224_ft_full_loss_focal_06ad66cce6,1e-05,cosine,224,full,focal,resnet18,imagenet,69,31,38,121,24,9,15,43,0.7083333333333334,0.5555555555555556,0.4834121216474157,0.3333333333333333,0.9333333333333332,0.75,0.3333333333333333,0.4615384615384615,0.6725308895111084,14,1,6,3,7,20142
2,2,lr_1em05_sched_cosine_img_224_ft_full_loss_focal_06ad66cce6,1e-05,cosine,224,full,focal,resnet18,imagenet,70,30,40,121,23,10,13,43,0.6956521739130435,0.5923076923076922,0.6561340048840048,0.3,1.0,1.0,0.3,0.4615384615384615,0.6497815847396851,13,0,7,3,8,20242
2,3,lr_1em05_sched_cosine_img_224_ft_full_loss_focal_06ad66cce6,1e-05,cosine,224,full,focal,resnet18,imagenet,70,28,42,127,23,12,11,37,0.6086956521739131,0.5151515151515151,0.6265944459400847,0.3333333333333333,0.9090909090909092,0.8,0.3333333333333333,0.4705882352941176,0.546832263469696,10,1,8,4,23,20342
2,4,lr_1em05_sched_cosine_img_224_ft_full_loss_focal_06ad66cce6,1e-05,cosine,224,full,focal,resnet18,imagenet,70,31,39,123,23,9,14,41,0.7391304347826086,0.6746031746031746,0.6443952733426419,0.5555555555555556,0.8571428571428571,0.7142857142857143,0.5555555555555556,0.625,0.4354526400566101,12,2,4,5,22,20442
2,1,lr_1em05_sched_cosine_img_320_ft_fc_only_loss_weighted_cross_entropy_aa70610f9a,1e-05,cosine,320,fc_only,weighted_cross_entropy,resnet18,imagenet,69,31,38,121,24,9,15,43,0.6666666666666666,0.3111111111111111,0.4035944237698623,0.1111111111111111,1.0,1.0,0.1111111111111111,0.2,0.7885669469833374,15,0,8,1,1,20142
2,2,lr_1em05_sched_cosine_img_320_ft_fc_only_loss_weighted_cross_entropy_aa70610f9a,1e-05,cosine,320,fc_only,weighted_cross_entropy,resnet18,imagenet,70,30,40,121,23,10,13,43,0.7391304347826086,0.7230769230769231,0.6823976747889791,0.9,0.6153846153846154,0.6428571428571429,0.9,0.75,0.4488587975502014,8,5,1,9,9,20242
2,3,lr_1em05_sched_cosine_img_320_ft_fc_only_loss_weighted_cross_entropy_aa70610f9a,1e-05,cosine,320,fc_only,weighted_cross_entropy,resnet18,imagenet,70,28,42,127,23,12,11,37,0.5652173913043478,0.4621212121212121,0.5989922687055546,0.1666666666666666,1.0,1.0,0.1666666666666666,0.2857142857142857,0.7453569769859314,11,0,10,2,9,20342
2,4,lr_1em05_sched_cosine_img_320_ft_fc_only_loss_weighted_cross_entropy_aa70610f9a,1e-05,cosine,320,fc_only,weighted_cross_entropy,resnet18,imagenet,70,31,39,123,23,9,14,41,0.6521739130434783,0.5079365079365079,0.5079612395401869,0.3333333333333333,0.8571428571428571,0.6,0.3333333333333333,0.4285714285714285,0.5503422617912292,12,2,6,3,18,20442
2,1,lr_1em05_sched_cosine_img_320_ft_fc_only_loss_focal_bf64bac14a,1e-05,cosine,320,fc_only,focal,resnet18,imagenet,69,31,38,121,24,9,15,43,0.6666666666666666,0.3111111111111111,0.4035944237698623,0.1111111111111111,1.0,1.0,0.1111111111111111,0.2,0.7905099987983704,15,0,8,1,1,20142
2,2,lr_1em05_sched_cosine_img_320_ft_fc_only_loss_focal_bf64bac14a,1e-05,cosine,320,fc_only,focal,resnet18,imagenet,70,30,40,121,23,10,13,43,0.7391304347826086,0.7230769230769231,0.6823976747889791,0.9,0.6153846153846154,0.6428571428571429,0.9,0.75,0.4364877939224243,8,5,1,9,9,20242
2,3,lr_1em05_sched_cosine_img_320_ft_fc_only_loss_focal_bf64bac14a,1e-05,cosine,320,fc_only,focal,resnet18,imagenet,70,28,42,127,23,12,11,37,0.5652173913043478,0.4772727272727273,0.616861899075185,0.1666666666666666,1.0,1.0,0.1666666666666666,0.2857142857142857,0.7229223251342773,11,0,10,2,8,20342
2,4,lr_1em05_sched_cosine_img_320_ft_fc_only_loss_focal_bf64bac14a,1e-05,cosine,320,fc_only,focal,resnet18,imagenet,70,31,39,123,23,9,14,41,0.6521739130434783,0.5079365079365079,0.5079612395401869,0.3333333333333333,0.8571428571428571,0.6,0.3333333333333333,0.4285714285714285,0.5566495060920715,12,2,6,3,18,20442
2,1,lr_1em05_sched_cosine_img_320_ft_layer4_fc_loss_weighted_cross_entropy_ccef921f82,1e-05,cosine,320,layer4_fc,weighted_cross_entropy,resnet18,imagenet,69,31,38,121,24,9,15,43,0.625,0.5777777777777777,0.5169179757673049,0.6666666666666666,0.6,0.5,0.6666666666666666,0.5714285714285714,0.5411742329597473,9,6,3,6,15,20142
2,2,lr_1em05_sched_cosine_img_320_ft_layer4_fc_loss_weighted_cross_entropy_ccef921f82,1e-05,cosine,320,layer4_fc,weighted_cross_entropy,resnet18,imagenet,70,30,40,121,23,10,13,43,0.6521739130434783,0.6307692307692307,0.5860023595778745,0.8,0.5384615384615384,0.5714285714285714,0.8,0.6666666666666666,0.4307087361812591,7,6,2,8,10,20242
2,3,lr_1em05_sched_cosine_img_320_ft_layer4_fc_loss_weighted_cross_entropy_ccef921f82,1e-05,cosine,320,layer4_fc,weighted_cross_entropy,resnet18,imagenet,70,28,42,127,23,12,11,37,0.7391304347826086,0.7651515151515151,0.7828792735042736,0.5833333333333334,0.9090909090909092,0.875,0.5833333333333334,0.7,0.6620131134986877,10,1,5,7,9,20342
2,4,lr_1em05_sched_cosine_img_320_ft_layer4_fc_loss_weighted_cross_entropy_ccef921f82,1e-05,cosine,320,layer4_fc,weighted_cross_entropy,resnet18,imagenet,70,31,39,123,23,9,14,41,0.7391304347826086,0.7619047619047619,0.7612822906940555,0.6666666666666666,0.7857142857142857,0.6666666666666666,0.6666666666666666,0.6666666666666666,0.463626503944397,11,3,3,6,21,20442
2,1,lr_1em05_sched_cosine_img_320_ft_layer4_fc_loss_focal_201eedc164,1e-05,cosine,320,layer4_fc,focal,resnet18,imagenet,69,31,38,121,24,9,15,43,0.7916666666666666,0.6888888888888889,0.6514553429027113,0.5555555555555556,0.9333333333333332,0.8333333333333334,0.5555555555555556,0.6666666666666666,0.6118322014808655,14,1,4,5,13,20142
2,2,lr_1em05_sched_cosine_img_320_ft_layer4_fc_loss_focal_201eedc164,1e-05,cosine,320,layer4_fc,focal,resnet18,imagenet,70,30,40,121,23,10,13,43,0.6956521739130435,0.6230769230769231,0.6636959823801928,0.5,0.8461538461538461,0.7142857142857143,0.5,0.5882352941176471,0.5221510529518127,11,2,5,5,9,20242
2,3,lr_1em05_sched_cosine_img_320_ft_layer4_fc_loss_focal_201eedc164,1e-05,cosine,320,layer4_fc,focal,resnet18,imagenet,70,28,42,127,23,12,11,37,0.782608695652174,0.7727272727272728,0.7816560754060754,0.6666666666666666,0.9090909090909092,0.8888888888888888,0.6666666666666666,0.7619047619047619,0.643713116645813,10,1,4,8,10,20342
2,4,lr_1em05_sched_cosine_img_320_ft_layer4_fc_loss_focal_201eedc164,1e-05,cosine,320,layer4_fc,focal,resnet18,imagenet,70,31,39,123,23,9,14,41,0.782608695652174,0.7063492063492063,0.7212029256146903,0.4444444444444444,1.0,1.0,0.4444444444444444,0.6153846153846154,0.5950242280960083,14,0,5,4,22,20442
2,1,lr_1em05_sched_cosine_img_320_ft_layer3_layer4_fc_loss_weighted_cross_entropy_032ecb1a2d,1e-05,cosine,320,layer3_layer4_fc,weighted_cross_entropy,resnet18,imagenet,69,31,38,121,24,9,15,43,0.8333333333333334,0.8148148148148149,0.7619047619047619,0.6666666666666666,0.9333333333333332,0.8571428571428571,0.6666666666666666,0.75,0.5893195867538452,14,1,3,6,24,20142
2,2,lr_1em05_sched_cosine_img_320_ft_layer3_layer4_fc_loss_weighted_cross_entropy_032ecb1a2d,1e-05,cosine,320,layer3_layer4_fc,weighted_cross_entropy,resnet18,imagenet,70,30,40,121,23,10,13,43,0.6086956521739131,0.6076923076923078,0.6239923526765631,0.8,0.4615384615384615,0.5333333333333333,0.8,0.64,0.4565954804420471,6,7,2,8,10,20242
2,3,lr_1em05_sched_cosine_img_320_ft_layer3_layer4_fc_loss_weighted_cross_entropy_032ecb1a2d,1e-05,cosine,320,layer3_layer4_fc,weighted_cross_entropy,resnet18,imagenet,70,28,42,127,23,12,11,37,0.6956521739130435,0.7121212121212122,0.7735151493623361,0.5833333333333334,0.8181818181818182,0.7777777777777778,0.5833333333333334,0.6666666666666666,0.5512431263923645,9,2,5,7,27,20342
2,4,lr_1em05_sched_cosine_img_320_ft_layer3_layer4_fc_loss_weighted_cross_entropy_032ecb1a2d,1e-05,cosine,320,layer3_layer4_fc,weighted_cross_entropy,resnet18,imagenet,70,31,39,123,23,9,14,41,0.7391304347826086,0.746031746031746,0.7330687830687832,0.5555555555555556,0.8571428571428571,0.7142857142857143,0.5555555555555556,0.625,0.5317170023918152,12,2,4,5,22,20442
2,1,lr_1em05_sched_cosine_img_320_ft_layer3_layer4_fc_loss_focal_888063df31,1e-05,cosine,320,layer3_layer4_fc,focal,resnet18,imagenet,69,31,38,121,24,9,15,43,0.7916666666666666,0.7703703703703704,0.7248538011695906,0.5555555555555556,0.9333333333333332,0.8333333333333334,0.5555555555555556,0.6666666666666666,0.5736360549926758,14,1,4,5,17,20142
2,2,lr_1em05_sched_cosine_img_320_ft_layer3_layer4_fc_loss_focal_888063df31,1e-05,cosine,320,layer3_layer4_fc,focal,resnet18,imagenet,70,30,40,121,23,10,13,43,0.6956521739130435,0.676923076923077,0.7145146754353915,0.6,0.7692307692307693,0.6666666666666666,0.6,0.631578947368421,0.4689489006996155,10,3,4,6,10,20242
2,3,lr_1em05_sched_cosine_img_320_ft_layer3_layer4_fc_loss_focal_888063df31,1e-05,cosine,320,layer3_layer4_fc,focal,resnet18,imagenet,70,28,42,127,23,12,11,37,0.782608695652174,0.8257575757575758,0.8626186585745411,0.6666666666666666,0.9090909090909092,0.8888888888888888,0.6666666666666666,0.7619047619047619,0.6383296251296997,10,1,4,8,9,20342
2,4,lr_1em05_sched_cosine_img_320_ft_layer3_layer4_fc_loss_focal_888063df31,1e-05,cosine,320,layer3_layer4_fc,focal,resnet18,imagenet,70,31,39,123,23,9,14,41,0.782608695652174,0.7063492063492064,0.7184994075602951,0.4444444444444444,1.0,1.0,0.4444444444444444,0.6153846153846154,0.5707818865776062,14,0,5,4,22,20442
2,1,lr_1em05_sched_cosine_img_320_ft_full_loss_weighted_cross_entropy_b498446835,1e-05,cosine,320,full,weighted_cross_entropy,resnet18,imagenet,69,31,38,121,24,9,15,43,0.75,0.7851851851851852,0.7730375904288947,0.8888888888888888,0.6666666666666666,0.6153846153846154,0.8888888888888888,0.7272727272727273,0.5067181587219238,10,5,1,8,29,20142
2,2,lr_1em05_sched_cosine_img_320_ft_full_loss_weighted_cross_entropy_b498446835,1e-05,cosine,320,full,weighted_cross_entropy,resnet18,imagenet,70,30,40,121,23,10,13,43,0.6086956521739131,0.5538461538461539,0.5100896815602698,0.7,0.5384615384615384,0.5384615384615384,0.7,0.6086956521739131,0.6368985176086426,7,6,3,7,5,20242
2,3,lr_1em05_sched_cosine_img_320_ft_full_loss_weighted_cross_entropy_b498446835,1e-05,cosine,320,full,weighted_cross_entropy,resnet18,imagenet,70,28,42,127,23,12,11,37,0.8260869565217391,0.8106060606060606,0.7431309431309431,0.9166666666666666,0.7272727272727273,0.7857142857142857,0.9166666666666666,0.8461538461538461,0.5240936875343323,8,3,1,11,10,20342
2,4,lr_1em05_sched_cosine_img_320_ft_full_loss_weighted_cross_entropy_b498446835,1e-05,cosine,320,full,weighted_cross_entropy,resnet18,imagenet,70,31,39,123,23,9,14,41,0.8260869565217391,0.7777777777777778,0.7993636050911592,0.5555555555555556,1.0,1.0,0.5555555555555556,0.7142857142857143,0.5613789558410645,14,0,4,5,23,20442
2,1,lr_1em05_sched_cosine_img_320_ft_full_loss_focal_b8db75afb3,1e-05,cosine,320,full,focal,resnet18,imagenet,69,31,38,121,24,9,15,43,0.7916666666666666,0.7703703703703704,0.7584175084175084,0.6666666666666666,0.8666666666666667,0.75,0.6666666666666666,0.7058823529411765,0.5826248526573181,13,2,3,6,19,20142
2,2,lr_1em05_sched_cosine_img_320_ft_full_loss_focal_b8db75afb3,1e-05,cosine,320,full,focal,resnet18,imagenet,70,30,40,121,23,10,13,43,0.6956521739130435,0.7,0.7156926406926406,0.6,0.7692307692307693,0.6666666666666666,0.6,0.631578947368421,0.4968180060386657,10,3,4,6,9,20242
2,3,lr_1em05_sched_cosine_img_320_ft_full_loss_focal_b8db75afb3,1e-05,cosine,320,full,focal,resnet18,imagenet,70,28,42,127,23,12,11,37,0.782608695652174,0.7424242424242424,0.7255926456584351,0.9166666666666666,0.6363636363636364,0.7333333333333333,0.9166666666666666,0.8148148148148148,0.5212215781211853,7,4,1,11,10,20342
2,4,lr_1em05_sched_cosine_img_320_ft_full_loss_focal_b8db75afb3,1e-05,cosine,320,full,focal,resnet18,imagenet,70,31,39,123,23,9,14,41,0.7391304347826086,0.7142857142857142,0.7191526610644259,0.5555555555555556,0.8571428571428571,0.7142857142857143,0.5555555555555556,0.625,0.46824511885643,12,2,4,5,23,20442
2,1,lr_1em05_sched_none_img_224_ft_fc_only_loss_weighted_cross_entropy_7114484a86,1e-05,none,224,fc_only,weighted_cross_entropy,resnet18,imagenet,69,31,38,121,24,9,15,43,0.625,0.4666666666666667,0.4053500846979107,0.4444444444444444,0.7333333333333333,0.5,0.4444444444444444,0.4705882352941176,0.7153406739234924,11,4,5,4,1,20142
2,2,lr_1em05_sched_none_img_224_ft_fc_only_loss_weighted_cross_entropy_7114484a86,1e-05,none,224,fc_only,weighted_cross_entropy,resnet18,imagenet,70,30,40,121,23,10,13,43,0.6956521739130435,0.6307692307692307,0.6829942279942279,0.5,0.8461538461538461,0.7142857142857143,0.5,0.5882352941176471,0.5897364020347595,11,2,5,5,8,20242
2,3,lr_1em05_sched_none_img_224_ft_fc_only_loss_weighted_cross_entropy_7114484a86,1e-05,none,224,fc_only,weighted_cross_entropy,resnet18,imagenet,70,28,42,127,23,12,11,37,0.5652173913043478,0.4242424242424242,0.5064310853355476,0.9166666666666666,0.1818181818181818,0.55,0.9166666666666666,0.6875,0.4380799531936645,2,9,1,11,3,20342
2,4,lr_1em05_sched_none_img_224_ft_fc_only_loss_weighted_cross_entropy_7114484a86,1e-05,none,224,fc_only,weighted_cross_entropy,resnet18,imagenet,70,31,39,123,23,9,14,41,0.7391304347826086,0.5952380952380952,0.5952185251204859,0.4444444444444444,0.9285714285714286,0.8,0.4444444444444444,0.5714285714285714,0.4816493988037109,13,1,5,4,28,20442
2,1,lr_1em05_sched_none_img_224_ft_fc_only_loss_focal_751634e7bb,1e-05,none,224,fc_only,focal,resnet18,imagenet,69,31,38,121,24,9,15,43,0.625,0.4666666666666667,0.4053500846979107,0.4444444444444444,0.7333333333333333,0.5,0.4444444444444444,0.4705882352941176,0.7143245339393616,11,4,5,4,1,20142
2,2,lr_1em05_sched_none_img_224_ft_fc_only_loss_focal_751634e7bb,1e-05,none,224,fc_only,focal,resnet18,imagenet,70,30,40,121,23,10,13,43,0.6956521739130435,0.6384615384615384,0.6851587301587301,0.5,0.8461538461538461,0.7142857142857143,0.5,0.5882352941176471,0.5889285802841187,11,2,5,5,8,20242
2,3,lr_1em05_sched_none_img_224_ft_fc_only_loss_focal_751634e7bb,1e-05,none,224,fc_only,focal,resnet18,imagenet,70,28,42,127,23,12,11,37,0.5652173913043478,0.4242424242424242,0.5064310853355476,0.9166666666666666,0.1818181818181818,0.55,0.9166666666666666,0.6875,0.4289157390594482,2,9,1,11,3,20342
2,4,lr_1em05_sched_none_img_224_ft_fc_only_loss_focal_751634e7bb,1e-05,none,224,fc_only,focal,resnet18,imagenet,70,31,39,123,23,9,14,41,0.7391304347826086,0.5952380952380952,0.5952185251204859,0.4444444444444444,0.9285714285714286,0.8,0.4444444444444444,0.5714285714285714,0.4924432039260864,13,1,5,4,28,20442
2,1,lr_1em05_sched_none_img_224_ft_layer4_fc_loss_weighted_cross_entropy_5723caf607,1e-05,none,224,layer4_fc,weighted_cross_entropy,resnet18,imagenet,69,31,38,121,24,9,15,43,0.6666666666666666,0.5111111111111111,0.4427409010742343,0.5555555555555556,0.7333333333333333,0.5555555555555556,0.5555555555555556,0.5555555555555556,0.7266333699226379,11,4,4,5,1,20142
2,2,lr_1em05_sched_none_img_224_ft_layer4_fc_loss_weighted_cross_entropy_5723caf607,1e-05,none,224,layer4_fc,weighted_cross_entropy,resnet18,imagenet,70,30,40,121,23,10,13,43,0.7391304347826086,0.676923076923077,0.7448817900365887,0.6,0.8461538461538461,0.75,0.6,0.6666666666666666,0.5589160919189453,11,2,4,6,9,20242
2,3,lr_1em05_sched_none_img_224_ft_layer4_fc_loss_weighted_cross_entropy_5723caf607,1e-05,none,224,layer4_fc,weighted_cross_entropy,resnet18,imagenet,70,28,42,127,23,12,11,37,0.782608695652174,0.696969696969697,0.8170982751145796,0.5833333333333334,1.0,1.0,0.5833333333333334,0.7368421052631579,0.4957390427589416,11,0,5,7,27,20342
2,4,lr_1em05_sched_none_img_224_ft_layer4_fc_loss_weighted_cross_entropy_5723caf607,1e-05,none,224,layer4_fc,weighted_cross_entropy,resnet18,imagenet,70,31,39,123,23,9,14,41,0.782608695652174,0.7619047619047619,0.7555343349460997,0.6666666666666666,0.8571428571428571,0.75,0.6666666666666666,0.7058823529411765,0.359015941619873,12,2,3,6,27,20442
2,1,lr_1em05_sched_none_img_224_ft_layer4_fc_loss_focal_d9901b0cc7,1e-05,none,224,layer4_fc,focal,resnet18,imagenet,69,31,38,121,24,9,15,43,0.625,0.4518518518518518,0.398614227962054,0.4444444444444444,0.7333333333333333,0.5,0.4444444444444444,0.4705882352941176,0.7197942733764648,11,4,5,4,1,20142
2,2,lr_1em05_sched_none_img_224_ft_layer4_fc_loss_focal_d9901b0cc7,1e-05,none,224,layer4_fc,focal,resnet18,imagenet,70,30,40,121,23,10,13,43,0.6956521739130435,0.6384615384615384,0.59933407688018,0.5,0.8461538461538461,0.7142857142857143,0.5,0.5882352941176471,0.4740357100963592,11,2,5,5,10,20242
2,3,lr_1em05_sched_none_img_224_ft_layer4_fc_loss_focal_d9901b0cc7,1e-05,none,224,layer4_fc,focal,resnet18,imagenet,70,28,42,127,23,12,11,37,0.6521739130434783,0.5909090909090909,0.6976994818906583,0.5833333333333334,0.7272727272727273,0.7,0.5833333333333334,0.6363636363636364,0.5257467031478882,8,3,5,7,13,20342
2,4,lr_1em05_sched_none_img_224_ft_layer4_fc_loss_focal_d9901b0cc7,1e-05,none,224,layer4_fc,focal,resnet18,imagenet,70,31,39,123,23,9,14,41,0.7391304347826086,0.6666666666666666,0.6616866239673258,0.4444444444444444,0.9285714285714286,0.8,0.4444444444444444,0.5714285714285714,0.5103182196617126,13,1,5,4,21,20442
2,1,lr_1em05_sched_none_img_224_ft_layer3_layer4_fc_loss_weighted_cross_entropy_6af0542b68,1e-05,none,224,layer3_layer4_fc,weighted_cross_entropy,resnet18,imagenet,69,31,38,121,24,9,15,43,0.7916666666666666,0.6888888888888889,0.7102488895967156,0.6666666666666666,0.8666666666666667,0.75,0.6666666666666666,0.7058823529411765,0.4743348360061645,13,2,3,6,30,20142
2,2,lr_1em05_sched_none_img_224_ft_layer3_layer4_fc_loss_weighted_cross_entropy_6af0542b68,1e-05,none,224,layer3_layer4_fc,weighted_cross_entropy,resnet18,imagenet,70,30,40,121,23,10,13,43,0.6956521739130435,0.6230769230769231,0.6441938178780284,0.5,0.8461538461538461,0.7142857142857143,0.5,0.5882352941176471,0.5460000038146973,11,2,5,5,8,20242
2,3,lr_1em05_sched_none_img_224_ft_layer3_layer4_fc_loss_weighted_cross_entropy_6af0542b68,1e-05,none,224,layer3_layer4_fc,weighted_cross_entropy,resnet18,imagenet,70,28,42,127,23,12,11,37,0.6521739130434783,0.6439393939393939,0.7375782520090302,0.3333333333333333,1.0,1.0,0.3333333333333333,0.5,0.543954610824585,11,0,8,4,29,20342
2,4,lr_1em05_sched_none_img_224_ft_layer3_layer4_fc_loss_weighted_cross_entropy_6af0542b68,1e-05,none,224,layer3_layer4_fc,weighted_cross_entropy,resnet18,imagenet,70,31,39,123,23,9,14,41,0.8260869565217391,0.8095238095238095,0.8149720706996249,0.6666666666666666,0.9285714285714286,0.8571428571428571,0.6666666666666666,0.75,0.4698571264743805,13,1,3,6,13,20442
2,1,lr_1em05_sched_none_img_224_ft_layer3_layer4_fc_loss_focal_d284010fbb,1e-05,none,224,layer3_layer4_fc,focal,resnet18,imagenet,69,31,38,121,24,9,15,43,0.625,0.4888888888888888,0.4200360160505088,0.5555555555555556,0.6666666666666666,0.5,0.5555555555555556,0.5263157894736842,0.7197628021240234,10,5,4,5,1,20142
2,2,lr_1em05_sched_none_img_224_ft_layer3_layer4_fc_loss_focal_d284010fbb,1e-05,none,224,layer3_layer4_fc,focal,resnet18,imagenet,70,30,40,121,23,10,13,43,0.7391304347826086,0.6153846153846154,0.6405370843989769,0.5,0.9230769230769232,0.8333333333333334,0.5,0.625,0.4898528456687927,12,1,5,5,10,20242
2,3,lr_1em05_sched_none_img_224_ft_layer3_layer4_fc_loss_focal_d284010fbb,1e-05,none,224,layer3_layer4_fc,focal,resnet18,imagenet,70,28,42,127,23,12,11,37,0.6086956521739131,0.4772727272727272,0.5298125241581628,0.6666666666666666,0.5454545454545454,0.6153846153846154,0.6666666666666666,0.64,0.5211520791053772,6,5,4,8,3,20342
2,4,lr_1em05_sched_none_img_224_ft_layer3_layer4_fc_loss_focal_d284010fbb,1e-05,none,224,layer3_layer4_fc,focal,resnet18,imagenet,70,31,39,123,23,9,14,41,0.8260869565217391,0.8174603174603174,0.7930335097001764,0.7777777777777778,0.8571428571428571,0.7777777777777778,0.7777777777777778,0.7777777777777778,0.4291328489780426,12,2,2,7,22,20442
2,1,lr_1em05_sched_none_img_224_ft_full_loss_weighted_cross_entropy_3ef0c041f6,1e-05,none,224,full,weighted_cross_entropy,resnet18,imagenet,69,31,38,121,24,9,15,43,0.7083333333333334,0.762962962962963,0.7086185419518751,0.8888888888888888,0.6,0.5714285714285714,0.8888888888888888,0.6956521739130435,0.5118497610092163,9,6,1,8,7,20142
2,2,lr_1em05_sched_none_img_224_ft_full_loss_weighted_cross_entropy_3ef0c041f6,1e-05,none,224,full,weighted_cross_entropy,resnet18,imagenet,70,30,40,121,23,10,13,43,0.6956521739130435,0.6307692307692307,0.6862301587301587,0.4,0.9230769230769232,0.8,0.4,0.5333333333333333,0.6018161177635193,12,1,6,4,9,20242
2,3,lr_1em05_sched_none_img_224_ft_full_loss_weighted_cross_entropy_3ef0c041f6,1e-05,none,224,full,weighted_cross_entropy,resnet18,imagenet,70,28,42,127,23,12,11,37,0.6956521739130435,0.7196969696969697,0.7980658029571074,0.5,0.9090909090909092,0.8571428571428571,0.5,0.631578947368421,0.5156976580619812,10,1,6,6,23,20342
2,4,lr_1em05_sched_none_img_224_ft_full_loss_weighted_cross_entropy_3ef0c041f6,1e-05,none,224,full,weighted_cross_entropy,resnet18,imagenet,70,31,39,123,23,9,14,41,0.782608695652174,0.7222222222222222,0.7348788638262322,0.6666666666666666,0.8571428571428571,0.75,0.6666666666666666,0.7058823529411765,0.4017965197563171,12,2,3,6,14,20442
2,1,lr_1em05_sched_none_img_224_ft_full_loss_focal_de5ddaaf37,1e-05,none,224,full,focal,resnet18,imagenet,69,31,38,121,24,9,15,43,0.7083333333333334,0.5259259259259259,0.4734692857499875,0.3333333333333333,0.9333333333333332,0.75,0.3333333333333333,0.4615384615384615,0.7016569972038269,14,1,6,3,7,20142
2,2,lr_1em05_sched_none_img_224_ft_full_loss_focal_de5ddaaf37,1e-05,none,224,full,focal,resnet18,imagenet,70,30,40,121,23,10,13,43,0.7391304347826086,0.7153846153846154,0.7592857142857142,0.6,0.8461538461538461,0.75,0.6,0.6666666666666666,0.4928778111934662,11,2,4,6,10,20242
2,3,lr_1em05_sched_none_img_224_ft_full_loss_focal_de5ddaaf37,1e-05,none,224,full,focal,resnet18,imagenet,70,28,42,127,23,12,11,37,0.5652173913043478,0.4924242424242424,0.5895761444674488,0.3333333333333333,0.8181818181818182,0.6666666666666666,0.3333333333333333,0.4444444444444444,0.6421838998794556,9,2,8,4,13,20342
2,4,lr_1em05_sched_none_img_224_ft_full_loss_focal_de5ddaaf37,1e-05,none,224,full,focal,resnet18,imagenet,70,31,39,123,23,9,14,41,0.6956521739130435,0.6507936507936508,0.6382257176374824,0.4444444444444444,0.8571428571428571,0.6666666666666666,0.4444444444444444,0.5333333333333333,0.4513997137546539,12,2,5,4,21,20442
2,1,lr_1em05_sched_none_img_320_ft_fc_only_loss_weighted_cross_entropy_589fa61b61,1e-05,none,320,fc_only,weighted_cross_entropy,resnet18,imagenet,69,31,38,121,24,9,15,43,0.6666666666666666,0.3111111111111111,0.4035944237698623,0.1111111111111111,1.0,1.0,0.1111111111111111,0.2,0.7912688255310059,15,0,8,1,1,20142
2,2,lr_1em05_sched_none_img_320_ft_fc_only_loss_weighted_cross_entropy_589fa61b61,1e-05,none,320,fc_only,weighted_cross_entropy,resnet18,imagenet,70,30,40,121,23,10,13,43,0.7391304347826086,0.7230769230769231,0.6823976747889791,0.9,0.6153846153846154,0.6428571428571429,0.9,0.75,0.4248813986778259,8,5,1,9,9,20242
2,3,lr_1em05_sched_none_img_320_ft_fc_only_loss_weighted_cross_entropy_589fa61b61,1e-05,none,320,fc_only,weighted_cross_entropy,resnet18,imagenet,70,28,42,127,23,12,11,37,0.5652173913043478,0.4772727272727273,0.616861899075185,0.1666666666666666,1.0,1.0,0.1666666666666666,0.2857142857142857,0.7357268333435059,11,0,10,2,8,20342
2,4,lr_1em05_sched_none_img_320_ft_fc_only_loss_weighted_cross_entropy_589fa61b61,1e-05,none,320,fc_only,weighted_cross_entropy,resnet18,imagenet,70,31,39,123,23,9,14,41,0.6956521739130435,0.5158730158730158,0.539971821550769,0.3333333333333333,0.9285714285714286,0.75,0.3333333333333333,0.4615384615384615,0.5124087929725647,13,1,6,3,23,20442
2,1,lr_1em05_sched_none_img_320_ft_fc_only_loss_focal_cd25028d9c,1e-05,none,320,fc_only,focal,resnet18,imagenet,69,31,38,121,24,9,15,43,0.6666666666666666,0.3111111111111111,0.4035944237698623,0.1111111111111111,1.0,1.0,0.1111111111111111,0.2,0.7885857820510864,15,0,8,1,1,20142
2,2,lr_1em05_sched_none_img_320_ft_fc_only_loss_focal_cd25028d9c,1e-05,none,320,fc_only,focal,resnet18,imagenet,70,30,40,121,23,10,13,43,0.7391304347826086,0.7230769230769231,0.6823976747889791,0.9,0.6153846153846154,0.6428571428571429,0.9,0.75,0.4513655602931976,8,5,1,9,9,20242
2,3,lr_1em05_sched_none_img_320_ft_fc_only_loss_focal_cd25028d9c,1e-05,none,320,fc_only,focal,resnet18,imagenet,70,28,42,127,23,12,11,37,0.5652173913043478,0.4848484848484848,0.6214915287048145,0.1666666666666666,1.0,1.0,0.1666666666666666,0.2857142857142857,0.713840901851654,11,0,10,2,8,20342
2,4,lr_1em05_sched_none_img_320_ft_fc_only_loss_focal_cd25028d9c,1e-05,none,320,fc_only,focal,resnet18,imagenet,70,31,39,123,23,9,14,41,0.6521739130434783,0.5079365079365079,0.5127231443020916,0.4444444444444444,0.7857142857142857,0.5714285714285714,0.4444444444444444,0.5,0.5215244293212891,11,3,5,4,19,20442
2,1,lr_1em05_sched_none_img_320_ft_layer4_fc_loss_weighted_cross_entropy_c4d0a72aef,1e-05,none,320,layer4_fc,weighted_cross_entropy,resnet18,imagenet,69,31,38,121,24,9,15,43,0.8333333333333334,0.8074074074074074,0.8137566137566137,0.6666666666666666,0.9333333333333332,0.8571428571428571,0.6666666666666666,0.75,0.6511639952659607,14,1,3,6,18,20142
2,2,lr_1em05_sched_none_img_320_ft_layer4_fc_loss_weighted_cross_entropy_c4d0a72aef,1e-05,none,320,layer4_fc,weighted_cross_entropy,resnet18,imagenet,70,30,40,121,23,10,13,43,0.6521739130434783,0.6230769230769231,0.5752747252747252,0.8,0.5384615384615384,0.5714285714285714,0.8,0.6666666666666666,0.624396562576294,7,6,2,8,5,20242
2,3,lr_1em05_sched_none_img_320_ft_layer4_fc_loss_weighted_cross_entropy_c4d0a72aef,1e-05,none,320,layer4_fc,weighted_cross_entropy,resnet18,imagenet,70,28,42,127,23,12,11,37,0.782608695652174,0.7878787878787878,0.8494232690204558,0.8333333333333334,0.7272727272727273,0.7692307692307693,0.8333333333333334,0.8,0.5430822372436523,8,3,2,10,27,20342
2,4,lr_1em05_sched_none_img_320_ft_layer4_fc_loss_weighted_cross_entropy_c4d0a72aef,1e-05,none,320,layer4_fc,weighted_cross_entropy,resnet18,imagenet,70,31,39,123,23,9,14,41,0.8260869565217391,0.8095238095238095,0.8149720706996249,0.6666666666666666,0.9285714285714286,0.8571428571428571,0.6666666666666666,0.75,0.4181092083454132,13,1,3,6,25,20442
2,1,lr_1em05_sched_none_img_320_ft_layer4_fc_loss_focal_2440d60379,1e-05,none,320,layer4_fc,focal,resnet18,imagenet,69,31,38,121,24,9,15,43,0.75,0.6814814814814815,0.650466797024768,0.5555555555555556,0.8666666666666667,0.7142857142857143,0.5555555555555556,0.625,0.6006712913513184,13,2,4,5,16,20142
2,2,lr_1em05_sched_none_img_320_ft_layer4_fc_loss_focal_2440d60379,1e-05,none,320,layer4_fc,focal,resnet18,imagenet,70,30,40,121,23,10,13,43,0.782608695652174,0.7384615384615385,0.6707455768868812,0.6,0.9230769230769232,0.8571428571428571,0.6,0.7058823529411765,0.5108844637870789,12,1,4,6,10,20242
2,3,lr_1em05_sched_none_img_320_ft_layer4_fc_loss_focal_2440d60379,1e-05,none,320,layer4_fc,focal,resnet18,imagenet,70,28,42,127,23,12,11,37,0.8695652173913043,0.8409090909090908,0.8161540121098946,0.8333333333333334,0.9090909090909092,0.9090909090909092,0.8333333333333334,0.8695652173913043,0.6160370707511902,10,1,2,10,9,20342
2,4,lr_1em05_sched_none_img_320_ft_layer4_fc_loss_focal_2440d60379,1e-05,none,320,layer4_fc,focal,resnet18,imagenet,70,31,39,123,23,9,14,41,0.782608695652174,0.7380952380952381,0.7469304388422036,0.4444444444444444,1.0,1.0,0.4444444444444444,0.6153846153846154,0.6143664717674255,14,0,5,4,21,20442
2,1,lr_1em05_sched_none_img_320_ft_layer3_layer4_fc_loss_weighted_cross_entropy_c4016f6283,1e-05,none,320,layer3_layer4_fc,weighted_cross_entropy,resnet18,imagenet,69,31,38,121,24,9,15,43,0.7916666666666666,0.8592592592592593,0.8088235294117647,0.8888888888888888,0.7333333333333333,0.6666666666666666,0.8888888888888888,0.7619047619047619,0.5205512642860413,11,4,1,8,29,20142
2,2,lr_1em05_sched_none_img_320_ft_layer3_layer4_fc_loss_weighted_cross_entropy_c4016f6283,1e-05,none,320,layer3_layer4_fc,weighted_cross_entropy,resnet18,imagenet,70,30,40,121,23,10,13,43,0.6956521739130435,0.6538461538461539,0.6803006051919095,0.3,1.0,1.0,0.3,0.4615384615384615,0.68049556016922,13,0,7,3,30,20242
2,3,lr_1em05_sched_none_img_320_ft_layer3_layer4_fc_loss_weighted_cross_entropy_c4016f6283,1e-05,none,320,layer3_layer4_fc,weighted_cross_entropy,resnet18,imagenet,70,28,42,127,23,12,11,37,0.7391304347826086,0.7651515151515152,0.8461110447523491,0.5,1.0,1.0,0.5,0.6666666666666666,0.7820864915847778,11,0,6,6,29,20342
2,4,lr_1em05_sched_none_img_320_ft_layer3_layer4_fc_loss_weighted_cross_entropy_c4016f6283,1e-05,none,320,layer3_layer4_fc,weighted_cross_entropy,resnet18,imagenet,70,31,39,123,23,9,14,41,0.782608695652174,0.8095238095238095,0.7904761904761906,0.7777777777777778,0.7857142857142857,0.7,0.7777777777777778,0.7368421052631579,0.4103178381919861,11,3,2,7,30,20442
2,1,lr_1em05_sched_none_img_320_ft_layer3_layer4_fc_loss_focal_43e790596e,1e-05,none,320,layer3_layer4_fc,focal,resnet18,imagenet,69,31,38,121,24,9,15,43,0.8333333333333334,0.8888888888888888,0.8500982042648709,0.8888888888888888,0.8,0.7272727272727273,0.8888888888888888,0.8,0.4440495371818542,12,3,1,8,29,20142
2,2,lr_1em05_sched_none_img_320_ft_layer3_layer4_fc_loss_focal_43e790596e,1e-05,none,320,layer3_layer4_fc,focal,resnet18,imagenet,70,30,40,121,23,10,13,43,0.6956521739130435,0.6615384615384615,0.6115975976731125,0.6,0.7692307692307693,0.6666666666666666,0.6,0.631578947368421,0.503067672252655,10,3,4,6,10,20242
2,3,lr_1em05_sched_none_img_320_ft_layer3_layer4_fc_loss_focal_43e790596e,1e-05,none,320,layer3_layer4_fc,focal,resnet18,imagenet,70,28,42,127,23,12,11,37,0.7391304347826086,0.7121212121212122,0.7437349687349688,0.6666666666666666,0.8181818181818182,0.8,0.6666666666666666,0.7272727272727273,0.5805902481079102,9,2,4,8,10,20342
2,4,lr_1em05_sched_none_img_320_ft_layer3_layer4_fc_loss_focal_43e790596e,1e-05,none,320,layer3_layer4_fc,focal,resnet18,imagenet,70,31,39,123,23,9,14,41,0.782608695652174,0.6984126984126984,0.7134868762319744,0.4444444444444444,1.0,1.0,0.4444444444444444,0.6153846153846154,0.6449484825134277,14,0,5,4,15,20442
2,1,lr_1em05_sched_none_img_320_ft_full_loss_weighted_cross_entropy_32f76c3c3c,1e-05,none,320,full,weighted_cross_entropy,resnet18,imagenet,69,31,38,121,24,9,15,43,0.875,0.8666666666666667,0.8350830780655342,0.8888888888888888,0.8666666666666667,0.8,0.8888888888888888,0.8421052631578947,0.4829060733318329,13,2,1,8,29,20142
2,2,lr_1em05_sched_none_img_320_ft_full_loss_weighted_cross_entropy_32f76c3c3c,1e-05,none,320,full,weighted_cross_entropy,resnet18,imagenet,70,30,40,121,23,10,13,43,0.7391304347826086,0.676923076923077,0.7266317740230783,0.4,1.0,1.0,0.4,0.5714285714285714,0.5356800556182861,13,0,6,4,10,20242
2,3,lr_1em05_sched_none_img_320_ft_full_loss_weighted_cross_entropy_32f76c3c3c,1e-05,none,320,full,weighted_cross_entropy,resnet18,imagenet,70,28,42,127,23,12,11,37,0.7391304347826086,0.7575757575757576,0.8209651530623399,0.5833333333333334,0.9090909090909092,0.875,0.5833333333333334,0.7,0.6179490685462952,10,1,5,7,10,20342
2,4,lr_1em05_sched_none_img_320_ft_full_loss_weighted_cross_entropy_32f76c3c3c,1e-05,none,320,full,weighted_cross_entropy,resnet18,imagenet,70,31,39,123,23,9,14,41,0.7391304347826086,0.8253968253968254,0.7957902663785017,0.8888888888888888,0.6428571428571429,0.6153846153846154,0.8888888888888888,0.7272727272727273,0.4316529035568237,9,5,1,8,30,20442
2,1,lr_1em05_sched_none_img_320_ft_full_loss_focal_906b334381,1e-05,none,320,full,focal,resnet18,imagenet,69,31,38,121,24,9,15,43,0.7083333333333334,0.7703703703703704,0.7216450216450216,0.8888888888888888,0.6,0.5714285714285714,0.8888888888888888,0.6956521739130435,0.4856789708137512,9,6,1,8,15,20142
2,2,lr_1em05_sched_none_img_320_ft_full_loss_focal_906b334381,1e-05,none,320,full,focal,resnet18,imagenet,70,30,40,121,23,10,13,43,0.8695652173913043,0.7692307692307692,0.84418001525553,0.7,1.0,1.0,0.7,0.8235294117647058,0.4010321795940399,13,0,3,7,23,20242
2,3,lr_1em05_sched_none_img_320_ft_full_loss_focal_906b334381,1e-05,none,320,full,focal,resnet18,imagenet,70,28,42,127,23,12,11,37,0.782608695652174,0.8409090909090908,0.8779495480153375,0.6666666666666666,0.9090909090909092,0.8888888888888888,0.6666666666666666,0.7619047619047619,0.6066016554832458,10,1,4,8,9,20342
2,4,lr_1em05_sched_none_img_320_ft_full_loss_focal_906b334381,1e-05,none,320,full,focal,resnet18,imagenet,70,31,39,123,23,9,14,41,0.782608695652174,0.7857142857142857,0.7866013071895426,0.6666666666666666,0.8571428571428571,0.75,0.6666666666666666,0.7058823529411765,0.5259076952934265,12,2,3,6,15,20442
2,1,lr_1em04_sched_step_img_224_ft_fc_only_loss_weighted_cross_entropy_3528f314c6,0.0001,step,224,fc_only,weighted_cross_entropy,resnet18,imagenet,69,31,38,121,24,9,15,43,0.625,0.4740740740740741,0.4095588389066649,0.4444444444444444,0.7333333333333333,0.5,0.4444444444444444,0.4705882352941176,0.7191545963287354,11,4,5,4,1,20142
2,2,lr_1em04_sched_step_img_224_ft_fc_only_loss_weighted_cross_entropy_3528f314c6,0.0001,step,224,fc_only,weighted_cross_entropy,resnet18,imagenet,70,30,40,121,23,10,13,43,0.6521739130434783,0.5692307692307692,0.5449417249417249,0.4,0.8461538461538461,0.6666666666666666,0.4,0.5,0.2349138855934143,11,2,6,4,9,20242
2,3,lr_1em04_sched_step_img_224_ft_fc_only_loss_weighted_cross_entropy_3528f314c6,0.0001,step,224,fc_only,weighted_cross_entropy,resnet18,imagenet,70,28,42,127,23,12,11,37,0.5652173913043478,0.4242424242424242,0.5060037349081972,0.9166666666666666,0.1818181818181818,0.55,0.9166666666666666,0.6875,0.3126795887947082,2,9,1,11,3,20342
2,4,lr_1em04_sched_step_img_224_ft_fc_only_loss_weighted_cross_entropy_3528f314c6,0.0001,step,224,fc_only,weighted_cross_entropy,resnet18,imagenet,70,31,39,123,23,9,14,41,0.7391304347826086,0.6031746031746031,0.633067095347797,0.4444444444444444,0.9285714285714286,0.8,0.4444444444444444,0.5714285714285714,0.287697821855545,13,1,5,4,14,20442
2,1,lr_1em04_sched_step_img_224_ft_fc_only_loss_focal_01d1647617,0.0001,step,224,fc_only,focal,resnet18,imagenet,69,31,38,121,24,9,15,43,0.625,0.4592592592592592,0.4021754815233076,0.4444444444444444,0.7333333333333333,0.5,0.4444444444444444,0.4705882352941176,0.7051116228103638,11,4,5,4,1,20142
2,2,lr_1em04_sched_step_img_224_ft_fc_only_loss_focal_01d1647617,0.0001,step,224,fc_only,focal,resnet18,imagenet,70,30,40,121,23,10,13,43,0.6956521739130435,0.5923076923076923,0.5681007442849548,0.4,0.9230769230769232,0.8,0.4,0.5333333333333333,0.3762924373149872,12,1,6,4,9,20242
2,3,lr_1em04_sched_step_img_224_ft_fc_only_loss_focal_01d1647617,0.0001,step,224,fc_only,focal,resnet18,imagenet,70,28,42,127,23,12,11,37,0.5652173913043478,0.4242424242424242,0.5039825305650113,0.8333333333333334,0.2727272727272727,0.5555555555555556,0.8333333333333334,0.6666666666666666,0.2736737132072449,3,8,2,10,3,20342
2,4,lr_1em04_sched_step_img_224_ft_fc_only_loss_focal_01d1647617,0.0001,step,224,fc_only,focal,resnet18,imagenet,70,31,39,123,23,9,14,41,0.7391304347826086,0.5714285714285714,0.585027172307874,0.4444444444444444,0.9285714285714286,0.8,0.4444444444444444,0.5714285714285714,0.3510570824146271,13,1,5,4,14,20442
2,1,lr_1em04_sched_step_img_224_ft_layer4_fc_loss_weighted_cross_entropy_d015fb22bf,0.0001,step,224,layer4_fc,weighted_cross_entropy,resnet18,imagenet,69,31,38,121,24,9,15,43,0.875,0.888888888888889,0.8710178223336119,0.8888888888888888,0.8666666666666667,0.8,0.8888888888888888,0.8421052631578947,0.2899255752563476,13,2,1,8,14,20142
2,2,lr_1em04_sched_step_img_224_ft_layer4_fc_loss_weighted_cross_entropy_d015fb22bf,0.0001,step,224,layer4_fc,weighted_cross_entropy,resnet18,imagenet,70,30,40,121,23,10,13,43,0.7391304347826086,0.7076923076923077,0.7429166666666667,0.5,0.9230769230769232,0.8333333333333334,0.5,0.625,0.2914445698261261,12,1,5,5,17,20242
2,3,lr_1em04_sched_step_img_224_ft_layer4_fc_loss_weighted_cross_entropy_d015fb22bf,0.0001,step,224,layer4_fc,weighted_cross_entropy,resnet18,imagenet,70,28,42,127,23,12,11,37,0.782608695652174,0.7651515151515151,0.7744964465359203,0.75,0.8181818181818182,0.8181818181818182,0.75,0.782608695652174,0.1265933066606521,9,2,3,9,13,20342
2,4,lr_1em04_sched_step_img_224_ft_layer4_fc_loss_weighted_cross_entropy_d015fb22bf,0.0001,step,224,layer4_fc,weighted_cross_entropy,resnet18,imagenet,70,31,39,123,23,9,14,41,0.8695652173913043,0.8968253968253969,0.8586640211640213,0.8888888888888888,0.8571428571428571,0.8,0.8888888888888888,0.8421052631578947,0.165513664484024,12,2,1,8,13,20442
2,1,lr_1em04_sched_step_img_224_ft_layer4_fc_loss_focal_80411213cb,0.0001,step,224,layer4_fc,focal,resnet18,imagenet,69,31,38,121,24,9,15,43,0.8333333333333334,0.8814814814814815,0.8094356261022928,0.7777777777777778,0.8666666666666667,0.7777777777777778,0.7777777777777778,0.7777777777777778,0.4422485530376434,13,2,2,7,8,20142
2,2,lr_1em04_sched_step_img_224_ft_layer4_fc_loss_focal_80411213cb,0.0001,step,224,layer4_fc,focal,resnet18,imagenet,70,30,40,121,23,10,13,43,0.6956521739130435,0.6846153846153846,0.6203482546864899,1.0,0.4615384615384615,0.5882352941176471,1.0,0.7407407407407407,0.7842751741409302,6,7,0,10,1,20242
2,3,lr_1em04_sched_step_img_224_ft_layer4_fc_loss_focal_80411213cb,0.0001,step,224,layer4_fc,focal,resnet18,imagenet,70,28,42,127,23,12,11,37,0.8260869565217391,0.8484848484848484,0.8949407074407075,0.9166666666666666,0.7272727272727273,0.7857142857142857,0.9166666666666666,0.8461538461538461,0.0856492519378662,8,3,1,11,10,20342
2,4,lr_1em04_sched_step_img_224_ft_layer4_fc_loss_focal_80411213cb,0.0001,step,224,layer4_fc,focal,resnet18,imagenet,70,31,39,123,23,9,14,41,0.782608695652174,0.8333333333333334,0.7787596662596663,0.7777777777777778,0.7857142857142857,0.7,0.7777777777777778,0.7368421052631579,0.4121845066547394,11,3,2,7,3,20442
2,1,lr_1em04_sched_step_img_224_ft_layer3_layer4_fc_loss_weighted_cross_entropy_ef5e104c47,0.0001,step,224,layer3_layer4_fc,weighted_cross_entropy,resnet18,imagenet,69,31,38,121,24,9,15,43,0.9166666666666666,0.9481481481481482,0.8969496552829885,1.0,0.8666666666666667,0.8181818181818182,1.0,0.9,0.2053113877773285,13,2,0,9,23,20142
2,2,lr_1em04_sched_step_img_224_ft_layer3_layer4_fc_loss_weighted_cross_entropy_ef5e104c47,0.0001,step,224,layer3_layer4_fc,weighted_cross_entropy,resnet18,imagenet,70,30,40,121,23,10,13,43,0.6521739130434783,0.5769230769230769,0.6179150506356388,0.4,0.8461538461538461,0.6666666666666666,0.4,0.5,0.3281831741333008,11,2,6,4,9,20242
2,3,lr_1em04_sched_step_img_224_ft_layer3_layer4_fc_loss_weighted_cross_entropy_ef5e104c47,0.0001,step,224,layer3_layer4_fc,weighted_cross_entropy,resnet18,imagenet,70,28,42,127,23,12,11,37,0.8260869565217391,0.8257575757575757,0.8240502553002553,0.9166666666666666,0.7272727272727273,0.7857142857142857,0.9166666666666666,0.8461538461538461,0.0956624150276184,8,3,1,11,6,20342
2,4,lr_1em04_sched_step_img_224_ft_layer3_layer4_fc_loss_weighted_cross_entropy_ef5e104c47,0.0001,step,224,layer3_layer4_fc,weighted_cross_entropy,resnet18,imagenet,70,31,39,123,23,9,14,41,0.8695652173913043,0.8888888888888888,0.8910884866767221,0.7777777777777778,0.9285714285714286,0.875,0.7777777777777778,0.8235294117647058,0.2688707113265991,13,1,2,7,4,20442
2,1,lr_1em04_sched_step_img_224_ft_layer3_layer4_fc_loss_focal_3046730bb6,0.0001,step,224,layer3_layer4_fc,focal,resnet18,imagenet,69,31,38,121,24,9,15,43,0.8333333333333334,0.9407407407407408,0.9216200466200466,1.0,0.7333333333333333,0.6923076923076923,1.0,0.8181818181818182,0.1741346418857574,11,4,0,9,19,20142
2,2,lr_1em04_sched_step_img_224_ft_layer3_layer4_fc_loss_focal_3046730bb6,0.0001,step,224,layer3_layer4_fc,focal,resnet18,imagenet,70,30,40,121,23,10,13,43,0.8260869565217391,0.8076923076923077,0.7917748917748917,0.9,0.7692307692307693,0.75,0.9,0.8181818181818182,0.5994205474853516,10,3,1,9,10,20242
2,3,lr_1em04_sched_step_img_224_ft_layer3_layer4_fc_loss_focal_3046730bb6,0.0001,step,224,layer3_layer4_fc,focal,resnet18,imagenet,70,28,42,127,23,12,11,37,0.8695652173913043,0.8636363636363635,0.8967742905242905,0.8333333333333334,0.9090909090909092,0.9090909090909092,0.8333333333333334,0.8695652173913043,0.4422242343425751,10,1,2,10,10,20342
2,4,lr_1em04_sched_step_img_224_ft_layer3_layer4_fc_loss_focal_3046730bb6,0.0001,step,224,layer3_layer4_fc,focal,resnet18,imagenet,70,31,39,123,23,9,14,41,0.8695652173913043,0.9285714285714286,0.8936387686387688,1.0,0.7857142857142857,0.75,1.0,0.8571428571428571,0.3666045367717743,11,3,0,9,20,20442
2,1,lr_1em04_sched_step_img_224_ft_full_loss_weighted_cross_entropy_c5368ba9f8,0.0001,step,224,full,weighted_cross_entropy,resnet18,imagenet,69,31,38,121,24,9,15,43,0.9583333333333334,0.962962962962963,0.92826278659612,1.0,0.9333333333333332,0.9,1.0,0.9473684210526316,0.1535328179597854,14,1,0,9,7,20142
2,2,lr_1em04_sched_step_img_224_ft_full_loss_weighted_cross_entropy_c5368ba9f8,0.0001,step,224,full,weighted_cross_entropy,resnet18,imagenet,70,30,40,121,23,10,13,43,0.5652173913043478,0.5153846153846153,0.4822248636296624,1.0,0.2307692307692307,0.5,1.0,0.6666666666666666,0.2772471904754638,3,10,0,10,1,20242
2,3,lr_1em04_sched_step_img_224_ft_full_loss_weighted_cross_entropy_c5368ba9f8,0.0001,step,224,full,weighted_cross_entropy,resnet18,imagenet,70,28,42,127,23,12,11,37,0.8260869565217391,0.7878787878787878,0.7869080949243993,0.8333333333333334,0.8181818181818182,0.8333333333333334,0.8333333333333334,0.8333333333333334,0.1142270416021347,9,2,2,10,12,20342
2,4,lr_1em04_sched_step_img_224_ft_full_loss_weighted_cross_entropy_c5368ba9f8,0.0001,step,224,full,weighted_cross_entropy,resnet18,imagenet,70,31,39,123,23,9,14,41,0.7391304347826086,0.7222222222222222,0.7141160820985382,0.4444444444444444,0.9285714285714286,0.8,0.4444444444444444,0.5714285714285714,0.1016129478812217,13,1,5,4,6,20442
2,1,lr_1em04_sched_step_img_224_ft_full_loss_focal_17f3442150,0.0001,step,224,full,focal,resnet18,imagenet,69,31,38,121,24,9,15,43,0.875,0.9481481481481482,0.9253086419753086,1.0,0.8,0.75,1.0,0.8571428571428571,0.3495407402515411,12,3,0,9,5,20142
2,2,lr_1em04_sched_step_img_224_ft_full_loss_focal_17f3442150,0.0001,step,224,full,focal,resnet18,imagenet,70,30,40,121,23,10,13,43,0.6956521739130435,0.6615384615384615,0.6015342500636618,0.5,0.8461538461538461,0.7142857142857143,0.5,0.5882352941176471,0.7594557404518127,11,2,5,5,2,20242
2,3,lr_1em04_sched_step_img_224_ft_full_loss_focal_17f3442150,0.0001,step,224,full,focal,resnet18,imagenet,70,28,42,127,23,12,11,37,0.782608695652174,0.8257575757575757,0.8652460478118372,0.6666666666666666,0.9090909090909092,0.8888888888888888,0.6666666666666666,0.7619047619047619,0.4660271108150482,10,1,4,8,27,20342
2,4,lr_1em04_sched_step_img_224_ft_full_loss_focal_17f3442150,0.0001,step,224,full,focal,resnet18,imagenet,70,31,39,123,23,9,14,41,0.7391304347826086,0.761904761904762,0.6437090200248096,0.7777777777777778,0.7142857142857143,0.6363636363636364,0.7777777777777778,0.7,0.1566415429115295,10,4,2,7,10,20442
2,1,lr_1em04_sched_step_img_320_ft_fc_only_loss_weighted_cross_entropy_498b9f67ff,0.0001,step,320,fc_only,weighted_cross_entropy,resnet18,imagenet,69,31,38,121,24,9,15,43,0.6666666666666666,0.3111111111111111,0.4035944237698623,0.1111111111111111,1.0,1.0,0.1111111111111111,0.2,0.7548748850822449,15,0,8,1,1,20142
2,2,lr_1em04_sched_step_img_320_ft_fc_only_loss_weighted_cross_entropy_498b9f67ff,0.0001,step,320,fc_only,weighted_cross_entropy,resnet18,imagenet,70,30,40,121,23,10,13,43,0.7391304347826086,0.7,0.6252693864106907,0.6,0.8461538461538461,0.75,0.6,0.6666666666666666,0.2874439060688019,11,2,4,6,10,20242
2,3,lr_1em04_sched_step_img_320_ft_fc_only_loss_weighted_cross_entropy_498b9f67ff,0.0001,step,320,fc_only,weighted_cross_entropy,resnet18,imagenet,70,28,42,127,23,12,11,37,0.6086956521739131,0.5303030303030303,0.6664053703098326,0.25,1.0,1.0,0.25,0.4,0.3573712408542633,11,0,9,3,8,20342
2,4,lr_1em04_sched_step_img_320_ft_fc_only_loss_weighted_cross_entropy_498b9f67ff,0.0001,step,320,fc_only,weighted_cross_entropy,resnet18,imagenet,70,31,39,123,23,9,14,41,0.7391304347826086,0.5793650793650793,0.6272229395036413,0.3333333333333333,1.0,1.0,0.3333333333333333,0.5,0.4342763125896454,14,0,6,3,19,20442
2,1,lr_1em04_sched_step_img_320_ft_fc_only_loss_focal_4ea8bce2fb,0.0001,step,320,fc_only,focal,resnet18,imagenet,69,31,38,121,24,9,15,43,0.6666666666666666,0.3037037037037037,0.3961870163624549,0.1111111111111111,1.0,1.0,0.1111111111111111,0.2,0.7408257722854614,15,0,8,1,1,20142
2,2,lr_1em04_sched_step_img_320_ft_fc_only_loss_focal_4ea8bce2fb,0.0001,step,320,fc_only,focal,resnet18,imagenet,70,30,40,121,23,10,13,43,0.7391304347826086,0.7153846153846154,0.6537812911725955,0.8,0.6923076923076923,0.6666666666666666,0.8,0.7272727272727273,0.3985450565814972,9,4,2,8,10,20242
2,3,lr_1em04_sched_step_img_320_ft_fc_only_loss_focal_4ea8bce2fb,0.0001,step,320,fc_only,focal,resnet18,imagenet,70,28,42,127,23,12,11,37,0.6521739130434783,0.5151515151515151,0.6299861973775017,0.5,0.8181818181818182,0.75,0.5,0.6,0.4258770048618316,9,2,6,6,7,20342
2,4,lr_1em04_sched_step_img_320_ft_fc_only_loss_focal_4ea8bce2fb,0.0001,step,320,fc_only,focal,resnet18,imagenet,70,31,39,123,23,9,14,41,0.7391304347826086,0.5793650793650793,0.6211640211640213,0.3333333333333333,1.0,1.0,0.3333333333333333,0.5,0.4664194583892822,14,0,6,3,18,20442
2,1,lr_1em04_sched_step_img_320_ft_layer4_fc_loss_weighted_cross_entropy_75ba4e1d96,0.0001,step,320,layer4_fc,weighted_cross_entropy,resnet18,imagenet,69,31,38,121,24,9,15,43,0.9166666666666666,0.925925925925926,0.8949294532627866,0.8888888888888888,0.9333333333333332,0.8888888888888888,0.8888888888888888,0.8888888888888888,0.5230857729911804,14,1,1,8,4,20142
2,2,lr_1em04_sched_step_img_320_ft_layer4_fc_loss_weighted_cross_entropy_75ba4e1d96,0.0001,step,320,layer4_fc,weighted_cross_entropy,resnet18,imagenet,70,30,40,121,23,10,13,43,0.6521739130434783,0.676923076923077,0.6437839886291898,0.8,0.5384615384615384,0.5714285714285714,0.8,0.6666666666666666,0.4757313132286072,7,6,2,8,9,20242
2,3,lr_1em04_sched_step_img_320_ft_layer4_fc_loss_weighted_cross_entropy_75ba4e1d96,0.0001,step,320,layer4_fc,weighted_cross_entropy,resnet18,imagenet,70,28,42,127,23,12,11,37,0.782608695652174,0.7803030303030303,0.8346505417477285,0.8333333333333334,0.7272727272727273,0.7692307692307693,0.8333333333333334,0.8,0.2027765363454818,8,3,2,10,24,20342
2,4,lr_1em04_sched_step_img_320_ft_layer4_fc_loss_weighted_cross_entropy_75ba4e1d96,0.0001,step,320,layer4_fc,weighted_cross_entropy,resnet18,imagenet,70,31,39,123,23,9,14,41,0.8260869565217391,0.8571428571428571,0.8426265092931762,0.7777777777777778,0.8571428571428571,0.7777777777777778,0.7777777777777778,0.7777777777777778,0.441018283367157,12,2,2,7,14,20442
2,1,lr_1em04_sched_step_img_320_ft_layer4_fc_loss_focal_130b3233c3,0.0001,step,320,layer4_fc,focal,resnet18,imagenet,69,31,38,121,24,9,15,43,0.9166666666666666,0.9185185185185184,0.9291747888239116,0.8888888888888888,0.9333333333333332,0.8888888888888888,0.8888888888888888,0.8888888888888888,0.3784109354019165,14,1,1,8,9,20142
2,2,lr_1em04_sched_step_img_320_ft_layer4_fc_loss_focal_130b3233c3,0.0001,step,320,layer4_fc,focal,resnet18,imagenet,70,30,40,121,23,10,13,43,0.782608695652174,0.8538461538461538,0.8486142942025295,0.8,0.7692307692307693,0.7272727272727273,0.8,0.7619047619047619,0.5926048755645752,10,3,2,8,10,20242
2,3,lr_1em04_sched_step_img_320_ft_layer4_fc_loss_focal_130b3233c3,0.0001,step,320,layer4_fc,focal,resnet18,imagenet,70,28,42,127,23,12,11,37,0.8260869565217391,0.7727272727272727,0.7570304494217539,0.8333333333333334,0.8181818181818182,0.8333333333333334,0.8333333333333334,0.8333333333333334,0.2894981801509857,9,2,2,10,22,20342
2,4,lr_1em04_sched_step_img_320_ft_layer4_fc_loss_focal_130b3233c3,0.0001,step,320,layer4_fc,focal,resnet18,imagenet,70,31,39,123,23,9,14,41,0.8695652173913043,0.9047619047619048,0.8769721019721022,0.7777777777777778,0.9285714285714286,0.875,0.7777777777777778,0.8235294117647058,0.2479177862405777,13,1,2,7,5,20442
2,1,lr_1em04_sched_step_img_320_ft_layer3_layer4_fc_loss_weighted_cross_entropy_1af0675037,0.0001,step,320,layer3_layer4_fc,weighted_cross_entropy,resnet18,imagenet,69,31,38,121,24,9,15,43,0.9583333333333334,0.9777777777777776,0.9626543209876544,1.0,0.9333333333333332,0.9,1.0,0.9473684210526316,0.4109535217285156,14,1,0,9,23,20142
2,2,lr_1em04_sched_step_img_320_ft_layer3_layer4_fc_loss_weighted_cross_entropy_1af0675037,0.0001,step,320,layer3_layer4_fc,weighted_cross_entropy,resnet18,imagenet,70,30,40,121,23,10,13,43,0.6086956521739131,0.6307692307692307,0.6139085424379541,0.9,0.3846153846153846,0.5294117647058824,0.9,0.6666666666666666,0.1789257526397705,5,8,1,9,9,20242
2,3,lr_1em04_sched_step_img_320_ft_layer3_layer4_fc_loss_weighted_cross_entropy_1af0675037,0.0001,step,320,layer3_layer4_fc,weighted_cross_entropy,resnet18,imagenet,70,28,42,127,23,12,11,37,0.8260869565217391,0.765151515151515,0.7516885690798735,0.9166666666666666,0.7272727272727273,0.7857142857142857,0.9166666666666666,0.8461538461538461,0.3291318118572235,8,3,1,11,8,20342
2,4,lr_1em04_sched_step_img_320_ft_layer3_layer4_fc_loss_weighted_cross_entropy_1af0675037,0.0001,step,320,layer3_layer4_fc,weighted_cross_entropy,resnet18,imagenet,70,31,39,123,23,9,14,41,0.9130434782608696,0.9365079365079364,0.9051858635191968,0.8888888888888888,0.9285714285714286,0.8888888888888888,0.8888888888888888,0.8888888888888888,0.0582864806056022,13,1,1,8,5,20442
2,1,lr_1em04_sched_step_img_320_ft_layer3_layer4_fc_loss_focal_41d524f6ac,0.0001,step,320,layer3_layer4_fc,focal,resnet18,imagenet,69,31,38,121,24,9,15,43,0.875,0.925925925925926,0.8894500561167228,1.0,0.8,0.75,1.0,0.8571428571428571,0.3792043924331665,12,3,0,9,15,20142
2,2,lr_1em04_sched_step_img_320_ft_layer3_layer4_fc_loss_focal_41d524f6ac,0.0001,step,320,layer3_layer4_fc,focal,resnet18,imagenet,70,30,40,121,23,10,13,43,0.6521739130434783,0.5769230769230769,0.558169914245429,0.7,0.6153846153846154,0.5833333333333334,0.7,0.6363636363636364,0.5301727652549744,8,5,3,7,11,20242
2,3,lr_1em04_sched_step_img_320_ft_layer3_layer4_fc_loss_focal_41d524f6ac,0.0001,step,320,layer3_layer4_fc,focal,resnet18,imagenet,70,28,42,127,23,12,11,37,0.8260869565217391,0.803030303030303,0.8630413638885507,0.75,0.9090909090909092,0.9,0.75,0.8181818181818182,0.3581025004386902,10,1,3,9,10,20342
2,4,lr_1em04_sched_step_img_320_ft_layer3_layer4_fc_loss_focal_41d524f6ac,0.0001,step,320,layer3_layer4_fc,focal,resnet18,imagenet,70,31,39,123,23,9,14,41,0.782608695652174,0.8968253968253967,0.8740740740740742,1.0,0.6428571428571429,0.6428571428571429,1.0,0.782608695652174,0.2072540074586868,9,5,0,9,15,20442
2,1,lr_1em04_sched_step_img_320_ft_full_loss_weighted_cross_entropy_9d8dca3eb2,0.0001,step,320,full,weighted_cross_entropy,resnet18,imagenet,69,31,38,121,24,9,15,43,0.9583333333333334,0.9925925925925926,0.9888888888888888,1.0,0.9333333333333332,0.9,1.0,0.9473684210526316,0.1693897694349289,14,1,0,9,7,20142
2,2,lr_1em04_sched_step_img_320_ft_full_loss_weighted_cross_entropy_9d8dca3eb2,0.0001,step,320,full,weighted_cross_entropy,resnet18,imagenet,70,30,40,121,23,10,13,43,0.6521739130434783,0.6384615384615384,0.6217551454393558,0.7,0.6153846153846154,0.5833333333333334,0.7,0.6363636363636364,0.5005486607551575,8,5,3,7,9,20242
2,3,lr_1em04_sched_step_img_320_ft_full_loss_weighted_cross_entropy_9d8dca3eb2,0.0001,step,320,full,weighted_cross_entropy,resnet18,imagenet,70,28,42,127,23,12,11,37,0.9130434782608696,0.856060606060606,0.8751551487964532,0.9166666666666666,0.9090909090909092,0.9166666666666666,0.9166666666666666,0.9166666666666666,0.4136964380741119,10,1,1,11,16,20342
2,4,lr_1em04_sched_step_img_320_ft_full_loss_weighted_cross_entropy_9d8dca3eb2,0.0001,step,320,full,weighted_cross_entropy,resnet18,imagenet,70,31,39,123,23,9,14,41,0.8695652173913043,0.8650793650793651,0.7391855058521726,1.0,0.7857142857142857,0.75,1.0,0.8571428571428571,0.2953626811504364,11,3,0,9,3,20442
2,1,lr_1em04_sched_step_img_320_ft_full_loss_focal_e52545cdfc,0.0001,step,320,full,focal,resnet18,imagenet,69,31,38,121,24,9,15,43,0.9166666666666666,0.977777777777778,0.967452300785634,1.0,0.8666666666666667,0.8181818181818182,1.0,0.9,0.345846951007843,13,2,0,9,9,20142
2,2,lr_1em04_sched_step_img_320_ft_full_loss_focal_e52545cdfc,0.0001,step,320,full,focal,resnet18,imagenet,70,30,40,121,23,10,13,43,0.6956521739130435,0.6461538461538461,0.5189457274751392,0.8,0.6153846153846154,0.6153846153846154,0.8,0.6956521739130435,0.5968194603919983,8,5,2,8,3,20242
2,3,lr_1em04_sched_step_img_320_ft_full_loss_focal_e52545cdfc,0.0001,step,320,full,focal,resnet18,imagenet,70,28,42,127,23,12,11,37,0.782608695652174,0.7803030303030303,0.7387604293854294,0.6666666666666666,0.9090909090909092,0.8888888888888888,0.6666666666666666,0.7619047619047619,0.6318700909614563,10,1,4,8,13,20342
2,4,lr_1em04_sched_step_img_320_ft_full_loss_focal_e52545cdfc,0.0001,step,320,full,focal,resnet18,imagenet,70,31,39,123,23,9,14,41,0.9130434782608696,0.9285714285714284,0.9134479717813052,0.8888888888888888,0.9285714285714286,0.8888888888888888,0.8888888888888888,0.8888888888888888,0.4233676493167877,13,1,1,8,6,20442
2,1,lr_1em04_sched_cosine_img_224_ft_fc_only_loss_weighted_cross_entropy_444ada7645,0.0001,cosine,224,fc_only,weighted_cross_entropy,resnet18,imagenet,69,31,38,121,24,9,15,43,0.5833333333333334,0.437037037037037,0.3888961319694483,0.4444444444444444,0.6666666666666666,0.4444444444444444,0.4444444444444444,0.4444444444444444,0.6498608589172363,10,5,5,4,1,20142
2,2,lr_1em04_sched_cosine_img_224_ft_fc_only_loss_weighted_cross_entropy_444ada7645,0.0001,cosine,224,fc_only,weighted_cross_entropy,resnet18,imagenet,70,30,40,121,23,10,13,43,0.6086956521739131,0.5769230769230769,0.5399230886072991,0.7,0.5384615384615384,0.5384615384615384,0.7,0.6086956521739131,0.2205328047275543,7,6,3,7,9,20242
2,3,lr_1em04_sched_cosine_img_224_ft_fc_only_loss_weighted_cross_entropy_444ada7645,0.0001,cosine,224,fc_only,weighted_cross_entropy,resnet18,imagenet,70,28,42,127,23,12,11,37,0.5652173913043478,0.4242424242424242,0.5039825305650113,0.8333333333333334,0.2727272727272727,0.5555555555555556,0.8333333333333334,0.6666666666666666,0.2184086441993713,3,8,2,10,3,20342
2,4,lr_1em04_sched_cosine_img_224_ft_fc_only_loss_weighted_cross_entropy_444ada7645,0.0001,cosine,224,fc_only,weighted_cross_entropy,resnet18,imagenet,70,31,39,123,23,9,14,41,0.7391304347826086,0.5793650793650793,0.5867707990515008,0.4444444444444444,0.9285714285714286,0.8,0.4444444444444444,0.5714285714285714,0.3272708356380462,13,1,5,4,14,20442
2,1,lr_1em04_sched_cosine_img_224_ft_fc_only_loss_focal_410b517dba,0.0001,cosine,224,fc_only,focal,resnet18,imagenet,69,31,38,121,24,9,15,43,0.625,0.4666666666666667,0.4053500846979107,0.4444444444444444,0.7333333333333333,0.5,0.4444444444444444,0.4705882352941176,0.7087774276733398,11,4,5,4,1,20142
2,2,lr_1em04_sched_cosine_img_224_ft_fc_only_loss_focal_410b517dba,0.0001,cosine,224,fc_only,focal,resnet18,imagenet,70,30,40,121,23,10,13,43,0.6956521739130435,0.5923076923076922,0.5644896331738437,0.4,0.9230769230769232,0.8,0.4,0.5333333333333333,0.3369415402412414,12,1,6,4,9,20242
2,3,lr_1em04_sched_cosine_img_224_ft_fc_only_loss_focal_410b517dba,0.0001,cosine,224,fc_only,focal,resnet18,imagenet,70,28,42,127,23,12,11,37,0.5652173913043478,0.4242424242424242,0.5039825305650113,0.8333333333333334,0.2727272727272727,0.5555555555555556,0.8333333333333334,0.6666666666666666,0.238005131483078,3,8,2,10,3,20342
2,4,lr_1em04_sched_cosine_img_224_ft_fc_only_loss_focal_410b517dba,0.0001,cosine,224,fc_only,focal,resnet18,imagenet,70,31,39,123,23,9,14,41,0.7391304347826086,0.5714285714285714,0.5823836738310422,0.4444444444444444,0.9285714285714286,0.8,0.4444444444444444,0.5714285714285714,0.3362821340560913,13,1,5,4,18,20442
2,1,lr_1em04_sched_cosine_img_224_ft_layer4_fc_loss_weighted_cross_entropy_68e86ebf06,0.0001,cosine,224,layer4_fc,weighted_cross_entropy,resnet18,imagenet,69,31,38,121,24,9,15,43,0.7916666666666666,0.8962962962962964,0.8419753086419753,1.0,0.6666666666666666,0.6428571428571429,1.0,0.782608695652174,0.2221492677927017,10,5,0,9,8,20142
2,2,lr_1em04_sched_cosine_img_224_ft_layer4_fc_loss_weighted_cross_entropy_68e86ebf06,0.0001,cosine,224,layer4_fc,weighted_cross_entropy,resnet18,imagenet,70,30,40,121,23,10,13,43,0.8260869565217391,0.7769230769230769,0.799633723054439,0.7,0.9230769230769232,0.875,0.7,0.7777777777777778,0.1812784671783447,12,1,3,7,12,20242
2,3,lr_1em04_sched_cosine_img_224_ft_layer4_fc_loss_weighted_cross_entropy_68e86ebf06,0.0001,cosine,224,layer4_fc,weighted_cross_entropy,resnet18,imagenet,70,28,42,127,23,12,11,37,0.7391304347826086,0.7575757575757576,0.807019927536232,0.5833333333333334,0.9090909090909092,0.875,0.5833333333333334,0.7,0.3272556960582733,10,1,5,7,21,20342
2,4,lr_1em04_sched_cosine_img_224_ft_layer4_fc_loss_weighted_cross_entropy_68e86ebf06,0.0001,cosine,224,layer4_fc,weighted_cross_entropy,resnet18,imagenet,70,31,39,123,23,9,14,41,0.7391304347826086,0.7857142857142857,0.6738714988714989,1.0,0.5714285714285714,0.6,1.0,0.75,0.2560232281684875,8,6,0,9,13,20442
2,1,lr_1em04_sched_cosine_img_224_ft_layer4_fc_loss_focal_8eca8245ec,0.0001,cosine,224,layer4_fc,focal,resnet18,imagenet,69,31,38,121,24,9,15,43,0.7916666666666666,0.8148148148148149,0.8086297760210803,0.8888888888888888,0.7333333333333333,0.6666666666666666,0.8888888888888888,0.7619047619047619,0.6608683466911316,11,4,1,8,2,20142
2,2,lr_1em04_sched_cosine_img_224_ft_layer4_fc_loss_focal_8eca8245ec,0.0001,cosine,224,layer4_fc,focal,resnet18,imagenet,70,30,40,121,23,10,13,43,0.782608695652174,0.7461538461538462,0.734054834054834,0.8,0.7692307692307693,0.7272727272727273,0.8,0.7619047619047619,0.2912644743919372,10,3,2,8,17,20242
2,3,lr_1em04_sched_cosine_img_224_ft_layer4_fc_loss_focal_8eca8245ec,0.0001,cosine,224,layer4_fc,focal,resnet18,imagenet,70,28,42,127,23,12,11,37,0.6086956521739131,0.553030303030303,0.638146052228533,0.5,0.7272727272727273,0.6666666666666666,0.5,0.5714285714285714,0.8652241826057434,8,3,6,6,1,20342
2,4,lr_1em04_sched_cosine_img_224_ft_layer4_fc_loss_focal_8eca8245ec,0.0001,cosine,224,layer4_fc,focal,resnet18,imagenet,70,31,39,123,23,9,14,41,0.9130434782608696,0.9047619047619048,0.9192982456140352,0.7777777777777778,1.0,1.0,0.7777777777777778,0.875,0.2117257118225097,14,0,2,7,5,20442
2,1,lr_1em04_sched_cosine_img_224_ft_layer3_layer4_fc_loss_weighted_cross_entropy_691980fc50,0.0001,cosine,224,layer3_layer4_fc,weighted_cross_entropy,resnet18,imagenet,69,31,38,121,24,9,15,43,0.7916666666666666,0.888888888888889,0.8564713064713065,1.0,0.6666666666666666,0.6428571428571429,1.0,0.782608695652174,0.1442981660366058,10,5,0,9,18,20142
2,2,lr_1em04_sched_cosine_img_224_ft_layer3_layer4_fc_loss_weighted_cross_entropy_691980fc50,0.0001,cosine,224,layer3_layer4_fc,weighted_cross_entropy,resnet18,imagenet,70,30,40,121,23,10,13,43,0.6086956521739131,0.6,0.5661388151751928,1.0,0.3076923076923077,0.5263157894736842,1.0,0.6896551724137931,0.1571803390979766,4,9,0,10,11,20242
2,3,lr_1em04_sched_cosine_img_224_ft_layer3_layer4_fc_loss_weighted_cross_entropy_691980fc50,0.0001,cosine,224,layer3_layer4_fc,weighted_cross_entropy,resnet18,imagenet,70,28,42,127,23,12,11,37,0.782608695652174,0.8181818181818181,0.8754662959826004,0.6666666666666666,0.9090909090909092,0.8888888888888888,0.6666666666666666,0.7619047619047619,0.3272708356380462,10,1,4,8,11,20342
2,4,lr_1em04_sched_cosine_img_224_ft_layer3_layer4_fc_loss_weighted_cross_entropy_691980fc50,0.0001,cosine,224,layer3_layer4_fc,weighted_cross_entropy,resnet18,imagenet,70,31,39,123,23,9,14,41,0.8695652173913043,0.8571428571428571,0.7839807852965748,0.8888888888888888,0.8571428571428571,0.8,0.8888888888888888,0.8421052631578947,0.2680768370628357,12,2,1,8,4,20442
2,1,lr_1em04_sched_cosine_img_224_ft_layer3_layer4_fc_loss_focal_26653f65da,0.0001,cosine,224,layer3_layer4_fc,focal,resnet18,imagenet,69,31,38,121,24,9,15,43,0.375,0.5,0.375,1.0,0.0,0.375,1.0,0.5454545454545454,0.0,0,15,0,9,2,20142
2,2,lr_1em04_sched_cosine_img_224_ft_layer3_layer4_fc_loss_focal_26653f65da,0.0001,cosine,224,layer3_layer4_fc,focal,resnet18,imagenet,70,30,40,121,23,10,13,43,0.7391304347826086,0.676923076923077,0.547688651218063,0.8,0.6923076923076923,0.6666666666666666,0.8,0.7272727272727273,0.3508731126785278,9,4,2,8,9,20242
2,3,lr_1em04_sched_cosine_img_224_ft_layer3_layer4_fc_loss_focal_26653f65da,0.0001,cosine,224,layer3_layer4_fc,focal,resnet18,imagenet,70,28,42,127,23,12,11,37,0.782608695652174,0.75,0.811428597569902,0.75,0.8181818181818182,0.8181818181818182,0.75,0.782608695652174,0.223596915602684,9,2,3,9,8,20342
2,4,lr_1em04_sched_cosine_img_224_ft_layer3_layer4_fc_loss_focal_26653f65da,0.0001,cosine,224,layer3_layer4_fc,focal,resnet18,imagenet,70,31,39,123,23,9,14,41,0.8260869565217391,0.8253968253968254,0.8154507529507531,0.5555555555555556,1.0,1.0,0.5555555555555556,0.7142857142857143,0.4570335745811462,14,0,4,5,19,20442
2,1,lr_1em04_sched_cosine_img_224_ft_full_loss_weighted_cross_entropy_76e3fcc61d,0.0001,cosine,224,full,weighted_cross_entropy,resnet18,imagenet,69,31,38,121,24,9,15,43,0.7916666666666666,0.888888888888889,0.8498575498575499,1.0,0.6666666666666666,0.6428571428571429,1.0,0.782608695652174,0.2826302647590637,10,5,0,9,4,20142
2,2,lr_1em04_sched_cosine_img_224_ft_full_loss_weighted_cross_entropy_76e3fcc61d,0.0001,cosine,224,full,weighted_cross_entropy,resnet18,imagenet,70,30,40,121,23,10,13,43,0.782608695652174,0.6846153846153846,0.5502867965367966,0.8,0.7692307692307693,0.7272727272727273,0.8,0.7619047619047619,0.1718056350946426,10,3,2,8,12,20242
2,3,lr_1em04_sched_cosine_img_224_ft_full_loss_weighted_cross_entropy_76e3fcc61d,0.0001,cosine,224,full,weighted_cross_entropy,resnet18,imagenet,70,28,42,127,23,12,11,37,0.8260869565217391,0.8181818181818181,0.8277103683353684,0.75,0.9090909090909092,0.9,0.75,0.8181818181818182,0.2496483027935028,10,1,3,9,12,20342
2,4,lr_1em04_sched_cosine_img_224_ft_full_loss_weighted_cross_entropy_76e3fcc61d,0.0001,cosine,224,full,weighted_cross_entropy,resnet18,imagenet,70,31,39,123,23,9,14,41,0.8695652173913043,0.9126984126984128,0.872602089268756,0.8888888888888888,0.8571428571428571,0.8,0.8888888888888888,0.8421052631578947,0.1458444893360138,12,2,1,8,16,20442
2,1,lr_1em04_sched_cosine_img_224_ft_full_loss_focal_13433d0a9c,0.0001,cosine,224,full,focal,resnet18,imagenet,69,31,38,121,24,9,15,43,0.9166666666666666,0.9703703703703704,0.9575757575757576,1.0,0.8666666666666667,0.8181818181818182,1.0,0.9,0.4125780463218689,13,2,0,9,13,20142
2,2,lr_1em04_sched_cosine_img_224_ft_full_loss_focal_13433d0a9c,0.0001,cosine,224,full,focal,resnet18,imagenet,70,30,40,121,23,10,13,43,0.6521739130434783,0.6230769230769231,0.5640554614467658,0.7,0.6153846153846154,0.5833333333333334,0.7,0.6363636363636364,0.584812581539154,8,5,3,7,2,20242
2,3,lr_1em04_sched_cosine_img_224_ft_full_loss_focal_13433d0a9c,0.0001,cosine,224,full,focal,resnet18,imagenet,70,28,42,127,23,12,11,37,0.7391304347826086,0.7348484848484848,0.7668093752652577,0.75,0.7272727272727273,0.75,0.75,0.75,0.2095876336097717,8,3,3,9,10,20342
2,4,lr_1em04_sched_cosine_img_224_ft_full_loss_focal_13433d0a9c,0.0001,cosine,224,full,focal,resnet18,imagenet,70,31,39,123,23,9,14,41,0.8260869565217391,0.8809523809523809,0.8636141636141637,0.6666666666666666,0.9285714285714286,0.8571428571428571,0.6666666666666666,0.75,0.3636963665485382,13,1,3,6,3,20442
2,1,lr_1em04_sched_cosine_img_320_ft_fc_only_loss_weighted_cross_entropy_ac7cf43cc1,0.0001,cosine,320,fc_only,weighted_cross_entropy,resnet18,imagenet,69,31,38,121,24,9,15,43,0.6666666666666666,0.3111111111111111,0.4035944237698623,0.1111111111111111,1.0,1.0,0.1111111111111111,0.2,0.7421250939369202,15,0,8,1,1,20142
2,2,lr_1em04_sched_cosine_img_320_ft_fc_only_loss_weighted_cross_entropy_ac7cf43cc1,0.0001,cosine,320,fc_only,weighted_cross_entropy,resnet18,imagenet,70,30,40,121,23,10,13,43,0.782608695652174,0.7384615384615385,0.6707455768868812,0.6,0.9230769230769232,0.8571428571428571,0.6,0.7058823529411765,0.3625751137733459,12,1,4,6,10,20242
2,3,lr_1em04_sched_cosine_img_320_ft_fc_only_loss_weighted_cross_entropy_ac7cf43cc1,0.0001,cosine,320,fc_only,weighted_cross_entropy,resnet18,imagenet,70,28,42,127,23,12,11,37,0.6086956521739131,0.5303030303030303,0.6693003919548542,0.25,1.0,1.0,0.25,0.4,0.4513283669948578,11,0,9,3,8,20342
2,4,lr_1em04_sched_cosine_img_320_ft_fc_only_loss_weighted_cross_entropy_ac7cf43cc1,0.0001,cosine,320,fc_only,weighted_cross_entropy,resnet18,imagenet,70,31,39,123,23,9,14,41,0.7391304347826086,0.5555555555555556,0.6146730462519936,0.3333333333333333,1.0,1.0,0.3333333333333333,0.5,0.4661341309547424,14,0,6,3,18,20442
2,1,lr_1em04_sched_cosine_img_320_ft_fc_only_loss_focal_a2392d1b17,0.0001,cosine,320,fc_only,focal,resnet18,imagenet,69,31,38,121,24,9,15,43,0.6666666666666666,0.3111111111111111,0.4035944237698623,0.1111111111111111,1.0,1.0,0.1111111111111111,0.2,0.7650898694992065,15,0,8,1,1,20142
2,2,lr_1em04_sched_cosine_img_320_ft_fc_only_loss_focal_a2392d1b17,0.0001,cosine,320,fc_only,focal,resnet18,imagenet,70,30,40,121,23,10,13,43,0.7391304347826086,0.7153846153846154,0.6373976747889791,0.9,0.6153846153846154,0.6428571428571429,0.9,0.75,0.2943362891674042,8,5,1,9,9,20242
2,3,lr_1em04_sched_cosine_img_320_ft_fc_only_loss_focal_a2392d1b17,0.0001,cosine,320,fc_only,focal,resnet18,imagenet,70,28,42,127,23,12,11,37,0.6086956521739131,0.5378787878787878,0.6804115030659654,0.25,1.0,1.0,0.25,0.4,0.4463923573493957,11,0,9,3,8,20342
2,4,lr_1em04_sched_cosine_img_320_ft_fc_only_loss_focal_a2392d1b17,0.0001,cosine,320,fc_only,focal,resnet18,imagenet,70,31,39,123,23,9,14,41,0.7391304347826086,0.5555555555555556,0.6107744107744109,0.3333333333333333,1.0,1.0,0.3333333333333333,0.5,0.4225062429904938,14,0,6,3,18,20442
2,1,lr_1em04_sched_cosine_img_320_ft_layer4_fc_loss_weighted_cross_entropy_d1e124db05,0.0001,cosine,320,layer4_fc,weighted_cross_entropy,resnet18,imagenet,69,31,38,121,24,9,15,43,0.8333333333333334,0.8666666666666667,0.7843033509700177,0.7777777777777778,0.8666666666666667,0.7777777777777778,0.7777777777777778,0.7777777777777778,0.5183609127998352,13,2,2,7,13,20142
2,2,lr_1em04_sched_cosine_img_320_ft_layer4_fc_loss_weighted_cross_entropy_d1e124db05,0.0001,cosine,320,layer4_fc,weighted_cross_entropy,resnet18,imagenet,70,30,40,121,23,10,13,43,0.7391304347826086,0.7,0.7422173659673659,0.5,0.9230769230769232,0.8333333333333334,0.5,0.625,0.3589296042919159,12,1,5,5,6,20242
2,3,lr_1em04_sched_cosine_img_320_ft_layer4_fc_loss_weighted_cross_entropy_d1e124db05,0.0001,cosine,320,layer4_fc,weighted_cross_entropy,resnet18,imagenet,70,28,42,127,23,12,11,37,0.782608695652174,0.8181818181818181,0.8707752694165739,0.8333333333333334,0.7272727272727273,0.7692307692307693,0.8333333333333334,0.8,0.2394164502620697,8,3,2,10,10,20342
2,4,lr_1em04_sched_cosine_img_320_ft_layer4_fc_loss_weighted_cross_entropy_d1e124db05,0.0001,cosine,320,layer4_fc,weighted_cross_entropy,resnet18,imagenet,70,31,39,123,23,9,14,41,0.8695652173913043,0.9206349206349206,0.9093915343915346,0.7777777777777778,0.9285714285714286,0.875,0.7777777777777778,0.8235294117647058,0.7018918991088867,13,1,2,7,6,20442
2,1,lr_1em04_sched_cosine_img_320_ft_layer4_fc_loss_focal_f702c93367,0.0001,cosine,320,layer4_fc,focal,resnet18,imagenet,69,31,38,121,24,9,15,43,0.8333333333333334,0.8814814814814815,0.8315153981820649,0.7777777777777778,0.8666666666666667,0.7777777777777778,0.7777777777777778,0.7777777777777778,0.4732188284397125,13,2,2,7,9,20142
2,2,lr_1em04_sched_cosine_img_320_ft_layer4_fc_loss_focal_f702c93367,0.0001,cosine,320,layer4_fc,focal,resnet18,imagenet,70,30,40,121,23,10,13,43,0.6956521739130435,0.7,0.6979291541791541,0.8,0.6153846153846154,0.6153846153846154,0.8,0.6956521739130435,0.3876302540302276,8,5,2,8,14,20242
2,3,lr_1em04_sched_cosine_img_320_ft_layer4_fc_loss_focal_f702c93367,0.0001,cosine,320,layer4_fc,focal,resnet18,imagenet,70,28,42,127,23,12,11,37,0.7391304347826086,0.75,0.8032666206579251,0.6666666666666666,0.8181818181818182,0.8,0.6666666666666666,0.7272727272727273,0.6089004874229431,9,2,4,8,12,20342
2,4,lr_1em04_sched_cosine_img_320_ft_layer4_fc_loss_focal_f702c93367,0.0001,cosine,320,layer4_fc,focal,resnet18,imagenet,70,31,39,123,23,9,14,41,0.8260869565217391,0.9365079365079364,0.9216200466200468,1.0,0.7142857142857143,0.6923076923076923,1.0,0.8181818181818182,0.286410242319107,10,4,0,9,15,20442
2,1,lr_1em04_sched_cosine_img_320_ft_layer3_layer4_fc_loss_weighted_cross_entropy_87bb184750,0.0001,cosine,320,layer3_layer4_fc,weighted_cross_entropy,resnet18,imagenet,69,31,38,121,24,9,15,43,0.875,0.925925925925926,0.908641975308642,0.8888888888888888,0.8666666666666667,0.8,0.8888888888888888,0.8421052631578947,0.1951744854450225,13,2,1,8,12,20142
2,2,lr_1em04_sched_cosine_img_320_ft_layer3_layer4_fc_loss_weighted_cross_entropy_87bb184750,0.0001,cosine,320,layer3_layer4_fc,weighted_cross_entropy,resnet18,imagenet,70,30,40,121,23,10,13,43,0.6521739130434783,0.7153846153846154,0.7248580586080584,0.9,0.4615384615384615,0.5625,0.9,0.6923076923076923,0.4216151237487793,6,7,1,9,6,20242
2,3,lr_1em04_sched_cosine_img_320_ft_layer3_layer4_fc_loss_weighted_cross_entropy_87bb184750,0.0001,cosine,320,layer3_layer4_fc,weighted_cross_entropy,resnet18,imagenet,70,28,42,127,23,12,11,37,0.782608695652174,0.7651515151515151,0.7624926271985096,0.8333333333333334,0.7272727272727273,0.7692307692307693,0.8333333333333334,0.8,0.4428127110004425,8,3,2,10,11,20342
2,4,lr_1em04_sched_cosine_img_320_ft_layer3_layer4_fc_loss_weighted_cross_entropy_87bb184750,0.0001,cosine,320,layer3_layer4_fc,weighted_cross_entropy,resnet18,imagenet,70,31,39,123,23,9,14,41,0.9130434782608696,0.9603174603174603,0.9534662867996202,0.8888888888888888,0.9285714285714286,0.8888888888888888,0.8888888888888888,0.8888888888888888,0.2433629781007766,13,1,1,8,6,20442
2,1,lr_1em04_sched_cosine_img_320_ft_layer3_layer4_fc_loss_focal_cc0803cc90,0.0001,cosine,320,layer3_layer4_fc,focal,resnet18,imagenet,69,31,38,121,24,9,15,43,0.9583333333333334,0.9777777777777776,0.9626543209876544,1.0,0.9333333333333332,0.9,1.0,0.9473684210526316,0.400140643119812,14,1,0,9,5,20142
2,2,lr_1em04_sched_cosine_img_320_ft_layer3_layer4_fc_loss_focal_cc0803cc90,0.0001,cosine,320,layer3_layer4_fc,focal,resnet18,imagenet,70,30,40,121,23,10,13,43,0.7391304347826086,0.7615384615384616,0.7612554112554112,0.8,0.6923076923076923,0.6666666666666666,0.8,0.7272727272727273,0.3285679817199707,9,4,2,8,8,20242
2,3,lr_1em04_sched_cosine_img_320_ft_layer3_layer4_fc_loss_focal_cc0803cc90,0.0001,cosine,320,layer3_layer4_fc,focal,resnet18,imagenet,70,28,42,127,23,12,11,37,0.8260869565217391,0.7878787878787878,0.816263828763829,0.8333333333333334,0.8181818181818182,0.8333333333333334,0.8333333333333334,0.8333333333333334,0.3650517463684082,9,2,2,10,19,20342
2,4,lr_1em04_sched_cosine_img_320_ft_layer3_layer4_fc_loss_focal_cc0803cc90,0.0001,cosine,320,layer3_layer4_fc,focal,resnet18,imagenet,70,31,39,123,23,9,14,41,0.8695652173913043,0.9444444444444444,0.9253086419753088,1.0,0.7857142857142857,0.75,1.0,0.8571428571428571,0.4344442784786224,11,3,0,9,26,20442
2,1,lr_1em04_sched_cosine_img_320_ft_full_loss_weighted_cross_entropy_c4cc1f1985,0.0001,cosine,320,full,weighted_cross_entropy,resnet18,imagenet,69,31,38,121,24,9,15,43,0.9166666666666666,0.9555555555555556,0.9278138528138528,1.0,0.8666666666666667,0.8181818181818182,1.0,0.9,0.084813505411148,13,2,0,9,14,20142
2,2,lr_1em04_sched_cosine_img_320_ft_full_loss_weighted_cross_entropy_c4cc1f1985,0.0001,cosine,320,full,weighted_cross_entropy,resnet18,imagenet,70,30,40,121,23,10,13,43,0.6521739130434783,0.6538461538461539,0.5713677988677989,0.8,0.5384615384615384,0.5714285714285714,0.8,0.6666666666666666,0.2938652634620666,7,6,2,8,2,20242
2,3,lr_1em04_sched_cosine_img_320_ft_full_loss_weighted_cross_entropy_c4cc1f1985,0.0001,cosine,320,full,weighted_cross_entropy,resnet18,imagenet,70,28,42,127,23,12,11,37,0.8260869565217391,0.8257575757575757,0.8560277685277685,0.9166666666666666,0.7272727272727273,0.7857142857142857,0.9166666666666666,0.8461538461538461,0.1617170572280883,8,3,1,11,13,20342
2,4,lr_1em04_sched_cosine_img_320_ft_full_loss_weighted_cross_entropy_c4cc1f1985,0.0001,cosine,320,full,weighted_cross_entropy,resnet18,imagenet,70,31,39,123,23,9,14,41,0.8260869565217391,0.865079365079365,0.8120811287477956,0.7777777777777778,0.8571428571428571,0.7777777777777778,0.7777777777777778,0.7777777777777778,0.6053493022918701,12,2,2,7,14,20442
2,1,lr_1em04_sched_cosine_img_320_ft_full_loss_focal_cae5e53d6e,0.0001,cosine,320,full,focal,resnet18,imagenet,69,31,38,121,24,9,15,43,0.9166666666666666,0.962962962962963,0.9376903960237292,1.0,0.8666666666666667,0.8181818181818182,1.0,0.9,0.2534585893154144,13,2,0,9,5,20142
2,2,lr_1em04_sched_cosine_img_320_ft_full_loss_focal_cae5e53d6e,0.0001,cosine,320,full,focal,resnet18,imagenet,70,30,40,121,23,10,13,43,0.7391304347826086,0.6384615384615384,0.5673809523809523,0.6,0.8461538461538461,0.75,0.6,0.6666666666666666,0.652818500995636,11,2,4,6,2,20242
2,3,lr_1em04_sched_cosine_img_320_ft_full_loss_focal_cae5e53d6e,0.0001,cosine,320,full,focal,resnet18,imagenet,70,28,42,127,23,12,11,37,0.8260869565217391,0.856060606060606,0.9118810386473432,0.6666666666666666,1.0,1.0,0.6666666666666666,0.8,0.6575922966003418,11,0,4,8,8,20342
2,4,lr_1em04_sched_cosine_img_320_ft_full_loss_focal_cae5e53d6e,0.0001,cosine,320,full,focal,resnet18,imagenet,70,31,39,123,23,9,14,41,0.9130434782608696,0.9603174603174602,0.9459876543209876,0.8888888888888888,0.9285714285714286,0.8888888888888888,0.8888888888888888,0.8888888888888888,0.3726625144481659,13,1,1,8,6,20442
2,1,lr_1em04_sched_none_img_224_ft_fc_only_loss_weighted_cross_entropy_471dbeb812,0.0001,none,224,fc_only,weighted_cross_entropy,resnet18,imagenet,69,31,38,121,24,9,15,43,0.5833333333333334,0.4444444444444444,0.3924573855307018,0.4444444444444444,0.6666666666666666,0.4444444444444444,0.4444444444444444,0.4444444444444444,0.6474254727363586,10,5,5,4,1,20142
2,2,lr_1em04_sched_none_img_224_ft_fc_only_loss_weighted_cross_entropy_471dbeb812,0.0001,none,224,fc_only,weighted_cross_entropy,resnet18,imagenet,70,30,40,121,23,10,13,43,0.6956521739130435,0.6,0.5683357870199975,0.4,0.9230769230769232,0.8,0.4,0.5333333333333333,0.2626437544822693,12,1,6,4,9,20242
2,3,lr_1em04_sched_none_img_224_ft_fc_only_loss_weighted_cross_entropy_471dbeb812,0.0001,none,224,fc_only,weighted_cross_entropy,resnet18,imagenet,70,28,42,127,23,12,11,37,0.5652173913043478,0.4393939393939394,0.5123834662879285,0.6666666666666666,0.4545454545454545,0.5714285714285714,0.6666666666666666,0.6153846153846154,0.4683109521865845,5,6,4,8,3,20342
2,4,lr_1em04_sched_none_img_224_ft_fc_only_loss_weighted_cross_entropy_471dbeb812,0.0001,none,224,fc_only,weighted_cross_entropy,resnet18,imagenet,70,31,39,123,23,9,14,41,0.6956521739130435,0.6587301587301587,0.6629938135098095,0.6666666666666666,0.7142857142857143,0.6,0.6666666666666666,0.631578947368421,0.1755668222904205,10,4,3,6,24,20442
2,1,lr_1em04_sched_none_img_224_ft_fc_only_loss_focal_dbe5706b7b,0.0001,none,224,fc_only,focal,resnet18,imagenet,69,31,38,121,24,9,15,43,0.625,0.4592592592592592,0.4021754815233076,0.4444444444444444,0.7333333333333333,0.5,0.4444444444444444,0.4705882352941176,0.7084273099899292,11,4,5,4,1,20142
2,2,lr_1em04_sched_none_img_224_ft_fc_only_loss_focal_dbe5706b7b,0.0001,none,224,fc_only,focal,resnet18,imagenet,70,30,40,121,23,10,13,43,0.6956521739130435,0.6076923076923078,0.6214340776182881,0.4,0.9230769230769232,0.8,0.4,0.5333333333333333,0.4145148992538452,12,1,6,4,9,20242
2,3,lr_1em04_sched_none_img_224_ft_fc_only_loss_focal_dbe5706b7b,0.0001,none,224,fc_only,focal,resnet18,imagenet,70,28,42,127,23,12,11,37,0.5652173913043478,0.4166666666666666,0.5015458833915221,0.9166666666666666,0.1818181818181818,0.55,0.9166666666666666,0.6875,0.2753321528434753,2,9,1,11,3,20342
2,4,lr_1em04_sched_none_img_224_ft_fc_only_loss_focal_dbe5706b7b,0.0001,none,224,fc_only,focal,resnet18,imagenet,70,31,39,123,23,9,14,41,0.7391304347826086,0.5793650793650793,0.5867707990515008,0.4444444444444444,0.9285714285714286,0.8,0.4444444444444444,0.5714285714285714,0.3711860179901123,13,1,5,4,15,20442
2,1,lr_1em04_sched_none_img_224_ft_layer4_fc_loss_weighted_cross_entropy_20e90af686,0.0001,none,224,layer4_fc,weighted_cross_entropy,resnet18,imagenet,69,31,38,121,24,9,15,43,0.875,0.9185185185185186,0.8741943241943242,1.0,0.8,0.75,1.0,0.8571428571428571,0.553613007068634,12,3,0,9,2,20142
2,2,lr_1em04_sched_none_img_224_ft_layer4_fc_loss_weighted_cross_entropy_20e90af686,0.0001,none,224,layer4_fc,weighted_cross_entropy,resnet18,imagenet,70,30,40,121,23,10,13,43,0.782608695652174,0.8384615384615385,0.853069153069153,0.9,0.6923076923076923,0.6923076923076923,0.9,0.782608695652174,0.1938277631998062,9,4,1,9,12,20242
2,3,lr_1em04_sched_none_img_224_ft_layer4_fc_loss_weighted_cross_entropy_20e90af686,0.0001,none,224,layer4_fc,weighted_cross_entropy,resnet18,imagenet,70,28,42,127,23,12,11,37,0.782608695652174,0.8181818181818181,0.8802011444674488,0.5833333333333334,1.0,1.0,0.5833333333333334,0.7368421052631579,0.2714561522006988,11,0,5,7,24,20342
2,4,lr_1em04_sched_none_img_224_ft_layer4_fc_loss_weighted_cross_entropy_20e90af686,0.0001,none,224,layer4_fc,weighted_cross_entropy,resnet18,imagenet,70,31,39,123,23,9,14,41,0.8260869565217391,0.8888888888888888,0.8641414141414143,0.8888888888888888,0.7857142857142857,0.7272727272727273,0.8888888888888888,0.8,0.3734493255615234,11,3,1,8,22,20442
2,1,lr_1em04_sched_none_img_224_ft_layer4_fc_loss_focal_89249d0ccb,0.0001,none,224,layer4_fc,focal,resnet18,imagenet,69,31,38,121,24,9,15,43,0.75,0.837037037037037,0.7830646205646206,0.8888888888888888,0.6666666666666666,0.6153846153846154,0.8888888888888888,0.7272727272727273,0.2475773394107818,10,5,1,8,9,20142
2,2,lr_1em04_sched_none_img_224_ft_layer4_fc_loss_focal_89249d0ccb,0.0001,none,224,layer4_fc,focal,resnet18,imagenet,70,30,40,121,23,10,13,43,0.6521739130434783,0.6153846153846154,0.6083574320416425,0.8,0.5384615384615384,0.5714285714285714,0.8,0.6666666666666666,0.7053841948509216,7,6,2,8,1,20242
2,3,lr_1em04_sched_none_img_224_ft_layer4_fc_loss_focal_89249d0ccb,0.0001,none,224,layer4_fc,focal,resnet18,imagenet,70,28,42,127,23,12,11,37,0.7391304347826086,0.7348484848484848,0.7065479458142502,0.75,0.7272727272727273,0.75,0.75,0.75,0.3434970080852508,8,3,3,9,8,20342
2,4,lr_1em04_sched_none_img_224_ft_layer4_fc_loss_focal_89249d0ccb,0.0001,none,224,layer4_fc,focal,resnet18,imagenet,70,31,39,123,23,9,14,41,0.782608695652174,0.865079365079365,0.8205646205646207,1.0,0.6428571428571429,0.6428571428571429,1.0,0.782608695652174,0.1903252899646759,9,5,0,9,15,20442
2,1,lr_1em04_sched_none_img_224_ft_layer3_layer4_fc_loss_weighted_cross_entropy_024220f936,0.0001,none,224,layer3_layer4_fc,weighted_cross_entropy,resnet18,imagenet,69,31,38,121,24,9,15,43,0.9166666666666666,0.9555555555555556,0.9479717813051148,0.8888888888888888,0.9333333333333332,0.8888888888888888,0.8888888888888888,0.8888888888888888,0.2818503975868225,14,1,1,8,15,20142
2,2,lr_1em04_sched_none_img_224_ft_layer3_layer4_fc_loss_weighted_cross_entropy_024220f936,0.0001,none,224,layer3_layer4_fc,weighted_cross_entropy,resnet18,imagenet,70,30,40,121,23,10,13,43,0.6521739130434783,0.676923076923077,0.6835730446024563,0.8,0.5384615384615384,0.5714285714285714,0.8,0.6666666666666666,0.2361394762992859,7,6,2,8,8,20242
2,3,lr_1em04_sched_none_img_224_ft_layer3_layer4_fc_loss_weighted_cross_entropy_024220f936,0.0001,none,224,layer3_layer4_fc,weighted_cross_entropy,resnet18,imagenet,70,28,42,127,23,12,11,37,0.782608695652174,0.7575757575757575,0.8496824866310161,0.5833333333333334,1.0,1.0,0.5833333333333334,0.7368421052631579,0.8144354820251465,11,0,5,7,14,20342
2,4,lr_1em04_sched_none_img_224_ft_layer3_layer4_fc_loss_weighted_cross_entropy_024220f936,0.0001,none,224,layer3_layer4_fc,weighted_cross_entropy,resnet18,imagenet,70,31,39,123,23,9,14,41,0.9130434782608696,0.9365079365079364,0.928774928774929,0.7777777777777778,1.0,1.0,0.7777777777777778,0.875,0.1505678743124008,14,0,2,7,16,20442
2,1,lr_1em04_sched_none_img_224_ft_layer3_layer4_fc_loss_focal_7009f53a4e,0.0001,none,224,layer3_layer4_fc,focal,resnet18,imagenet,69,31,38,121,24,9,15,43,0.8333333333333334,0.8814814814814815,0.8278759820426487,0.8888888888888888,0.8,0.7272727272727273,0.8888888888888888,0.8,0.3970391154289245,12,3,1,8,17,20142
2,2,lr_1em04_sched_none_img_224_ft_layer3_layer4_fc_loss_focal_7009f53a4e,0.0001,none,224,layer3_layer4_fc,focal,resnet18,imagenet,70,30,40,121,23,10,13,43,0.6956521739130435,0.6076923076923076,0.6182414369256474,0.5,0.8461538461538461,0.7142857142857143,0.5,0.5882352941176471,0.1981924325227737,11,2,5,5,10,20242
2,3,lr_1em04_sched_none_img_224_ft_layer3_layer4_fc_loss_focal_7009f53a4e,0.0001,none,224,layer3_layer4_fc,focal,resnet18,imagenet,70,28,42,127,23,12,11,37,0.8260869565217391,0.8181818181818181,0.8059526122026123,0.75,0.9090909090909092,0.9,0.75,0.8181818181818182,0.516703188419342,10,1,3,9,25,20342
2,4,lr_1em04_sched_none_img_224_ft_layer3_layer4_fc_loss_focal_7009f53a4e,0.0001,none,224,layer3_layer4_fc,focal,resnet18,imagenet,70,31,39,123,23,9,14,41,0.8695652173913043,0.9126984126984128,0.8657848324514992,1.0,0.7857142857142857,0.75,1.0,0.8571428571428571,0.1542553752660751,11,3,0,9,9,20442
2,1,lr_1em04_sched_none_img_224_ft_full_loss_weighted_cross_entropy_1a9f8948b1,0.0001,none,224,full,weighted_cross_entropy,resnet18,imagenet,69,31,38,121,24,9,15,43,0.875,0.874074074074074,0.8603054353054354,0.7777777777777778,0.9333333333333332,0.875,0.7777777777777778,0.8235294117647058,0.0751176103949546,14,1,2,7,7,20142
2,2,lr_1em04_sched_none_img_224_ft_full_loss_weighted_cross_entropy_1a9f8948b1,0.0001,none,224,full,weighted_cross_entropy,resnet18,imagenet,70,30,40,121,23,10,13,43,0.6521739130434783,0.5769230769230769,0.468677107206519,1.0,0.3846153846153846,0.5555555555555556,1.0,0.7142857142857143,0.1173136979341507,5,8,0,10,8,20242
2,3,lr_1em04_sched_none_img_224_ft_full_loss_weighted_cross_entropy_1a9f8948b1,0.0001,none,224,full,weighted_cross_entropy,resnet18,imagenet,70,28,42,127,23,12,11,37,0.782608695652174,0.7651515151515151,0.8439197648756472,0.5833333333333334,1.0,1.0,0.5833333333333334,0.7368421052631579,0.2956489622592926,11,0,5,7,7,20342
2,4,lr_1em04_sched_none_img_224_ft_full_loss_weighted_cross_entropy_1a9f8948b1,0.0001,none,224,full,weighted_cross_entropy,resnet18,imagenet,70,31,39,123,23,9,14,41,0.8695652173913043,0.8968253968253969,0.8371523538190206,0.8888888888888888,0.8571428571428571,0.8,0.8888888888888888,0.8421052631578947,0.233113095164299,12,2,1,8,4,20442
2,1,lr_1em04_sched_none_img_224_ft_full_loss_focal_9957d5753e,0.0001,none,224,full,focal,resnet18,imagenet,69,31,38,121,24,9,15,43,0.75,0.8518518518518519,0.8070004070004071,1.0,0.6,0.6,1.0,0.75,0.2258736789226532,9,6,0,9,6,20142
2,2,lr_1em04_sched_none_img_224_ft_full_loss_focal_9957d5753e,0.0001,none,224,full,focal,resnet18,imagenet,70,30,40,121,23,10,13,43,0.8260869565217391,0.7384615384615385,0.7999999999999999,0.6,1.0,1.0,0.6,0.75,0.5223082304000854,13,0,4,6,9,20242
2,3,lr_1em04_sched_none_img_224_ft_full_loss_focal_9957d5753e,0.0001,none,224,full,focal,resnet18,imagenet,70,28,42,127,23,12,11,37,0.782608695652174,0.7424242424242424,0.7885572559485604,0.8333333333333334,0.7272727272727273,0.7692307692307693,0.8333333333333334,0.8,0.2605781257152557,8,3,2,10,7,20342
2,4,lr_1em04_sched_none_img_224_ft_full_loss_focal_9957d5753e,0.0001,none,224,full,focal,resnet18,imagenet,70,31,39,123,23,9,14,41,0.9130434782608696,0.9126984126984128,0.7667027417027418,1.0,0.8571428571428571,0.8181818181818182,1.0,0.9,0.2776966094970703,12,2,0,9,11,20442
2,1,lr_1em04_sched_none_img_320_ft_fc_only_loss_weighted_cross_entropy_120ca1f841,0.0001,none,320,fc_only,weighted_cross_entropy,resnet18,imagenet,69,31,38,121,24,9,15,43,0.6666666666666666,0.3111111111111111,0.4035944237698623,0.1111111111111111,1.0,1.0,0.1111111111111111,0.2,0.7741080522537231,15,0,8,1,1,20142
2,2,lr_1em04_sched_none_img_320_ft_fc_only_loss_weighted_cross_entropy_120ca1f841,0.0001,none,320,fc_only,weighted_cross_entropy,resnet18,imagenet,70,30,40,121,23,10,13,43,0.6956521739130435,0.7,0.6213316574729618,0.8,0.6153846153846154,0.6153846153846154,0.8,0.6956521739130435,0.2556709945201874,8,5,2,8,10,20242
2,3,lr_1em04_sched_none_img_320_ft_fc_only_loss_weighted_cross_entropy_120ca1f841,0.0001,none,320,fc_only,weighted_cross_entropy,resnet18,imagenet,70,28,42,127,23,12,11,37,0.6086956521739131,0.5454545454545454,0.68495695761142,0.25,1.0,1.0,0.25,0.4,0.3670676648616791,11,0,9,3,8,20342
2,4,lr_1em04_sched_none_img_320_ft_fc_only_loss_weighted_cross_entropy_120ca1f841,0.0001,none,320,fc_only,weighted_cross_entropy,resnet18,imagenet,70,31,39,123,23,9,14,41,0.7391304347826086,0.6031746031746033,0.6429457978477586,0.3333333333333333,1.0,1.0,0.3333333333333333,0.5,0.2741951048374176,14,0,6,3,19,20442
2,1,lr_1em04_sched_none_img_320_ft_fc_only_loss_focal_2cd089706b,0.0001,none,320,fc_only,focal,resnet18,imagenet,69,31,38,121,24,9,15,43,0.6666666666666666,0.3111111111111111,0.4035944237698623,0.1111111111111111,1.0,1.0,0.1111111111111111,0.2,0.7587148547172546,15,0,8,1,1,20142
2,2,lr_1em04_sched_none_img_320_ft_fc_only_loss_focal_2cd089706b,0.0001,none,320,fc_only,focal,resnet18,imagenet,70,30,40,121,23,10,13,43,0.7391304347826086,0.7307692307692308,0.6600312911725955,0.8,0.6923076923076923,0.6666666666666666,0.8,0.7272727272727273,0.341437429189682,9,4,2,8,10,20242
2,3,lr_1em04_sched_none_img_320_ft_fc_only_loss_focal_2cd089706b,0.0001,none,320,fc_only,focal,resnet18,imagenet,70,28,42,127,23,12,11,37,0.6521739130434783,0.5227272727272727,0.6224569576114198,0.5,0.8181818181818182,0.75,0.5,0.6,0.419899970293045,9,2,6,6,7,20342
2,4,lr_1em04_sched_none_img_320_ft_fc_only_loss_focal_2cd089706b,0.0001,none,320,fc_only,focal,resnet18,imagenet,70,31,39,123,23,9,14,41,0.7391304347826086,0.5793650793650793,0.6272229395036413,0.3333333333333333,1.0,1.0,0.3333333333333333,0.5,0.4837774932384491,14,0,6,3,19,20442
2,1,lr_1em04_sched_none_img_320_ft_layer4_fc_loss_weighted_cross_entropy_846efdc675,0.0001,none,320,layer4_fc,weighted_cross_entropy,resnet18,imagenet,69,31,38,121,24,9,15,43,0.875,0.9407407407407408,0.9188983855650524,0.8888888888888888,0.8666666666666667,0.8,0.8888888888888888,0.8421052631578947,0.2137528955936432,13,2,1,8,8,20142
2,2,lr_1em04_sched_none_img_320_ft_layer4_fc_loss_weighted_cross_entropy_846efdc675,0.0001,none,320,layer4_fc,weighted_cross_entropy,resnet18,imagenet,70,30,40,121,23,10,13,43,0.8260869565217391,0.8846153846153846,0.8638736263736263,1.0,0.6923076923076923,0.7142857142857143,1.0,0.8333333333333334,0.4049146771430969,9,4,0,10,8,20242
2,3,lr_1em04_sched_none_img_320_ft_layer4_fc_loss_weighted_cross_entropy_846efdc675,0.0001,none,320,layer4_fc,weighted_cross_entropy,resnet18,imagenet,70,28,42,127,23,12,11,37,0.8260869565217391,0.8257575757575757,0.8630458661708663,0.75,0.9090909090909092,0.9,0.75,0.8181818181818182,0.1796777844429016,10,1,3,9,11,20342
2,4,lr_1em04_sched_none_img_320_ft_layer4_fc_loss_weighted_cross_entropy_846efdc675,0.0001,none,320,layer4_fc,weighted_cross_entropy,resnet18,imagenet,70,31,39,123,23,9,14,41,0.8695652173913043,0.9285714285714286,0.9030253696920364,0.8888888888888888,0.8571428571428571,0.8,0.8888888888888888,0.8421052631578947,0.7106416821479797,12,2,1,8,8,20442
2,1,lr_1em04_sched_none_img_320_ft_layer4_fc_loss_focal_12752ae693,0.0001,none,320,layer4_fc,focal,resnet18,imagenet,69,31,38,121,24,9,15,43,0.9583333333333334,0.9555555555555556,0.9555555555555556,0.8888888888888888,1.0,1.0,0.8888888888888888,0.9411764705882352,0.6016374230384827,15,0,1,8,8,20142
2,2,lr_1em04_sched_none_img_320_ft_layer4_fc_loss_focal_12752ae693,0.0001,none,320,layer4_fc,focal,resnet18,imagenet,70,30,40,121,23,10,13,43,0.6086956521739131,0.6153846153846154,0.5681660444818339,1.0,0.3076923076923077,0.5263157894736842,1.0,0.6896551724137931,0.4025545418262481,4,9,0,10,1,20242
2,3,lr_1em04_sched_none_img_320_ft_layer4_fc_loss_focal_12752ae693,0.0001,none,320,layer4_fc,focal,resnet18,imagenet,70,28,42,127,23,12,11,37,0.6956521739130435,0.6893939393939394,0.6618818194476089,0.6666666666666666,0.7272727272727273,0.7272727272727273,0.6666666666666666,0.6956521739130435,0.2644252777099609,8,3,4,8,4,20342
2,4,lr_1em04_sched_none_img_320_ft_layer4_fc_loss_focal_12752ae693,0.0001,none,320,layer4_fc,focal,resnet18,imagenet,70,31,39,123,23,9,14,41,0.9130434782608696,0.9682539682539684,0.9575757575757576,1.0,0.8571428571428571,0.8181818181818182,1.0,0.9,0.2066111266613006,12,2,0,9,6,20442
2,1,lr_1em04_sched_none_img_320_ft_layer3_layer4_fc_loss_weighted_cross_entropy_84e3553d1d,0.0001,none,320,layer3_layer4_fc,weighted_cross_entropy,resnet18,imagenet,69,31,38,121,24,9,15,43,0.9166666666666666,0.962962962962963,0.9459876543209876,0.8888888888888888,0.9333333333333332,0.8888888888888888,0.8888888888888888,0.8888888888888888,0.3446725010871887,14,1,1,8,10,20142
2,2,lr_1em04_sched_none_img_320_ft_layer3_layer4_fc_loss_weighted_cross_entropy_84e3553d1d,0.0001,none,320,layer3_layer4_fc,weighted_cross_entropy,resnet18,imagenet,70,30,40,121,23,10,13,43,0.6956521739130435,0.6923076923076923,0.657358469703671,0.6,0.7692307692307693,0.6666666666666666,0.6,0.631578947368421,0.8553967475891113,10,3,4,6,6,20242
2,3,lr_1em04_sched_none_img_320_ft_layer3_layer4_fc_loss_weighted_cross_entropy_84e3553d1d,0.0001,none,320,layer3_layer4_fc,weighted_cross_entropy,resnet18,imagenet,70,28,42,127,23,12,11,37,0.8260869565217391,0.8181818181818181,0.8703797158960204,0.75,0.9090909090909092,0.9,0.75,0.8181818181818182,0.5189952254295349,10,1,3,9,23,20342
2,4,lr_1em04_sched_none_img_320_ft_layer3_layer4_fc_loss_weighted_cross_entropy_84e3553d1d,0.0001,none,320,layer3_layer4_fc,weighted_cross_entropy,resnet18,imagenet,70,31,39,123,23,9,14,41,0.9565217391304348,0.9682539682539684,0.9467813051146384,1.0,0.9285714285714286,0.9,1.0,0.9473684210526316,0.4515994787216186,13,1,0,9,16,20442
2,1,lr_1em04_sched_none_img_320_ft_layer3_layer4_fc_loss_focal_789636f16b,0.0001,none,320,layer3_layer4_fc,focal,resnet18,imagenet,69,31,38,121,24,9,15,43,0.875,0.9407407407407408,0.9017195767195768,1.0,0.8,0.75,1.0,0.8571428571428571,0.3898849487304687,12,3,0,9,9,20142
2,2,lr_1em04_sched_none_img_320_ft_layer3_layer4_fc_loss_focal_789636f16b,0.0001,none,320,layer3_layer4_fc,focal,resnet18,imagenet,70,30,40,121,23,10,13,43,0.8260869565217391,0.8,0.7808513708513708,0.8,0.8461538461538461,0.8,0.8,0.8,0.4957879185676574,11,2,2,8,14,20242
2,3,lr_1em04_sched_none_img_320_ft_layer3_layer4_fc_loss_focal_789636f16b,0.0001,none,320,layer3_layer4_fc,focal,resnet18,imagenet,70,28,42,127,23,12,11,37,0.782608695652174,0.8181818181818181,0.7509624090506443,0.75,0.8181818181818182,0.8181818181818182,0.75,0.782608695652174,0.1895520389080047,9,2,3,9,4,20342
2,4,lr_1em04_sched_none_img_320_ft_layer3_layer4_fc_loss_focal_789636f16b,0.0001,none,320,layer3_layer4_fc,focal,resnet18,imagenet,70,31,39,123,23,9,14,41,0.9565217391304348,0.9603174603174602,0.9603174603174603,0.8888888888888888,1.0,1.0,0.8888888888888888,0.9411764705882352,0.4310000240802765,14,0,1,8,5,20442
2,1,lr_1em04_sched_none_img_320_ft_full_loss_weighted_cross_entropy_931a87fcf8,0.0001,none,320,full,weighted_cross_entropy,resnet18,imagenet,69,31,38,121,24,9,15,43,0.9166666666666666,0.9555555555555556,0.9435897435897436,0.7777777777777778,1.0,1.0,0.7777777777777778,0.875,0.749103307723999,15,0,2,7,8,20142
2,2,lr_1em04_sched_none_img_320_ft_full_loss_weighted_cross_entropy_931a87fcf8,0.0001,none,320,full,weighted_cross_entropy,resnet18,imagenet,70,30,40,121,23,10,13,43,0.8260869565217391,0.8769230769230769,0.8448656898656898,1.0,0.6923076923076923,0.7142857142857143,1.0,0.8333333333333334,0.4624833762645721,9,4,0,10,12,20242
2,3,lr_1em04_sched_none_img_320_ft_full_loss_weighted_cross_entropy_931a87fcf8,0.0001,none,320,full,weighted_cross_entropy,resnet18,imagenet,70,28,42,127,23,12,11,37,0.8260869565217391,0.7954545454545454,0.8663149350649352,0.8333333333333334,0.8181818181818182,0.8333333333333334,0.8333333333333334,0.8333333333333334,0.3373458981513977,9,2,2,10,13,20342
2,4,lr_1em04_sched_none_img_320_ft_full_loss_weighted_cross_entropy_931a87fcf8,0.0001,none,320,full,weighted_cross_entropy,resnet18,imagenet,70,31,39,123,23,9,14,41,0.8695652173913043,0.9206349206349206,0.8898148148148151,0.8888888888888888,0.8571428571428571,0.8,0.8888888888888888,0.8421052631578947,0.1993097960948944,12,2,1,8,6,20442
2,1,lr_1em04_sched_none_img_320_ft_full_loss_focal_4f30fb3b6b,0.0001,none,320,full,focal,resnet18,imagenet,69,31,38,121,24,9,15,43,0.9166666666666666,0.9481481481481482,0.9092953342953344,1.0,0.8666666666666667,0.8181818181818182,1.0,0.9,0.1657019108533859,13,2,0,9,6,20142
2,2,lr_1em04_sched_none_img_320_ft_full_loss_focal_4f30fb3b6b,0.0001,none,320,full,focal,resnet18,imagenet,70,30,40,121,23,10,13,43,0.7391304347826086,0.7153846153846154,0.7485588972431076,0.4,1.0,1.0,0.4,0.5714285714285714,0.6689956188201904,13,0,6,4,12,20242
2,3,lr_1em04_sched_none_img_320_ft_full_loss_focal_4f30fb3b6b,0.0001,none,320,full,focal,resnet18,imagenet,70,28,42,127,23,12,11,37,0.782608695652174,0.7878787878787878,0.8040661884411885,0.8333333333333334,0.7272727272727273,0.7692307692307693,0.8333333333333334,0.8,0.2749093472957611,8,3,2,10,7,20342
2,4,lr_1em04_sched_none_img_320_ft_full_loss_focal_4f30fb3b6b,0.0001,none,320,full,focal,resnet18,imagenet,70,31,39,123,23,9,14,41,0.9565217391304348,0.9444444444444444,0.9513888888888892,0.8888888888888888,1.0,1.0,0.8888888888888888,0.9411764705882352,0.3314025700092315,14,0,1,8,5,20442
2,1,lr_1em03_sched_step_img_224_ft_fc_only_loss_weighted_cross_entropy_0b40563ccb,0.001,step,224,fc_only,weighted_cross_entropy,resnet18,imagenet,69,31,38,121,24,9,15,43,0.75,0.6518518518518519,0.6406593578420203,0.4444444444444444,0.9333333333333332,0.8,0.4444444444444444,0.5714285714285714,0.0685194209218025,14,1,5,4,7,20142
2,2,lr_1em03_sched_step_img_224_ft_fc_only_loss_weighted_cross_entropy_0b40563ccb,0.001,step,224,fc_only,weighted_cross_entropy,resnet18,imagenet,70,30,40,121,23,10,13,43,0.6521739130434783,0.6076923076923076,0.6389714278333203,0.4,0.8461538461538461,0.6666666666666666,0.4,0.5,0.7244653701782227,11,2,6,4,9,20242
2,3,lr_1em03_sched_step_img_224_ft_fc_only_loss_weighted_cross_entropy_0b40563ccb,0.001,step,224,fc_only,weighted_cross_entropy,resnet18,imagenet,70,28,42,127,23,12,11,37,0.6086956521739131,0.553030303030303,0.6033022898154478,0.5,0.7272727272727273,0.6666666666666666,0.5,0.5714285714285714,0.0433086827397346,8,3,6,6,8,20342
2,4,lr_1em03_sched_step_img_224_ft_fc_only_loss_weighted_cross_entropy_0b40563ccb,0.001,step,224,fc_only,weighted_cross_entropy,resnet18,imagenet,70,31,39,123,23,9,14,41,0.782608695652174,0.8174603174603174,0.7857142857142858,0.7777777777777778,0.7857142857142857,0.7,0.7777777777777778,0.7368421052631579,0.2277452498674392,11,3,2,7,20,20442
2,1,lr_1em03_sched_step_img_224_ft_fc_only_loss_focal_e3cf0822c5,0.001,step,224,fc_only,focal,resnet18,imagenet,69,31,38,121,24,9,15,43,0.8333333333333334,0.7851851851851852,0.802913886971858,0.6666666666666666,0.9333333333333332,0.8571428571428571,0.6666666666666666,0.75,0.2366497069597244,14,1,3,6,23,20142
2,2,lr_1em03_sched_step_img_224_ft_fc_only_loss_focal_e3cf0822c5,0.001,step,224,fc_only,focal,resnet18,imagenet,70,30,40,121,23,10,13,43,0.7391304347826086,0.676923076923077,0.716434077618288,0.7,0.7692307692307693,0.7,0.7,0.7,0.3984896838665008,10,3,3,7,9,20242
2,3,lr_1em03_sched_step_img_224_ft_fc_only_loss_focal_e3cf0822c5,0.001,step,224,fc_only,focal,resnet18,imagenet,70,28,42,127,23,12,11,37,0.6086956521739131,0.4848484848484848,0.5693843193843194,0.5833333333333334,0.6363636363636364,0.6363636363636364,0.5833333333333334,0.6086956521739131,0.1707617193460464,7,4,5,7,10,20342
2,4,lr_1em03_sched_step_img_224_ft_fc_only_loss_focal_e3cf0822c5,0.001,step,224,fc_only,focal,resnet18,imagenet,70,31,39,123,23,9,14,41,0.7391304347826086,0.7936507936507937,0.7670033670033671,0.7777777777777778,0.7142857142857143,0.6363636363636364,0.7777777777777778,0.7,0.3533445000648498,10,4,2,7,30,20442
2,1,lr_1em03_sched_step_img_224_ft_layer4_fc_loss_weighted_cross_entropy_cb2ba33d1b,0.001,step,224,layer4_fc,weighted_cross_entropy,resnet18,imagenet,69,31,38,121,24,9,15,43,0.7916666666666666,0.9037037037037038,0.8770180436847104,1.0,0.6666666666666666,0.6428571428571429,1.0,0.782608695652174,0.0874563157558441,10,5,0,9,11,20142
2,2,lr_1em03_sched_step_img_224_ft_layer4_fc_loss_weighted_cross_entropy_cb2ba33d1b,0.001,step,224,layer4_fc,weighted_cross_entropy,resnet18,imagenet,70,30,40,121,23,10,13,43,0.6521739130434783,0.6230769230769231,0.513187134502924,0.7,0.6153846153846154,0.5833333333333334,0.7,0.6363636363636364,0.4760164022445678,8,5,3,7,6,20242
2,3,lr_1em03_sched_step_img_224_ft_layer4_fc_loss_weighted_cross_entropy_cb2ba33d1b,0.001,step,224,layer4_fc,weighted_cross_entropy,resnet18,imagenet,70,28,42,127,23,12,11,37,0.8695652173913043,0.8484848484848485,0.9083017676767678,0.75,1.0,1.0,0.75,0.8571428571428571,0.3786027431488037,11,0,3,9,12,20342
2,4,lr_1em03_sched_step_img_224_ft_layer4_fc_loss_weighted_cross_entropy_cb2ba33d1b,0.001,step,224,layer4_fc,weighted_cross_entropy,resnet18,imagenet,70,31,39,123,23,9,14,41,0.8260869565217391,0.8809523809523809,0.8353054353054354,0.8888888888888888,0.7857142857142857,0.7272727272727273,0.8888888888888888,0.8,0.282086968421936,11,3,1,8,20,20442
2,1,lr_1em03_sched_step_img_224_ft_layer4_fc_loss_focal_59cd78cb54,0.001,step,224,layer4_fc,focal,resnet18,imagenet,69,31,38,121,24,9,15,43,0.9166666666666666,0.9111111111111112,0.8126543209876543,0.8888888888888888,0.9333333333333332,0.8888888888888888,0.8888888888888888,0.8888888888888888,0.7635757327079773,14,1,1,8,1,20142
2,2,lr_1em03_sched_step_img_224_ft_layer4_fc_loss_focal_59cd78cb54,0.001,step,224,layer4_fc,focal,resnet18,imagenet,70,30,40,121,23,10,13,43,0.8260869565217391,0.8076923076923077,0.8199801587301587,0.8,0.8461538461538461,0.8,0.8,0.8,0.5555639863014221,11,2,2,8,10,20242
2,3,lr_1em03_sched_step_img_224_ft_layer4_fc_loss_focal_59cd78cb54,0.001,step,224,layer4_fc,focal,resnet18,imagenet,70,28,42,127,23,12,11,37,0.8695652173913043,0.8409090909090908,0.8951481459953329,0.8333333333333334,0.9090909090909092,0.9090909090909092,0.8333333333333334,0.8695652173913043,0.5789239406585693,10,1,2,10,5,20342
2,4,lr_1em03_sched_step_img_224_ft_layer4_fc_loss_focal_59cd78cb54,0.001,step,224,layer4_fc,focal,resnet18,imagenet,70,31,39,123,23,9,14,41,0.8260869565217391,0.8809523809523809,0.8673721340388008,0.7777777777777778,0.8571428571428571,0.7777777777777778,0.7777777777777778,0.7777777777777778,0.5545499324798584,12,2,2,7,5,20442
2,1,lr_1em03_sched_step_img_224_ft_layer3_layer4_fc_loss_weighted_cross_entropy_219ed9e3e6,0.001,step,224,layer3_layer4_fc,weighted_cross_entropy,resnet18,imagenet,69,31,38,121,24,9,15,43,0.9583333333333334,0.9925925925925926,0.9888888888888888,1.0,0.9333333333333332,0.9,1.0,0.9473684210526316,0.1959104984998703,14,1,0,9,4,20142
2,2,lr_1em03_sched_step_img_224_ft_layer3_layer4_fc_loss_weighted_cross_entropy_219ed9e3e6,0.001,step,224,layer3_layer4_fc,weighted_cross_entropy,resnet18,imagenet,70,30,40,121,23,10,13,43,0.6086956521739131,0.5846153846153845,0.503536556322934,1.0,0.3076923076923077,0.5263157894736842,1.0,0.6896551724137931,5.127071744936984e-07,4,9,0,10,3,20242
2,3,lr_1em03_sched_step_img_224_ft_layer3_layer4_fc_loss_weighted_cross_entropy_219ed9e3e6,0.001,step,224,layer3_layer4_fc,weighted_cross_entropy,resnet18,imagenet,70,28,42,127,23,12,11,37,0.782608695652174,0.7878787878787878,0.7804270960520961,0.6666666666666666,0.9090909090909092,0.8888888888888888,0.6666666666666666,0.7619047619047619,0.6082426309585571,10,1,4,8,7,20342
2,4,lr_1em03_sched_step_img_224_ft_layer3_layer4_fc_loss_weighted_cross_entropy_219ed9e3e6,0.001,step,224,layer3_layer4_fc,weighted_cross_entropy,resnet18,imagenet,70,31,39,123,23,9,14,41,0.8695652173913043,0.873015873015873,0.8697751322751324,0.7777777777777778,0.9285714285714286,0.875,0.7777777777777778,0.8235294117647058,0.0532162226736545,13,1,2,7,3,20442
2,1,lr_1em03_sched_step_img_224_ft_layer3_layer4_fc_loss_focal_a50d7f940a,0.001,step,224,layer3_layer4_fc,focal,resnet18,imagenet,69,31,38,121,24,9,15,43,0.875,0.8888888888888888,0.8545025417574438,0.8888888888888888,0.8666666666666667,0.8,0.8888888888888888,0.8421052631578947,0.3620698750019073,13,2,1,8,4,20142
2,2,lr_1em03_sched_step_img_224_ft_layer3_layer4_fc_loss_focal_a50d7f940a,0.001,step,224,layer3_layer4_fc,focal,resnet18,imagenet,70,30,40,121,23,10,13,43,0.6956521739130435,0.7153846153846154,0.700595238095238,0.9,0.5384615384615384,0.6,0.9,0.72,0.3011784255504608,7,6,1,9,28,20242
2,3,lr_1em03_sched_step_img_224_ft_layer3_layer4_fc_loss_focal_a50d7f940a,0.001,step,224,layer3_layer4_fc,focal,resnet18,imagenet,70,28,42,127,23,12,11,37,0.8695652173913043,0.8712121212121212,0.911001036001036,0.9166666666666666,0.8181818181818182,0.8461538461538461,0.9166666666666666,0.88,0.2779311835765838,9,2,1,11,7,20342
2,4,lr_1em03_sched_step_img_224_ft_layer3_layer4_fc_loss_focal_a50d7f940a,0.001,step,224,layer3_layer4_fc,focal,resnet18,imagenet,70,31,39,123,23,9,14,41,0.8260869565217391,0.9206349206349208,0.8990130240130241,1.0,0.7142857142857143,0.6923076923076923,1.0,0.8181818181818182,4.1925108007490053e-07,10,4,0,9,4,20442
2,1,lr_1em03_sched_step_img_224_ft_full_loss_weighted_cross_entropy_ecea878002,0.001,step,224,full,weighted_cross_entropy,resnet18,imagenet,69,31,38,121,24,9,15,43,0.7916666666666666,0.8222222222222222,0.7116013071895424,0.8888888888888888,0.7333333333333333,0.6666666666666666,0.8888888888888888,0.7619047619047619,2.6144669762473427e-10,11,4,1,8,1,20142
2,2,lr_1em03_sched_step_img_224_ft_full_loss_weighted_cross_entropy_ecea878002,0.001,step,224,full,weighted_cross_entropy,resnet18,imagenet,70,30,40,121,23,10,13,43,0.8695652173913043,0.8769230769230769,0.8895959595959596,0.9,0.8461538461538461,0.8181818181818182,0.9,0.8571428571428571,0.4225645065307617,11,2,1,9,5,20242
2,3,lr_1em03_sched_step_img_224_ft_full_loss_weighted_cross_entropy_ecea878002,0.001,step,224,full,weighted_cross_entropy,resnet18,imagenet,70,28,42,127,23,12,11,37,0.7391304347826086,0.7803030303030303,0.827122828438618,0.5833333333333334,0.9090909090909092,0.875,0.5833333333333334,0.7,2.3864480169777383e-08,10,1,5,7,6,20342
2,4,lr_1em03_sched_step_img_224_ft_full_loss_weighted_cross_entropy_ecea878002,0.001,step,224,full,weighted_cross_entropy,resnet18,imagenet,70,31,39,123,23,9,14,41,0.8260869565217391,0.8095238095238094,0.6406016278565299,0.8888888888888888,0.7857142857142857,0.7272727272727273,0.8888888888888888,0.8,0.3840120732784271,11,3,1,8,8,20442
2,1,lr_1em03_sched_step_img_224_ft_full_loss_focal_846bacb5ff,0.001,step,224,full,focal,resnet18,imagenet,69,31,38,121,24,9,15,43,0.7916666666666666,0.9111111111111112,0.8928910595577262,1.0,0.6666666666666666,0.6428571428571429,1.0,0.782608695652174,0.0253345854580402,10,5,0,9,7,20142
2,2,lr_1em03_sched_step_img_224_ft_full_loss_focal_846bacb5ff,0.001,step,224,full,focal,resnet18,imagenet,70,30,40,121,23,10,13,43,0.7391304347826086,0.7307692307692307,0.7063394448688565,0.8,0.6923076923076923,0.6666666666666666,0.8,0.7272727272727273,0.4811374545097351,9,4,2,8,8,20242
2,3,lr_1em03_sched_step_img_224_ft_full_loss_focal_846bacb5ff,0.001,step,224,full,focal,resnet18,imagenet,70,28,42,127,23,12,11,37,0.8695652173913043,0.8712121212121211,0.7943465711848064,0.8333333333333334,0.9090909090909092,0.9090909090909092,0.8333333333333334,0.8695652173913043,0.1558407098054886,10,1,2,10,1,20342
2,4,lr_1em03_sched_step_img_224_ft_full_loss_focal_846bacb5ff,0.001,step,224,full,focal,resnet18,imagenet,70,31,39,123,23,9,14,41,0.782608695652174,0.8253968253968254,0.8125272331154685,0.7777777777777778,0.7857142857142857,0.7,0.7777777777777778,0.7368421052631579,0.4051477313041687,11,3,2,7,22,20442
2,1,lr_1em03_sched_step_img_320_ft_fc_only_loss_weighted_cross_entropy_02c83b04b9,0.001,step,320,fc_only,weighted_cross_entropy,resnet18,imagenet,69,31,38,121,24,9,15,43,0.4583333333333333,0.4296296296296296,0.4313637629427103,1.0,0.1333333333333333,0.4090909090909091,1.0,0.5806451612903226,0.1079524233937263,2,13,0,9,7,20142
2,2,lr_1em03_sched_step_img_320_ft_fc_only_loss_weighted_cross_entropy_02c83b04b9,0.001,step,320,fc_only,weighted_cross_entropy,resnet18,imagenet,70,30,40,121,23,10,13,43,0.6956521739130435,0.6692307692307693,0.6943697478991595,0.5,0.8461538461538461,0.7142857142857143,0.5,0.5882352941176471,0.4964600503444671,11,2,5,5,9,20242
2,3,lr_1em03_sched_step_img_320_ft_fc_only_loss_weighted_cross_entropy_02c83b04b9,0.001,step,320,fc_only,weighted_cross_entropy,resnet18,imagenet,70,28,42,127,23,12,11,37,0.6956521739130435,0.6287878787878788,0.6378901191401191,0.75,0.6363636363636364,0.6923076923076923,0.75,0.72,0.3382632732391357,7,4,3,9,8,20342
2,4,lr_1em03_sched_step_img_320_ft_fc_only_loss_weighted_cross_entropy_02c83b04b9,0.001,step,320,fc_only,weighted_cross_entropy,resnet18,imagenet,70,31,39,123,23,9,14,41,0.7391304347826086,0.7460317460317459,0.7543378462496111,0.6666666666666666,0.7857142857142857,0.6666666666666666,0.6666666666666666,0.6666666666666666,0.2818392813205719,11,3,3,6,26,20442
2,1,lr_1em03_sched_step_img_320_ft_fc_only_loss_focal_cf6332eec5,0.001,step,320,fc_only,focal,resnet18,imagenet,69,31,38,121,24,9,15,43,0.6666666666666666,0.6888888888888889,0.6282782576900223,0.7777777777777778,0.6,0.5384615384615384,0.7777777777777778,0.6363636363636364,0.0704115703701973,9,6,2,7,8,20142
2,2,lr_1em03_sched_step_img_320_ft_fc_only_loss_focal_cf6332eec5,0.001,step,320,fc_only,focal,resnet18,imagenet,70,30,40,121,23,10,13,43,0.6956521739130435,0.7,0.6784149908062951,0.8,0.6153846153846154,0.6153846153846154,0.8,0.6956521739130435,0.4062027931213379,8,5,2,8,10,20242
2,3,lr_1em03_sched_step_img_320_ft_fc_only_loss_focal_cf6332eec5,0.001,step,320,fc_only,focal,resnet18,imagenet,70,28,42,127,23,12,11,37,0.6521739130434783,0.5757575757575758,0.5861911035824079,0.8333333333333334,0.4545454545454545,0.625,0.8333333333333334,0.7142857142857143,0.3566166460514068,5,6,2,10,10,20342
2,4,lr_1em03_sched_step_img_320_ft_fc_only_loss_focal_cf6332eec5,0.001,step,320,fc_only,focal,resnet18,imagenet,70,31,39,123,23,9,14,41,0.782608695652174,0.6984126984126984,0.7165732959850608,0.5555555555555556,0.9285714285714286,0.8333333333333334,0.5555555555555556,0.6666666666666666,0.5342426896095276,13,1,4,5,29,20442
2,1,lr_1em03_sched_step_img_320_ft_layer4_fc_loss_weighted_cross_entropy_cd97784069,0.001,step,320,layer4_fc,weighted_cross_entropy,resnet18,imagenet,69,31,38,121,24,9,15,43,0.875,0.962962962962963,0.95,1.0,0.8,0.75,1.0,0.8571428571428571,0.4554338753223419,12,3,0,9,7,20142
2,2,lr_1em03_sched_step_img_320_ft_layer4_fc_loss_weighted_cross_entropy_cd97784069,0.001,step,320,layer4_fc,weighted_cross_entropy,resnet18,imagenet,70,30,40,121,23,10,13,43,0.7391304347826086,0.7615384615384615,0.71510989010989,0.9,0.6153846153846154,0.6428571428571429,0.9,0.75,0.2467752248048782,8,5,1,9,25,20242
2,3,lr_1em03_sched_step_img_320_ft_layer4_fc_loss_weighted_cross_entropy_cd97784069,0.001,step,320,layer4_fc,weighted_cross_entropy,resnet18,imagenet,70,28,42,127,23,12,11,37,0.7391304347826086,0.7727272727272727,0.7855864315423138,0.5833333333333334,0.9090909090909092,0.875,0.5833333333333334,0.7,0.9999991655349731,10,1,5,7,2,20342
2,4,lr_1em03_sched_step_img_320_ft_layer4_fc_loss_weighted_cross_entropy_cd97784069,0.001,step,320,layer4_fc,weighted_cross_entropy,resnet18,imagenet,70,31,39,123,23,9,14,41,0.9130434782608696,0.9444444444444444,0.9355089355089355,0.7777777777777778,1.0,1.0,0.7777777777777778,0.875,0.4868255257606506,14,0,2,7,9,20442
2,1,lr_1em03_sched_step_img_320_ft_layer4_fc_loss_focal_365edc75f1,0.001,step,320,layer4_fc,focal,resnet18,imagenet,69,31,38,121,24,9,15,43,0.875,0.9481481481481482,0.9253086419753086,1.0,0.8,0.75,1.0,0.8571428571428571,0.990752100944519,12,3,0,9,1,20142
2,2,lr_1em03_sched_step_img_320_ft_layer4_fc_loss_focal_365edc75f1,0.001,step,320,layer4_fc,focal,resnet18,imagenet,70,30,40,121,23,10,13,43,0.8260869565217391,0.8307692307692307,0.8439602064602064,0.7,0.9230769230769232,0.875,0.7,0.7777777777777778,0.6776925325393677,12,1,3,7,7,20242
2,3,lr_1em03_sched_step_img_320_ft_layer4_fc_loss_focal_365edc75f1,0.001,step,320,layer4_fc,focal,resnet18,imagenet,70,28,42,127,23,12,11,37,0.7391304347826086,0.7272727272727273,0.747927997927998,0.8333333333333334,0.6363636363636364,0.7142857142857143,0.8333333333333334,0.7692307692307693,2.378984325073636e-13,7,4,2,10,2,20342
2,4,lr_1em03_sched_step_img_320_ft_layer4_fc_loss_focal_365edc75f1,0.001,step,320,layer4_fc,focal,resnet18,imagenet,70,31,39,123,23,9,14,41,0.8695652173913043,0.8888888888888888,0.8788919413919416,0.7777777777777778,0.9285714285714286,0.875,0.7777777777777778,0.8235294117647058,0.3038294911384582,13,1,2,7,11,20442
2,1,lr_1em03_sched_step_img_320_ft_layer3_layer4_fc_loss_weighted_cross_entropy_2e77ebeaf3,0.001,step,320,layer3_layer4_fc,weighted_cross_entropy,resnet18,imagenet,69,31,38,121,24,9,15,43,0.9166666666666666,0.9333333333333332,0.8615961199294533,0.8888888888888888,0.9333333333333332,0.8888888888888888,0.8888888888888888,0.8888888888888888,0.6383143663406372,14,1,1,8,1,20142
2,2,lr_1em03_sched_step_img_320_ft_layer3_layer4_fc_loss_weighted_cross_entropy_2e77ebeaf3,0.001,step,320,layer3_layer4_fc,weighted_cross_entropy,resnet18,imagenet,70,30,40,121,23,10,13,43,0.6521739130434783,0.6461538461538462,0.6391287878787878,0.9,0.4615384615384615,0.5625,0.9,0.6923076923076923,0.0088205179199576,6,7,1,9,4,20242
2,3,lr_1em03_sched_step_img_320_ft_layer3_layer4_fc_loss_weighted_cross_entropy_2e77ebeaf3,0.001,step,320,layer3_layer4_fc,weighted_cross_entropy,resnet18,imagenet,70,28,42,127,23,12,11,37,0.8260869565217391,0.856060606060606,0.8933849715099716,0.75,0.9090909090909092,0.9,0.75,0.8181818181818182,0.4770117104053497,10,1,3,9,15,20342
2,4,lr_1em03_sched_step_img_320_ft_layer3_layer4_fc_loss_weighted_cross_entropy_2e77ebeaf3,0.001,step,320,layer3_layer4_fc,weighted_cross_entropy,resnet18,imagenet,70,31,39,123,23,9,14,41,0.9565217391304348,0.9761904761904764,0.9626543209876546,1.0,0.9285714285714286,0.9,1.0,0.9473684210526316,0.5355501770973206,13,1,0,9,14,20442
2,1,lr_1em03_sched_step_img_320_ft_layer3_layer4_fc_loss_focal_13ec69550d,0.001,step,320,layer3_layer4_fc,focal,resnet18,imagenet,69,31,38,121,24,9,15,43,1.0,1.0,1.0,1.0,1.0,1.0,1.0,1.0,0.3868030309677124,15,0,0,9,3,20142
2,2,lr_1em03_sched_step_img_320_ft_layer3_layer4_fc_loss_focal_13ec69550d,0.001,step,320,layer3_layer4_fc,focal,resnet18,imagenet,70,30,40,121,23,10,13,43,0.8260869565217391,0.8076923076923076,0.8470833333333333,0.7,0.9230769230769232,0.875,0.7,0.7777777777777778,0.6366370320320129,12,1,3,7,28,20242
2,3,lr_1em03_sched_step_img_320_ft_layer3_layer4_fc_loss_focal_13ec69550d,0.001,step,320,layer3_layer4_fc,focal,resnet18,imagenet,70,28,42,127,23,12,11,37,0.7391304347826086,0.7272727272727273,0.6800102460319178,0.8333333333333334,0.6363636363636364,0.7142857142857143,0.8333333333333334,0.7692307692307693,0.1250388026237487,7,4,2,10,3,20342
2,4,lr_1em03_sched_step_img_320_ft_layer3_layer4_fc_loss_focal_13ec69550d,0.001,step,320,layer3_layer4_fc,focal,resnet18,imagenet,70,31,39,123,23,9,14,41,0.782608695652174,0.8809523809523809,0.8300705467372136,1.0,0.6428571428571429,0.6428571428571429,1.0,0.782608695652174,0.5081428289413452,9,5,0,9,14,20442
2,1,lr_1em03_sched_step_img_320_ft_full_loss_weighted_cross_entropy_3b47231c27,0.001,step,320,full,weighted_cross_entropy,resnet18,imagenet,69,31,38,121,24,9,15,43,0.7916666666666666,0.7481481481481482,0.7638888888888888,0.5555555555555556,0.9333333333333332,0.8333333333333334,0.5555555555555556,0.6666666666666666,0.566708505153656,14,1,4,5,7,20142
2,2,lr_1em03_sched_step_img_320_ft_full_loss_weighted_cross_entropy_3b47231c27,0.001,step,320,full,weighted_cross_entropy,resnet18,imagenet,70,30,40,121,23,10,13,43,0.782608695652174,0.7615384615384615,0.7305907491201609,0.7,0.8461538461538461,0.7777777777777778,0.7,0.7368421052631579,0.1820343434810638,11,2,3,7,6,20242
2,3,lr_1em03_sched_step_img_320_ft_full_loss_weighted_cross_entropy_3b47231c27,0.001,step,320,full,weighted_cross_entropy,resnet18,imagenet,70,28,42,127,23,12,11,37,0.7391304347826086,0.7803030303030303,0.8109982882041706,0.6666666666666666,0.8181818181818182,0.8,0.6666666666666666,0.7272727272727273,0.9592822790145874,9,2,4,8,2,20342
2,4,lr_1em03_sched_step_img_320_ft_full_loss_weighted_cross_entropy_3b47231c27,0.001,step,320,full,weighted_cross_entropy,resnet18,imagenet,70,31,39,123,23,9,14,41,0.8695652173913043,0.8888888888888888,0.8810185185185186,0.6666666666666666,1.0,1.0,0.6666666666666666,0.8,0.4393956363201141,14,0,3,6,22,20442
2,1,lr_1em03_sched_step_img_320_ft_full_loss_focal_46ee41ff95,0.001,step,320,full,focal,resnet18,imagenet,69,31,38,121,24,9,15,43,0.7916666666666666,0.8444444444444444,0.7938662644544998,0.7777777777777778,0.8,0.7,0.7777777777777778,0.7368421052631579,0.1348332166671753,12,3,2,7,2,20142
2,2,lr_1em03_sched_step_img_320_ft_full_loss_focal_46ee41ff95,0.001,step,320,full,focal,resnet18,imagenet,70,30,40,121,23,10,13,43,0.782608695652174,0.7769230769230769,0.7408225108225107,0.8,0.7692307692307693,0.7272727272727273,0.8,0.7619047619047619,0.4375954866409302,10,3,2,8,4,20242
2,3,lr_1em03_sched_step_img_320_ft_full_loss_focal_46ee41ff95,0.001,step,320,full,focal,resnet18,imagenet,70,28,42,127,23,12,11,37,0.8260869565217391,0.8636363636363635,0.8785808554190907,0.9166666666666666,0.7272727272727273,0.7857142857142857,0.9166666666666666,0.8461538461538461,1.3792353456665296e-05,8,3,1,11,1,20342
2,4,lr_1em03_sched_step_img_320_ft_full_loss_focal_46ee41ff95,0.001,step,320,full,focal,resnet18,imagenet,70,31,39,123,23,9,14,41,1.0,1.0,1.0000000000000002,1.0,1.0,1.0,1.0,1.0,0.3786189556121826,14,0,0,9,7,20442
2,1,lr_1em03_sched_cosine_img_224_ft_fc_only_loss_weighted_cross_entropy_b823b64dc5,0.001,cosine,224,fc_only,weighted_cross_entropy,resnet18,imagenet,69,31,38,121,24,9,15,43,0.7083333333333334,0.5481481481481482,0.5864868491680086,0.4444444444444444,0.8666666666666667,0.6666666666666666,0.4444444444444444,0.5333333333333333,0.0913163498044014,13,2,5,4,4,20142
2,2,lr_1em03_sched_cosine_img_224_ft_fc_only_loss_weighted_cross_entropy_b823b64dc5,0.001,cosine,224,fc_only,weighted_cross_entropy,resnet18,imagenet,70,30,40,121,23,10,13,43,0.7391304347826086,0.6384615384615384,0.7167612044817926,0.5,0.9230769230769232,0.8333333333333334,0.5,0.625,0.5313493013381958,12,1,5,5,6,20242
2,3,lr_1em03_sched_cosine_img_224_ft_fc_only_loss_weighted_cross_entropy_b823b64dc5,0.001,cosine,224,fc_only,weighted_cross_entropy,resnet18,imagenet,70,28,42,127,23,12,11,37,0.5652173913043478,0.4848484848484848,0.5556799437755824,0.25,0.9090909090909092,0.75,0.25,0.375,0.1017371267080307,10,1,9,3,15,20342
2,4,lr_1em03_sched_cosine_img_224_ft_fc_only_loss_weighted_cross_entropy_b823b64dc5,0.001,cosine,224,fc_only,weighted_cross_entropy,resnet18,imagenet,70,31,39,123,23,9,14,41,0.7391304347826086,0.753968253968254,0.7624264624264625,0.6666666666666666,0.7857142857142857,0.6666666666666666,0.6666666666666666,0.6666666666666666,0.1134124174714088,11,3,3,6,26,20442
2,1,lr_1em03_sched_cosine_img_224_ft_fc_only_loss_focal_d13ac3e3bf,0.001,cosine,224,fc_only,focal,resnet18,imagenet,69,31,38,121,24,9,15,43,0.7083333333333334,0.6962962962962962,0.6850756068786759,0.5555555555555556,0.8,0.625,0.5555555555555556,0.5882352941176471,0.3736231029033661,12,3,4,5,24,20142
2,2,lr_1em03_sched_cosine_img_224_ft_fc_only_loss_focal_d13ac3e3bf,0.001,cosine,224,fc_only,focal,resnet18,imagenet,70,30,40,121,23,10,13,43,0.6956521739130435,0.6769230769230768,0.7149467251015238,0.7,0.6923076923076923,0.6363636363636364,0.7,0.6666666666666666,0.4526311755180359,9,4,3,7,9,20242
2,3,lr_1em03_sched_cosine_img_224_ft_fc_only_loss_focal_d13ac3e3bf,0.001,cosine,224,fc_only,focal,resnet18,imagenet,70,28,42,127,23,12,11,37,0.6956521739130435,0.6136363636363636,0.6267646436044774,0.6666666666666666,0.7272727272727273,0.7272727272727273,0.6666666666666666,0.6956521739130435,0.1199216768145561,8,3,4,8,15,20342
2,4,lr_1em03_sched_cosine_img_224_ft_fc_only_loss_focal_d13ac3e3bf,0.001,cosine,224,fc_only,focal,resnet18,imagenet,70,31,39,123,23,9,14,41,0.7391304347826086,0.746031746031746,0.6832732082732083,0.7777777777777778,0.7142857142857143,0.6363636363636364,0.7777777777777778,0.7,0.3052747547626495,10,4,2,7,22,20442
2,1,lr_1em03_sched_cosine_img_224_ft_layer4_fc_loss_weighted_cross_entropy_ef51ec0390,0.001,cosine,224,layer4_fc,weighted_cross_entropy,resnet18,imagenet,69,31,38,121,24,9,15,43,1.0,1.0,1.0,1.0,1.0,1.0,1.0,1.0,0.33538618683815,15,0,0,9,8,20142
2,2,lr_1em03_sched_cosine_img_224_ft_layer4_fc_loss_weighted_cross_entropy_ef51ec0390,0.001,cosine,224,layer4_fc,weighted_cross_entropy,resnet18,imagenet,70,30,40,121,23,10,13,43,0.7391304347826086,0.6846153846153846,0.7264069264069264,0.6,0.8461538461538461,0.75,0.6,0.6666666666666666,0.9934759736061096,11,2,4,6,1,20242
2,3,lr_1em03_sched_cosine_img_224_ft_layer4_fc_loss_weighted_cross_entropy_ef51ec0390,0.001,cosine,224,layer4_fc,weighted_cross_entropy,resnet18,imagenet,70,28,42,127,23,12,11,37,0.8260869565217391,0.8333333333333333,0.8985903056874925,0.6666666666666666,1.0,1.0,0.6666666666666666,0.8,0.2248622924089431,11,0,4,8,8,20342
2,4,lr_1em03_sched_cosine_img_224_ft_layer4_fc_loss_weighted_cross_entropy_ef51ec0390,0.001,cosine,224,layer4_fc,weighted_cross_entropy,resnet18,imagenet,70,31,39,123,23,9,14,41,0.782608695652174,0.8888888888888888,0.8670033670033672,1.0,0.6428571428571429,0.6428571428571429,1.0,0.782608695652174,0.07000083476305,9,5,0,9,13,20442
2,1,lr_1em03_sched_cosine_img_224_ft_layer4_fc_loss_focal_499bb0caeb,0.001,cosine,224,layer4_fc,focal,resnet18,imagenet,69,31,38,121,24,9,15,43,0.9583333333333334,0.9703703703703704,0.9467813051146384,1.0,0.9333333333333332,0.9,1.0,0.9473684210526316,0.4971411824226379,14,1,0,9,26,20142
2,2,lr_1em03_sched_cosine_img_224_ft_layer4_fc_loss_focal_499bb0caeb,0.001,cosine,224,layer4_fc,focal,resnet18,imagenet,70,30,40,121,23,10,13,43,0.7391304347826086,0.7846153846153846,0.756267942583732,0.8,0.6923076923076923,0.6666666666666666,0.8,0.7272727272727273,0.4959605932235718,9,4,2,8,9,20242
2,3,lr_1em03_sched_cosine_img_224_ft_layer4_fc_loss_focal_499bb0caeb,0.001,cosine,224,layer4_fc,focal,resnet18,imagenet,70,28,42,127,23,12,11,37,0.782608695652174,0.7803030303030303,0.8559782608695653,0.6666666666666666,0.9090909090909092,0.8888888888888888,0.6666666666666666,0.7619047619047619,0.4232864379882812,10,1,4,8,6,20342
2,4,lr_1em03_sched_cosine_img_224_ft_layer4_fc_loss_focal_499bb0caeb,0.001,cosine,224,layer4_fc,focal,resnet18,imagenet,70,31,39,123,23,9,14,41,0.7391304347826086,0.8492063492063492,0.8219535094535095,0.8888888888888888,0.6428571428571429,0.6153846153846154,0.8888888888888888,0.7272727272727273,0.290077269077301,9,5,1,8,6,20442
2,1,lr_1em03_sched_cosine_img_224_ft_layer3_layer4_fc_loss_weighted_cross_entropy_910d3681f6,0.001,cosine,224,layer3_layer4_fc,weighted_cross_entropy,resnet18,imagenet,69,31,38,121,24,9,15,43,0.875,0.9555555555555556,0.941919191919192,1.0,0.8,0.75,1.0,0.8571428571428571,0.1839332431554794,12,3,0,9,5,20142
2,2,lr_1em03_sched_cosine_img_224_ft_layer3_layer4_fc_loss_weighted_cross_entropy_910d3681f6,0.001,cosine,224,layer3_layer4_fc,weighted_cross_entropy,resnet18,imagenet,70,30,40,121,23,10,13,43,0.8260869565217391,0.8230769230769232,0.8602272727272727,0.7,0.9230769230769232,0.875,0.7,0.7777777777777778,0.1741361171007156,12,1,3,7,9,20242
2,3,lr_1em03_sched_cosine_img_224_ft_layer3_layer4_fc_loss_weighted_cross_entropy_910d3681f6,0.001,cosine,224,layer3_layer4_fc,weighted_cross_entropy,resnet18,imagenet,70,28,42,127,23,12,11,37,0.8260869565217391,0.8409090909090908,0.8976715686274511,0.6666666666666666,1.0,1.0,0.6666666666666666,0.8,0.269528180360794,11,0,4,8,26,20342
2,4,lr_1em03_sched_cosine_img_224_ft_layer3_layer4_fc_loss_weighted_cross_entropy_910d3681f6,0.001,cosine,224,layer3_layer4_fc,weighted_cross_entropy,resnet18,imagenet,70,31,39,123,23,9,14,41,0.8695652173913043,0.9365079365079364,0.9188983855650524,0.8888888888888888,0.8571428571428571,0.8,0.8888888888888888,0.8421052631578947,0.1497864723205566,12,2,1,8,9,20442
2,1,lr_1em03_sched_cosine_img_224_ft_layer3_layer4_fc_loss_focal_1c2cfa6c7e,0.001,cosine,224,layer3_layer4_fc,focal,resnet18,imagenet,69,31,38,121,24,9,15,43,0.875,0.925925925925926,0.908641975308642,0.8888888888888888,0.8666666666666667,0.8,0.8888888888888888,0.8421052631578947,0.9999569654464722,13,2,1,8,1,20142
2,2,lr_1em03_sched_cosine_img_224_ft_layer3_layer4_fc_loss_focal_1c2cfa6c7e,0.001,cosine,224,layer3_layer4_fc,focal,resnet18,imagenet,70,30,40,121,23,10,13,43,0.7391304347826086,0.676923076923077,0.6768831168831169,0.6,0.8461538461538461,0.75,0.6,0.6666666666666666,0.0010419570608064,11,2,4,6,3,20242
2,3,lr_1em03_sched_cosine_img_224_ft_layer3_layer4_fc_loss_focal_1c2cfa6c7e,0.001,cosine,224,layer3_layer4_fc,focal,resnet18,imagenet,70,28,42,127,23,12,11,37,0.8260869565217391,0.7878787878787878,0.7674996299996301,0.9166666666666666,0.7272727272727273,0.7857142857142857,0.9166666666666666,0.8461538461538461,2.186226720490847e-11,8,3,1,11,1,20342
2,4,lr_1em03_sched_cosine_img_224_ft_layer3_layer4_fc_loss_focal_1c2cfa6c7e,0.001,cosine,224,layer3_layer4_fc,focal,resnet18,imagenet,70,31,39,123,23,9,14,41,0.782608695652174,0.8571428571428572,0.8382834757834758,0.7777777777777778,0.7857142857142857,0.7,0.7777777777777778,0.7368421052631579,0.4132444858551025,11,3,2,7,20,20442
2,1,lr_1em03_sched_cosine_img_224_ft_full_loss_weighted_cross_entropy_39e37e168b,0.001,cosine,224,full,weighted_cross_entropy,resnet18,imagenet,69,31,38,121,24,9,15,43,0.875,0.8444444444444444,0.8586419753086421,0.6666666666666666,1.0,1.0,0.6666666666666666,0.8,0.1333437412977218,15,0,3,6,4,20142
2,2,lr_1em03_sched_cosine_img_224_ft_full_loss_weighted_cross_entropy_39e37e168b,0.001,cosine,224,full,weighted_cross_entropy,resnet18,imagenet,70,30,40,121,23,10,13,43,0.8695652173913043,0.8692307692307693,0.8847222222222221,0.8,0.9230769230769232,0.8888888888888888,0.8,0.8421052631578947,0.0130355786532163,12,1,2,8,16,20242
2,3,lr_1em03_sched_cosine_img_224_ft_full_loss_weighted_cross_entropy_39e37e168b,0.001,cosine,224,full,weighted_cross_entropy,resnet18,imagenet,70,28,42,127,23,12,11,37,0.782608695652174,0.7954545454545454,0.7666924510674512,0.75,0.8181818181818182,0.8181818181818182,0.75,0.782608695652174,0.041432000696659,9,2,3,9,1,20342
2,4,lr_1em03_sched_cosine_img_224_ft_full_loss_weighted_cross_entropy_39e37e168b,0.001,cosine,224,full,weighted_cross_entropy,resnet18,imagenet,70,31,39,123,23,9,14,41,0.9565217391304348,0.9523809523809524,0.9060405643738978,1.0,0.9285714285714286,0.9,1.0,0.9473684210526316,0.2029719650745391,13,1,0,9,5,20442
2,1,lr_1em03_sched_cosine_img_224_ft_full_loss_focal_6f8c3142a9,0.001,cosine,224,full,focal,resnet18,imagenet,69,31,38,121,24,9,15,43,0.75,0.7925925925925925,0.697300230633564,1.0,0.6,0.6,1.0,0.75,0.3135997951030731,9,6,0,9,9,20142
2,2,lr_1em03_sched_cosine_img_224_ft_full_loss_focal_6f8c3142a9,0.001,cosine,224,full,focal,resnet18,imagenet,70,30,40,121,23,10,13,43,0.7391304347826086,0.6615384615384615,0.546757481648786,0.8,0.6923076923076923,0.6666666666666666,0.8,0.7272727272727273,0.1924777925014495,9,4,2,8,8,20242
2,3,lr_1em03_sched_cosine_img_224_ft_full_loss_focal_6f8c3142a9,0.001,cosine,224,full,focal,resnet18,imagenet,70,28,42,127,23,12,11,37,0.782608695652174,0.803030303030303,0.8683965279360016,0.6666666666666666,0.9090909090909092,0.8888888888888888,0.6666666666666666,0.7619047619047619,0.3005334734916687,10,1,4,8,2,20342
2,4,lr_1em03_sched_cosine_img_224_ft_full_loss_focal_6f8c3142a9,0.001,cosine,224,full,focal,resnet18,imagenet,70,31,39,123,23,9,14,41,0.8695652173913043,0.9206349206349206,0.8898148148148151,0.8888888888888888,0.8571428571428571,0.8,0.8888888888888888,0.8421052631578947,0.4035807251930237,12,2,1,8,9,20442
2,1,lr_1em03_sched_cosine_img_320_ft_fc_only_loss_weighted_cross_entropy_bc21784528,0.001,cosine,320,fc_only,weighted_cross_entropy,resnet18,imagenet,69,31,38,121,24,9,15,43,0.8333333333333334,0.7851851851851852,0.7928307602220646,0.5555555555555556,1.0,1.0,0.5555555555555556,0.7142857142857143,0.279052197933197,15,0,4,5,15,20142
2,2,lr_1em03_sched_cosine_img_320_ft_fc_only_loss_weighted_cross_entropy_bc21784528,0.001,cosine,320,fc_only,weighted_cross_entropy,resnet18,imagenet,70,30,40,121,23,10,13,43,0.6521739130434783,0.6153846153846154,0.5925825389444315,0.7,0.6153846153846154,0.5833333333333334,0.7,0.6363636363636364,0.1158791035413742,8,5,3,7,10,20242
2,3,lr_1em03_sched_cosine_img_320_ft_fc_only_loss_weighted_cross_entropy_bc21784528,0.001,cosine,320,fc_only,weighted_cross_entropy,resnet18,imagenet,70,28,42,127,23,12,11,37,0.6086956521739131,0.5909090909090909,0.6982640209184833,0.25,1.0,1.0,0.25,0.4,0.2792653441429138,11,0,9,3,8,20342
2,4,lr_1em03_sched_cosine_img_320_ft_fc_only_loss_weighted_cross_entropy_bc21784528,0.001,cosine,320,fc_only,weighted_cross_entropy,resnet18,imagenet,70,31,39,123,23,9,14,41,0.8260869565217391,0.753968253968254,0.7786764705882354,0.5555555555555556,1.0,1.0,0.5555555555555556,0.7142857142857143,0.5219693183898926,14,0,4,5,12,20442
2,1,lr_1em03_sched_cosine_img_320_ft_fc_only_loss_focal_57dc43c36e,0.001,cosine,320,fc_only,focal,resnet18,imagenet,69,31,38,121,24,9,15,43,0.7083333333333334,0.6592592592592592,0.6179252845919513,0.5555555555555556,0.8,0.625,0.5555555555555556,0.5882352941176471,0.3556411564350128,12,3,4,5,22,20142
2,2,lr_1em03_sched_cosine_img_320_ft_fc_only_loss_focal_57dc43c36e,0.001,cosine,320,fc_only,focal,resnet18,imagenet,70,30,40,121,23,10,13,43,0.6956521739130435,0.6384615384615384,0.6496543070456113,0.7,0.6923076923076923,0.6363636363636364,0.7,0.6666666666666666,0.315557062625885,9,4,3,7,11,20242
2,3,lr_1em03_sched_cosine_img_320_ft_fc_only_loss_focal_57dc43c36e,0.001,cosine,320,fc_only,focal,resnet18,imagenet,70,28,42,127,23,12,11,37,0.6521739130434783,0.6363636363636364,0.6860282018176755,0.5,0.8181818181818182,0.75,0.5,0.6,0.3406511843204498,9,2,6,6,9,20342
2,4,lr_1em03_sched_cosine_img_320_ft_fc_only_loss_focal_57dc43c36e,0.001,cosine,320,fc_only,focal,resnet18,imagenet,70,31,39,123,23,9,14,41,0.7391304347826086,0.6746031746031745,0.723236331569665,0.6666666666666666,0.7857142857142857,0.6666666666666666,0.6666666666666666,0.6666666666666666,0.4451836943626404,11,3,3,6,17,20442
2,1,lr_1em03_sched_cosine_img_320_ft_layer4_fc_loss_weighted_cross_entropy_6c9df830c6,0.001,cosine,320,layer4_fc,weighted_cross_entropy,resnet18,imagenet,69,31,38,121,24,9,15,43,0.9166666666666666,0.9703703703703704,0.9535634118967452,1.0,0.8666666666666667,0.8181818181818182,1.0,0.9,0.2240530550479889,13,2,0,9,8,20142
2,2,lr_1em03_sched_cosine_img_320_ft_layer4_fc_loss_weighted_cross_entropy_6c9df830c6,0.001,cosine,320,layer4_fc,weighted_cross_entropy,resnet18,imagenet,70,30,40,121,23,10,13,43,0.6956521739130435,0.6461538461538462,0.6070814857656963,0.8,0.6153846153846154,0.6153846153846154,0.8,0.6956521739130435,0.3567721247673034,8,5,2,8,7,20242
2,3,lr_1em03_sched_cosine_img_320_ft_layer4_fc_loss_weighted_cross_entropy_6c9df830c6,0.001,cosine,320,layer4_fc,weighted_cross_entropy,resnet18,imagenet,70,28,42,127,23,12,11,37,0.8260869565217391,0.856060606060606,0.9039881213794256,0.8333333333333334,0.8181818181818182,0.8333333333333334,0.8333333333333334,0.8333333333333334,0.1972082704305648,9,2,2,10,15,20342
2,4,lr_1em03_sched_cosine_img_320_ft_layer4_fc_loss_weighted_cross_entropy_6c9df830c6,0.001,cosine,320,layer4_fc,weighted_cross_entropy,resnet18,imagenet,70,31,39,123,23,9,14,41,1.0,1.0,1.0000000000000002,1.0,1.0,1.0,1.0,1.0,0.1199343651533126,14,0,0,9,8,20442
2,1,lr_1em03_sched_cosine_img_320_ft_layer4_fc_loss_focal_341f170a81,0.001,cosine,320,layer4_fc,focal,resnet18,imagenet,69,31,38,121,24,9,15,43,0.9166666666666666,0.9407407407407408,0.9051066217732884,1.0,0.8666666666666667,0.8181818181818182,1.0,0.9,0.5592547655105591,13,2,0,9,9,20142
2,2,lr_1em03_sched_cosine_img_320_ft_layer4_fc_loss_focal_341f170a81,0.001,cosine,320,layer4_fc,focal,resnet18,imagenet,70,30,40,121,23,10,13,43,0.6956521739130435,0.7461538461538462,0.7695670995670996,0.9,0.5384615384615384,0.6,0.9,0.72,0.3901489377021789,7,6,1,9,19,20242
2,3,lr_1em03_sched_cosine_img_320_ft_layer4_fc_loss_focal_341f170a81,0.001,cosine,320,layer4_fc,focal,resnet18,imagenet,70,28,42,127,23,12,11,37,0.6956521739130435,0.5833333333333334,0.5888587472469051,0.6666666666666666,0.7272727272727273,0.7272727272727273,0.6666666666666666,0.6956521739130435,4.8292422434315085e-05,8,3,4,8,2,20342
2,4,lr_1em03_sched_cosine_img_320_ft_layer4_fc_loss_focal_341f170a81,0.001,cosine,320,layer4_fc,focal,resnet18,imagenet,70,31,39,123,23,9,14,41,0.9130434782608696,0.9603174603174603,0.9534662867996202,0.8888888888888888,0.9285714285714286,0.8888888888888888,0.8888888888888888,0.8888888888888888,0.823972761631012,13,1,1,8,6,20442
2,1,lr_1em03_sched_cosine_img_320_ft_layer3_layer4_fc_loss_weighted_cross_entropy_1377c12b1a,0.001,cosine,320,layer3_layer4_fc,weighted_cross_entropy,resnet18,imagenet,69,31,38,121,24,9,15,43,0.875,0.9555555555555556,0.941919191919192,1.0,0.8,0.75,1.0,0.8571428571428571,0.5245642066001892,12,3,0,9,8,20142
2,2,lr_1em03_sched_cosine_img_320_ft_layer3_layer4_fc_loss_weighted_cross_entropy_1377c12b1a,0.001,cosine,320,layer3_layer4_fc,weighted_cross_entropy,resnet18,imagenet,70,30,40,121,23,10,13,43,0.782608695652174,0.7615384615384615,0.6365476628634523,0.9,0.6923076923076923,0.6923076923076923,0.9,0.782608695652174,0.9999998807907104,9,4,1,9,1,20242
2,3,lr_1em03_sched_cosine_img_320_ft_layer3_layer4_fc_loss_weighted_cross_entropy_1377c12b1a,0.001,cosine,320,layer3_layer4_fc,weighted_cross_entropy,resnet18,imagenet,70,28,42,127,23,12,11,37,0.8695652173913043,0.8484848484848485,0.9083017676767678,0.75,1.0,1.0,0.75,0.8571428571428571,0.3189933001995086,11,0,3,9,9,20342
2,4,lr_1em03_sched_cosine_img_320_ft_layer3_layer4_fc_loss_weighted_cross_entropy_1377c12b1a,0.001,cosine,320,layer3_layer4_fc,weighted_cross_entropy,resnet18,imagenet,70,31,39,123,23,9,14,41,0.9130434782608696,0.9523809523809524,0.9479717813051148,0.8888888888888888,0.9285714285714286,0.8888888888888888,0.8888888888888888,0.8888888888888888,0.0062780631706118,13,1,1,8,1,20442
2,1,lr_1em03_sched_cosine_img_320_ft_layer3_layer4_fc_loss_focal_e4d2aaa6dc,0.001,cosine,320,layer3_layer4_fc,focal,resnet18,imagenet,69,31,38,121,24,9,15,43,0.375,0.5,0.375,1.0,0.0,0.375,1.0,0.5454545454545454,0.0,0,15,0,9,2,20142
2,2,lr_1em03_sched_cosine_img_320_ft_layer3_layer4_fc_loss_focal_e4d2aaa6dc,0.001,cosine,320,layer3_layer4_fc,focal,resnet18,imagenet,70,30,40,121,23,10,13,43,0.9130434782608696,0.9230769230769232,0.9426315789473684,0.9,0.9230769230769232,0.9,0.9,0.9,0.0203697774559259,12,1,1,9,3,20242
2,3,lr_1em03_sched_cosine_img_320_ft_layer3_layer4_fc_loss_focal_e4d2aaa6dc,0.001,cosine,320,layer3_layer4_fc,focal,resnet18,imagenet,70,28,42,127,23,12,11,37,0.8260869565217391,0.8787878787878788,0.9142161749069644,0.6666666666666666,1.0,1.0,0.6666666666666666,0.8,0.517487108707428,11,0,4,8,3,20342
2,4,lr_1em03_sched_cosine_img_320_ft_layer3_layer4_fc_loss_focal_e4d2aaa6dc,0.001,cosine,320,layer3_layer4_fc,focal,resnet18,imagenet,70,31,39,123,23,9,14,41,0.8260869565217391,0.9285714285714286,0.9057470307470308,1.0,0.7142857142857143,0.6923076923076923,1.0,0.8181818181818182,0.9967122077941896,10,4,0,9,2,20442
2,1,lr_1em03_sched_cosine_img_320_ft_full_loss_weighted_cross_entropy_7dfecf0062,0.001,cosine,320,full,weighted_cross_entropy,resnet18,imagenet,69,31,38,121,24,9,15,43,0.8333333333333334,0.9185185185185184,0.8804945054945055,1.0,0.7333333333333333,0.6923076923076923,1.0,0.8181818181818182,0.4555453658103943,11,4,0,9,21,20142
2,2,lr_1em03_sched_cosine_img_320_ft_full_loss_weighted_cross_entropy_7dfecf0062,0.001,cosine,320,full,weighted_cross_entropy,resnet18,imagenet,70,30,40,121,23,10,13,43,0.6521739130434783,0.6538461538461539,0.5914273226773227,0.9,0.4615384615384615,0.5625,0.9,0.6923076923076923,0.2721357345581054,6,7,1,9,10,20242
2,3,lr_1em03_sched_cosine_img_320_ft_full_loss_weighted_cross_entropy_7dfecf0062,0.001,cosine,320,full,weighted_cross_entropy,resnet18,imagenet,70,28,42,127,23,12,11,37,0.8260869565217391,0.8181818181818182,0.8151848151848152,0.9166666666666666,0.7272727272727273,0.7857142857142857,0.9166666666666666,0.8461538461538461,0.5606817603111267,8,3,1,11,21,20342
2,4,lr_1em03_sched_cosine_img_320_ft_full_loss_weighted_cross_entropy_7dfecf0062,0.001,cosine,320,full,weighted_cross_entropy,resnet18,imagenet,70,31,39,123,23,9,14,41,0.9130434782608696,0.9523809523809524,0.9278138528138528,1.0,0.8571428571428571,0.8181818181818182,1.0,0.9,0.3910171389579773,12,2,0,9,16,20442
2,1,lr_1em03_sched_cosine_img_320_ft_full_loss_focal_18d6d88640,0.001,cosine,320,full,focal,resnet18,imagenet,69,31,38,121,24,9,15,43,0.7916666666666666,0.8814814814814815,0.8427868427868428,1.0,0.6666666666666666,0.6428571428571429,1.0,0.782608695652174,0.5205333828926086,10,5,0,9,14,20142
2,2,lr_1em03_sched_cosine_img_320_ft_full_loss_focal_18d6d88640,0.001,cosine,320,full,focal,resnet18,imagenet,70,30,40,121,23,10,13,43,0.6956521739130435,0.6153846153846153,0.6162290773045921,0.7,0.6923076923076923,0.6363636363636364,0.7,0.6666666666666666,0.0019246360752731,9,4,3,7,2,20242
2,3,lr_1em03_sched_cosine_img_320_ft_full_loss_focal_18d6d88640,0.001,cosine,320,full,focal,resnet18,imagenet,70,28,42,127,23,12,11,37,0.8695652173913043,0.8787878787878788,0.9202602952602952,0.9166666666666666,0.8181818181818182,0.8461538461538461,0.9166666666666666,0.88,0.4087716341018677,9,2,1,11,19,20342
2,4,lr_1em03_sched_cosine_img_320_ft_full_loss_focal_18d6d88640,0.001,cosine,320,full,focal,resnet18,imagenet,70,31,39,123,23,9,14,41,0.7391304347826086,0.8333333333333334,0.8052868427868429,0.8888888888888888,0.6428571428571429,0.6153846153846154,0.8888888888888888,0.7272727272727273,0.4091627895832062,9,5,1,8,4,20442
2,1,lr_1em03_sched_none_img_224_ft_fc_only_loss_weighted_cross_entropy_b7e54e70a9,0.001,none,224,fc_only,weighted_cross_entropy,resnet18,imagenet,69,31,38,121,24,9,15,43,0.75,0.5333333333333333,0.6100062959330694,0.3333333333333333,1.0,1.0,0.3333333333333333,0.5,0.1847527474164962,15,0,6,3,6,20142
2,2,lr_1em03_sched_none_img_224_ft_fc_only_loss_weighted_cross_entropy_b7e54e70a9,0.001,none,224,fc_only,weighted_cross_entropy,resnet18,imagenet,70,30,40,121,23,10,13,43,0.6956521739130435,0.5846153846153845,0.5817270281318269,0.5,0.8461538461538461,0.7142857142857143,0.5,0.5882352941176471,0.214206725358963,11,2,5,5,10,20242
2,3,lr_1em03_sched_none_img_224_ft_fc_only_loss_weighted_cross_entropy_b7e54e70a9,0.001,none,224,fc_only,weighted_cross_entropy,resnet18,imagenet,70,28,42,127,23,12,11,37,0.6956521739130435,0.6515151515151515,0.7675921056877445,0.5,0.9090909090909092,0.8571428571428571,0.5,0.631578947368421,0.7923508286476135,10,1,6,6,24,20342
2,4,lr_1em03_sched_none_img_224_ft_fc_only_loss_weighted_cross_entropy_b7e54e70a9,0.001,none,224,fc_only,weighted_cross_entropy,resnet18,imagenet,70,31,39,123,23,9,14,41,0.8260869565217391,0.8253968253968255,0.8298059964726632,0.7777777777777778,0.8571428571428571,0.7777777777777778,0.7777777777777778,0.7777777777777778,0.7382839918136597,12,2,2,7,25,20442
2,1,lr_1em03_sched_none_img_224_ft_fc_only_loss_focal_05666f2b69,0.001,none,224,fc_only,focal,resnet18,imagenet,69,31,38,121,24,9,15,43,0.7916666666666666,0.7481481481481481,0.759832893890865,0.6666666666666666,0.8666666666666667,0.75,0.6666666666666666,0.7058823529411765,0.2716845571994781,13,2,3,6,23,20142
2,2,lr_1em03_sched_none_img_224_ft_fc_only_loss_focal_05666f2b69,0.001,none,224,fc_only,focal,resnet18,imagenet,70,30,40,121,23,10,13,43,0.6956521739130435,0.5923076923076923,0.6516235439490587,0.5,0.8461538461538461,0.7142857142857143,0.5,0.5882352941176471,0.2881772816181183,11,2,5,5,11,20242
2,3,lr_1em03_sched_none_img_224_ft_fc_only_loss_focal_05666f2b69,0.001,none,224,fc_only,focal,resnet18,imagenet,70,28,42,127,23,12,11,37,0.6086956521739131,0.553030303030303,0.5964470445368782,0.5,0.7272727272727273,0.6666666666666666,0.5,0.5714285714285714,0.1522687375545501,8,3,6,6,27,20342
2,4,lr_1em03_sched_none_img_224_ft_fc_only_loss_focal_05666f2b69,0.001,none,224,fc_only,focal,resnet18,imagenet,70,31,39,123,23,9,14,41,0.9130434782608696,0.9523809523809524,0.9395773979107314,0.8888888888888888,0.9285714285714286,0.8888888888888888,0.8888888888888888,0.8888888888888888,0.4863404333591461,13,1,1,8,30,20442
2,1,lr_1em03_sched_none_img_224_ft_layer4_fc_loss_weighted_cross_entropy_35a6db6239,0.001,none,224,layer4_fc,weighted_cross_entropy,resnet18,imagenet,69,31,38,121,24,9,15,43,0.9166666666666666,0.962962962962963,0.9436868686868688,1.0,0.8666666666666667,0.8181818181818182,1.0,0.9,0.3841592073440552,13,2,0,9,15,20142
2,2,lr_1em03_sched_none_img_224_ft_layer4_fc_loss_weighted_cross_entropy_35a6db6239,0.001,none,224,layer4_fc,weighted_cross_entropy,resnet18,imagenet,70,30,40,121,23,10,13,43,0.8260869565217391,0.8538461538461539,0.8591666666666665,0.9,0.7692307692307693,0.75,0.9,0.8181818181818182,0.1901499032974243,10,3,1,9,7,20242
2,3,lr_1em03_sched_none_img_224_ft_layer4_fc_loss_weighted_cross_entropy_35a6db6239,0.001,none,224,layer4_fc,weighted_cross_entropy,resnet18,imagenet,70,28,42,127,23,12,11,37,0.8260869565217391,0.8181818181818182,0.8705690143190145,0.75,0.9090909090909092,0.9,0.75,0.8181818181818182,0.1435821801424026,10,1,3,9,5,20342
2,4,lr_1em03_sched_none_img_224_ft_layer4_fc_loss_weighted_cross_entropy_35a6db6239,0.001,none,224,layer4_fc,weighted_cross_entropy,resnet18,imagenet,70,31,39,123,23,9,14,41,0.8260869565217391,0.873015873015873,0.8278980278980279,0.8888888888888888,0.7857142857142857,0.7272727272727273,0.8888888888888888,0.8,6.517772362713004e-06,11,3,1,8,3,20442
2,1,lr_1em03_sched_none_img_224_ft_layer4_fc_loss_focal_1801ecd509,0.001,none,224,layer4_fc,focal,resnet18,imagenet,69,31,38,121,24,9,15,43,0.9583333333333334,0.977777777777778,0.9722222222222222,0.8888888888888888,1.0,1.0,0.8888888888888888,0.9411764705882352,0.1063997223973274,15,0,1,8,3,20142
2,2,lr_1em03_sched_none_img_224_ft_layer4_fc_loss_focal_1801ecd509,0.001,none,224,layer4_fc,focal,resnet18,imagenet,70,30,40,121,23,10,13,43,0.782608695652174,0.8153846153846154,0.8310778059230072,0.8,0.7692307692307693,0.7272727272727273,0.8,0.7619047619047619,0.4248047471046448,10,3,2,8,11,20242
2,3,lr_1em03_sched_none_img_224_ft_layer4_fc_loss_focal_1801ecd509,0.001,none,224,layer4_fc,focal,resnet18,imagenet,70,28,42,127,23,12,11,37,0.8260869565217391,0.8409090909090909,0.8918845315904139,0.75,0.9090909090909092,0.9,0.75,0.8181818181818182,0.404439628124237,10,1,3,9,7,20342
2,4,lr_1em03_sched_none_img_224_ft_layer4_fc_loss_focal_1801ecd509,0.001,none,224,layer4_fc,focal,resnet18,imagenet,70,31,39,123,23,9,14,41,0.9130434782608696,0.9206349206349208,0.9214778503994192,0.8888888888888888,0.9285714285714286,0.8888888888888888,0.8888888888888888,0.8888888888888888,0.8860122561454773,13,1,1,8,6,20442
2,1,lr_1em03_sched_none_img_224_ft_layer3_layer4_fc_loss_weighted_cross_entropy_85e7d70c96,0.001,none,224,layer3_layer4_fc,weighted_cross_entropy,resnet18,imagenet,69,31,38,121,24,9,15,43,0.9166666666666666,0.9555555555555556,0.9328843995510662,1.0,0.8666666666666667,0.8181818181818182,1.0,0.9,0.1804613918066024,13,2,0,9,12,20142
2,2,lr_1em03_sched_none_img_224_ft_layer3_layer4_fc_loss_weighted_cross_entropy_85e7d70c96,0.001,none,224,layer3_layer4_fc,weighted_cross_entropy,resnet18,imagenet,70,30,40,121,23,10,13,43,0.782608695652174,0.8076923076923077,0.8106650212532566,0.5,1.0,1.0,0.5,0.6666666666666666,0.9991471767425536,13,0,5,5,1,20242
2,3,lr_1em03_sched_none_img_224_ft_layer3_layer4_fc_loss_weighted_cross_entropy_85e7d70c96,0.001,none,224,layer3_layer4_fc,weighted_cross_entropy,resnet18,imagenet,70,28,42,127,23,12,11,37,0.8260869565217391,0.8257575757575757,0.8477455414955416,0.9166666666666666,0.7272727272727273,0.7857142857142857,0.9166666666666666,0.8461538461538461,0.4332925975322723,8,3,1,11,8,20342
2,4,lr_1em03_sched_none_img_224_ft_layer3_layer4_fc_loss_weighted_cross_entropy_85e7d70c96,0.001,none,224,layer3_layer4_fc,weighted_cross_entropy,resnet18,imagenet,70,31,39,123,23,9,14,41,0.8260869565217391,0.8888888888888888,0.7934574684574685,1.0,0.7142857142857143,0.6923076923076923,1.0,0.8181818181818182,0.2232955396175384,10,4,0,9,9,20442
2,1,lr_1em03_sched_none_img_224_ft_layer3_layer4_fc_loss_focal_d5e4723b9f,0.001,none,224,layer3_layer4_fc,focal,resnet18,imagenet,69,31,38,121,24,9,15,43,0.875,0.9481481481481482,0.9253086419753086,1.0,0.8,0.75,1.0,0.8571428571428571,0.0188904535025358,12,3,0,9,4,20142
2,2,lr_1em03_sched_none_img_224_ft_layer3_layer4_fc_loss_focal_d5e4723b9f,0.001,none,224,layer3_layer4_fc,focal,resnet18,imagenet,70,30,40,121,23,10,13,43,0.9130434782608696,0.9230769230769232,0.9338235294117646,0.8,1.0,1.0,0.8,0.8888888888888888,0.4388800859451294,13,0,2,8,4,20242
2,3,lr_1em03_sched_none_img_224_ft_layer3_layer4_fc_loss_focal_d5e4723b9f,0.001,none,224,layer3_layer4_fc,focal,resnet18,imagenet,70,28,42,127,23,12,11,37,0.7391304347826086,0.7424242424242424,0.8188207696679565,0.5833333333333334,0.9090909090909092,0.875,0.5833333333333334,0.7,0.3656784296035766,10,1,5,7,7,20342
2,4,lr_1em03_sched_none_img_224_ft_layer3_layer4_fc_loss_focal_d5e4723b9f,0.001,none,224,layer3_layer4_fc,focal,resnet18,imagenet,70,31,39,123,23,9,14,41,0.9130434782608696,0.9404761904761906,0.8603535353535354,1.0,0.8571428571428571,0.8181818181818182,1.0,0.9,0.999687910079956,12,2,0,9,2,20442
2,1,lr_1em03_sched_none_img_224_ft_full_loss_weighted_cross_entropy_006105b93c,0.001,none,224,full,weighted_cross_entropy,resnet18,imagenet,69,31,38,121,24,9,15,43,0.8333333333333334,0.874074074074074,0.8328362995029661,0.8888888888888888,0.8,0.7272727272727273,0.8888888888888888,0.8,0.142411470413208,12,3,1,8,7,20142
2,2,lr_1em03_sched_none_img_224_ft_full_loss_weighted_cross_entropy_006105b93c,0.001,none,224,full,weighted_cross_entropy,resnet18,imagenet,70,30,40,121,23,10,13,43,0.9130434782608696,0.8769230769230769,0.9088815789473684,0.8,1.0,1.0,0.8,0.8888888888888888,0.1977784931659698,13,0,2,8,16,20242
2,3,lr_1em03_sched_none_img_224_ft_full_loss_weighted_cross_entropy_006105b93c,0.001,none,224,full,weighted_cross_entropy,resnet18,imagenet,70,28,42,127,23,12,11,37,0.7391304347826086,0.75,0.7575141293891294,0.75,0.7272727272727273,0.75,0.75,0.75,0.4795907735824585,8,3,3,9,1,20342
2,4,lr_1em03_sched_none_img_224_ft_full_loss_weighted_cross_entropy_006105b93c,0.001,none,224,full,weighted_cross_entropy,resnet18,imagenet,70,31,39,123,23,9,14,41,1.0,1.0,1.0000000000000002,1.0,1.0,1.0,1.0,1.0,5.67715414945269e-06,14,0,0,9,4,20442
2,1,lr_1em03_sched_none_img_224_ft_full_loss_focal_245c243886,0.001,none,224,full,focal,resnet18,imagenet,69,31,38,121,24,9,15,43,0.875,0.8666666666666667,0.7219474969474969,0.7777777777777778,0.9333333333333332,0.875,0.7777777777777778,0.8235294117647058,0.2367741614580154,14,1,2,7,14,20142
2,2,lr_1em03_sched_none_img_224_ft_full_loss_focal_245c243886,0.001,none,224,full,focal,resnet18,imagenet,70,30,40,121,23,10,13,43,0.7391304347826086,0.676923076923077,0.5897743922743923,1.0,0.5384615384615384,0.625,1.0,0.7692307692307693,0.517916738986969,7,6,0,10,1,20242
2,3,lr_1em03_sched_none_img_224_ft_full_loss_focal_245c243886,0.001,none,224,full,focal,resnet18,imagenet,70,28,42,127,23,12,11,37,0.782608695652174,0.7045454545454545,0.6759502072002072,0.8333333333333334,0.7272727272727273,0.7692307692307693,0.8333333333333334,0.8,0.3101517260074615,8,3,2,10,5,20342
2,4,lr_1em03_sched_none_img_224_ft_full_loss_focal_245c243886,0.001,none,224,full,focal,resnet18,imagenet,70,31,39,123,23,9,14,41,0.782608695652174,0.8333333333333334,0.7717864923747277,0.8888888888888888,0.7142857142857143,0.6666666666666666,0.8888888888888888,0.7619047619047619,5.5753702099536895e-08,10,4,1,8,2,20442
2,1,lr_1em03_sched_none_img_320_ft_fc_only_loss_weighted_cross_entropy_836cdb394a,0.001,none,320,fc_only,weighted_cross_entropy,resnet18,imagenet,69,31,38,121,24,9,15,43,0.875,0.8518518518518519,0.8757432181345225,0.7777777777777778,0.9333333333333332,0.875,0.7777777777777778,0.8235294117647058,0.3993308246135711,14,1,2,7,29,20142
2,2,lr_1em03_sched_none_img_320_ft_fc_only_loss_weighted_cross_entropy_836cdb394a,0.001,none,320,fc_only,weighted_cross_entropy,resnet18,imagenet,70,30,40,121,23,10,13,43,0.7391304347826086,0.6923076923076923,0.7400133485888634,0.7,0.7692307692307693,0.7,0.7,0.7,0.1752789169549942,10,3,3,7,12,20242
2,3,lr_1em03_sched_none_img_320_ft_fc_only_loss_weighted_cross_entropy_836cdb394a,0.001,none,320,fc_only,weighted_cross_entropy,resnet18,imagenet,70,28,42,127,23,12,11,37,0.782608695652174,0.6969696969696969,0.6841016622266622,0.8333333333333334,0.7272727272727273,0.7692307692307693,0.8333333333333334,0.8,0.3637109398841858,8,3,2,10,9,20342
2,4,lr_1em03_sched_none_img_320_ft_fc_only_loss_weighted_cross_entropy_836cdb394a,0.001,none,320,fc_only,weighted_cross_entropy,resnet18,imagenet,70,31,39,123,23,9,14,41,0.8260869565217391,0.7063492063492064,0.7548314339981008,0.5555555555555556,1.0,1.0,0.5555555555555556,0.7142857142857143,0.3669895529747009,14,0,4,5,26,20442
2,1,lr_1em03_sched_none_img_320_ft_fc_only_loss_focal_00c9594df0,0.001,none,320,fc_only,focal,resnet18,imagenet,69,31,38,121,24,9,15,43,0.7916666666666666,0.7407407407407407,0.7118091784758451,0.6666666666666666,0.8666666666666667,0.75,0.6666666666666666,0.7058823529411765,0.3594919443130493,13,2,3,6,14,20142
2,2,lr_1em03_sched_none_img_320_ft_fc_only_loss_focal_00c9594df0,0.001,none,320,fc_only,focal,resnet18,imagenet,70,30,40,121,23,10,13,43,0.7391304347826086,0.6615384615384615,0.7144259732878658,0.4,1.0,1.0,0.4,0.5714285714285714,0.6901266574859619,13,0,6,4,9,20242
2,3,lr_1em03_sched_none_img_320_ft_fc_only_loss_focal_00c9594df0,0.001,none,320,fc_only,focal,resnet18,imagenet,70,28,42,127,23,12,11,37,0.5652173913043478,0.5,0.565872261204742,0.25,0.9090909090909092,0.75,0.25,0.375,0.3071531951427459,10,1,9,3,9,20342
2,4,lr_1em03_sched_none_img_320_ft_fc_only_loss_focal_00c9594df0,0.001,none,320,fc_only,focal,resnet18,imagenet,70,31,39,123,23,9,14,41,0.782608695652174,0.6825396825396826,0.7124501043618692,0.5555555555555556,0.9285714285714286,0.8333333333333334,0.5555555555555556,0.6666666666666666,0.3759489953517914,13,1,4,5,22,20442
2,1,lr_1em03_sched_none_img_320_ft_layer4_fc_loss_weighted_cross_entropy_578e824dcb,0.001,none,320,layer4_fc,weighted_cross_entropy,resnet18,imagenet,69,31,38,121,24,9,15,43,0.9166666666666666,0.9481481481481482,0.9340828924162258,0.8888888888888888,0.9333333333333332,0.8888888888888888,0.8888888888888888,0.8888888888888888,0.994795024394989,14,1,1,8,4,20142
2,2,lr_1em03_sched_none_img_320_ft_layer4_fc_loss_weighted_cross_entropy_578e824dcb,0.001,none,320,layer4_fc,weighted_cross_entropy,resnet18,imagenet,70,30,40,121,23,10,13,43,0.7391304347826086,0.7153846153846154,0.7680112044817926,0.7,0.7692307692307693,0.7,0.7,0.7,0.6715211868286133,10,3,3,7,6,20242
2,3,lr_1em03_sched_none_img_320_ft_layer4_fc_loss_weighted_cross_entropy_578e824dcb,0.001,none,320,layer4_fc,weighted_cross_entropy,resnet18,imagenet,70,28,42,127,23,12,11,37,0.8695652173913043,0.8106060606060606,0.8001292487705531,0.9166666666666666,0.8181818181818182,0.8461538461538461,0.9166666666666666,0.88,0.4737671315670013,9,2,1,11,9,20342
2,4,lr_1em03_sched_none_img_320_ft_layer4_fc_loss_weighted_cross_entropy_578e824dcb,0.001,none,320,layer4_fc,weighted_cross_entropy,resnet18,imagenet,70,31,39,123,23,9,14,41,0.8695652173913043,0.9285714285714286,0.9194444444444444,0.8888888888888888,0.8571428571428571,0.8,0.8888888888888888,0.8421052631578947,0.4721308052539825,12,2,1,8,27,20442
2,1,lr_1em03_sched_none_img_320_ft_layer4_fc_loss_focal_e507192914,0.001,none,320,layer4_fc,focal,resnet18,imagenet,69,31,38,121,24,9,15,43,0.9166666666666666,0.9703703703703704,0.9598765432098764,0.8888888888888888,0.9333333333333332,0.8888888888888888,0.8888888888888888,0.8888888888888888,0.2427123188972473,14,1,1,8,4,20142
2,2,lr_1em03_sched_none_img_320_ft_layer4_fc_loss_focal_e507192914,0.001,none,320,layer4_fc,focal,resnet18,imagenet,70,30,40,121,23,10,13,43,0.782608695652174,0.7538461538461538,0.6410056610056609,0.9,0.6923076923076923,0.6923076923076923,0.9,0.782608695652174,0.4722754061222076,9,4,1,9,6,20242
2,3,lr_1em03_sched_none_img_320_ft_layer4_fc_loss_focal_e507192914,0.001,none,320,layer4_fc,focal,resnet18,imagenet,70,28,42,127,23,12,11,37,0.8695652173913043,0.8787878787878788,0.8958566409224303,0.9166666666666666,0.8181818181818182,0.8461538461538461,0.9166666666666666,0.88,0.4187268018722534,9,2,1,11,11,20342
2,4,lr_1em03_sched_none_img_320_ft_layer4_fc_loss_focal_e507192914,0.001,none,320,layer4_fc,focal,resnet18,imagenet,70,31,39,123,23,9,14,41,0.8695652173913043,0.8968253968253967,0.8317340067340069,0.7777777777777778,0.9285714285714286,0.875,0.7777777777777778,0.8235294117647058,0.5953403115272522,13,1,2,7,16,20442
2,1,lr_1em03_sched_none_img_320_ft_layer3_layer4_fc_loss_weighted_cross_entropy_65901fafb2,0.001,none,320,layer3_layer4_fc,weighted_cross_entropy,resnet18,imagenet,69,31,38,121,24,9,15,43,0.9583333333333334,0.977777777777778,0.9722222222222222,0.8888888888888888,1.0,1.0,0.8888888888888888,0.9411764705882352,0.999993085861206,15,0,1,8,2,20142
2,2,lr_1em03_sched_none_img_320_ft_layer3_layer4_fc_loss_weighted_cross_entropy_65901fafb2,0.001,none,320,layer3_layer4_fc,weighted_cross_entropy,resnet18,imagenet,70,30,40,121,23,10,13,43,0.8260869565217391,0.8307692307692308,0.7332142857142857,0.9,0.7692307692307693,0.75,0.9,0.8181818181818182,0.576563835144043,10,3,1,9,12,20242
2,3,lr_1em03_sched_none_img_320_ft_layer3_layer4_fc_loss_weighted_cross_entropy_65901fafb2,0.001,none,320,layer3_layer4_fc,weighted_cross_entropy,resnet18,imagenet,70,28,42,127,23,12,11,37,0.782608695652174,0.8560606060606061,0.8969834563584563,0.5833333333333334,1.0,1.0,0.5833333333333334,0.7368421052631579,0.1910138875246048,11,0,5,7,14,20342
2,4,lr_1em03_sched_none_img_320_ft_layer3_layer4_fc_loss_weighted_cross_entropy_65901fafb2,0.001,none,320,layer3_layer4_fc,weighted_cross_entropy,resnet18,imagenet,70,31,39,123,23,9,14,41,0.9130434782608696,0.9285714285714286,0.8615961199294533,0.8888888888888888,0.9285714285714286,0.8888888888888888,0.8888888888888888,0.8888888888888888,0.5297641754150391,13,1,1,8,8,20442
2,1,lr_1em03_sched_none_img_320_ft_layer3_layer4_fc_loss_focal_706f56cbf3,0.001,none,320,layer3_layer4_fc,focal,resnet18,imagenet,69,31,38,121,24,9,15,43,0.75,0.7222222222222222,0.5712361712361712,0.7777777777777778,0.7333333333333333,0.6363636363636364,0.7777777777777778,0.7,0.1677544265985489,11,4,2,7,1,20142
2,2,lr_1em03_sched_none_img_320_ft_layer3_layer4_fc_loss_focal_706f56cbf3,0.001,none,320,layer3_layer4_fc,focal,resnet18,imagenet,70,30,40,121,23,10,13,43,0.782608695652174,0.8076923076923077,0.7574238180120533,0.8,0.7692307692307693,0.7272727272727273,0.8,0.7619047619047619,0.3590289950370788,10,3,2,8,11,20242
2,3,lr_1em03_sched_none_img_320_ft_layer3_layer4_fc_loss_focal_706f56cbf3,0.001,none,320,layer3_layer4_fc,focal,resnet18,imagenet,70,28,42,127,23,12,11,37,0.8260869565217391,0.8712121212121212,0.882257326007326,0.9166666666666666,0.7272727272727273,0.7857142857142857,0.9166666666666666,0.8461538461538461,0.4907858669757843,8,3,1,11,6,20342
2,4,lr_1em03_sched_none_img_320_ft_layer3_layer4_fc_loss_focal_706f56cbf3,0.001,none,320,layer3_layer4_fc,focal,resnet18,imagenet,70,31,39,123,23,9,14,41,0.7391304347826086,0.8095238095238095,0.7703000703000704,0.8888888888888888,0.6428571428571429,0.6153846153846154,0.8888888888888888,0.7272727272727273,0.3871009349822998,9,5,1,8,14,20442
2,1,lr_1em03_sched_none_img_320_ft_full_loss_weighted_cross_entropy_fe6fdc5ff9,0.001,none,320,full,weighted_cross_entropy,resnet18,imagenet,69,31,38,121,24,9,15,43,0.7916666666666666,0.762962962962963,0.7364672364672364,0.5555555555555556,0.9333333333333332,0.8333333333333334,0.5555555555555556,0.6666666666666666,1.877770330338535e-07,14,1,4,5,1,20142
2,2,lr_1em03_sched_none_img_320_ft_full_loss_weighted_cross_entropy_fe6fdc5ff9,0.001,none,320,full,weighted_cross_entropy,resnet18,imagenet,70,30,40,121,23,10,13,43,0.6956521739130435,0.6,0.5572402159244264,0.8,0.6153846153846154,0.6153846153846154,0.8,0.6956521739130435,0.5326919555664062,8,5,2,8,3,20242
2,3,lr_1em03_sched_none_img_320_ft_full_loss_weighted_cross_entropy_fe6fdc5ff9,0.001,none,320,full,weighted_cross_entropy,resnet18,imagenet,70,28,42,127,23,12,11,37,0.8695652173913043,0.9015151515151516,0.905725061975062,0.9166666666666666,0.8181818181818182,0.8461538461538461,0.9166666666666666,0.88,0.2379550635814666,9,2,1,11,8,20342
2,4,lr_1em03_sched_none_img_320_ft_full_loss_weighted_cross_entropy_fe6fdc5ff9,0.001,none,320,full,weighted_cross_entropy,resnet18,imagenet,70,31,39,123,23,9,14,41,0.9130434782608696,0.9444444444444444,0.94320987654321,0.8888888888888888,0.9285714285714286,0.8888888888888888,0.8888888888888888,0.8888888888888888,0.494737833738327,13,1,1,8,4,20442
2,1,lr_1em03_sched_none_img_320_ft_full_loss_focal_7c6d6444f2,0.001,none,320,full,focal,resnet18,imagenet,69,31,38,121,24,9,15,43,0.875,0.8518518518518517,0.8572751322751323,0.7777777777777778,0.9333333333333332,0.875,0.7777777777777778,0.8235294117647058,0.4727290570735931,14,1,2,7,6,20142
2,2,lr_1em03_sched_none_img_320_ft_full_loss_focal_7c6d6444f2,0.001,none,320,full,focal,resnet18,imagenet,70,30,40,121,23,10,13,43,0.7391304347826086,0.8307692307692307,0.8134523809523809,1.0,0.5384615384615384,0.625,1.0,0.7692307692307693,0.0003209129499737,7,6,0,10,1,20242
2,3,lr_1em03_sched_none_img_320_ft_full_loss_focal_7c6d6444f2,0.001,none,320,full,focal,resnet18,imagenet,70,28,42,127,23,12,11,37,0.782608695652174,0.7424242424242424,0.7598395555203336,0.75,0.8181818181818182,0.8181818181818182,0.75,0.782608695652174,0.4499525427818298,9,2,3,9,10,20342
2,4,lr_1em03_sched_none_img_320_ft_full_loss_focal_7c6d6444f2,0.001,none,320,full,focal,resnet18,imagenet,70,31,39,123,23,9,14,41,0.782608695652174,0.8571428571428571,0.8511303511303512,0.8888888888888888,0.7142857142857143,0.6666666666666666,0.8888888888888888,0.7619047619047619,0.0001493126910645,10,4,1,8,1,20442
3,1,lr_1em05_sched_step_img_224_ft_fc_only_loss_weighted_cross_entropy_e744e19af3,1e-05,step,224,fc_only,weighted_cross_entropy,resnet18,imagenet,70,28,42,125,24,12,12,41,0.625,0.5069444444444445,0.5633177166307466,0.4166666666666667,0.8333333333333334,0.7142857142857143,0.4166666666666667,0.5263157894736842,0.7468692064285278,10,2,7,5,1,30142
3,2,lr_1em05_sched_step_img_224_ft_fc_only_loss_weighted_cross_entropy_e744e19af3,1e-05,step,224,fc_only,weighted_cross_entropy,resnet18,imagenet,70,31,39,122,24,9,15,44,0.7083333333333334,0.6666666666666666,0.4876308876308876,0.8888888888888888,0.6,0.5714285714285714,0.8888888888888888,0.6956521739130435,0.4291042983531952,9,6,1,8,1,30242
3,3,lr_1em05_sched_step_img_224_ft_fc_only_loss_weighted_cross_entropy_e744e19af3,1e-05,step,224,fc_only,weighted_cross_entropy,resnet18,imagenet,71,30,41,124,23,10,13,42,0.7391304347826086,0.6076923076923076,0.6386659663865546,0.5,0.9230769230769232,0.8333333333333334,0.5,0.625,0.4998381435871124,12,1,5,5,24,30342
3,4,lr_1em05_sched_step_img_224_ft_fc_only_loss_weighted_cross_entropy_e744e19af3,1e-05,step,224,fc_only,weighted_cross_entropy,resnet18,imagenet,71,31,40,127,23,9,14,39,0.391304347826087,0.3095238095238095,0.3215280538316389,1.0,0.0,0.391304347826087,1.0,0.5625,0.0984630435705185,0,14,0,9,4,30442
3,1,lr_1em05_sched_step_img_224_ft_fc_only_loss_focal_7d44ac8191,1e-05,step,224,fc_only,focal,resnet18,imagenet,70,28,42,125,24,12,12,41,0.625,0.5,0.5611247341746063,0.4166666666666667,0.8333333333333334,0.7142857142857143,0.4166666666666667,0.5263157894736842,0.7435849905014038,10,2,7,5,1,30142
3,2,lr_1em05_sched_step_img_224_ft_fc_only_loss_focal_7d44ac8191,1e-05,step,224,fc_only,focal,resnet18,imagenet,70,31,39,122,24,9,15,44,0.7083333333333334,0.6666666666666666,0.4876308876308876,0.8888888888888888,0.6,0.5714285714285714,0.8888888888888888,0.6956521739130435,0.4288981854915619,9,6,1,8,1,30242
3,3,lr_1em05_sched_step_img_224_ft_fc_only_loss_focal_7d44ac8191,1e-05,step,224,fc_only,focal,resnet18,imagenet,71,30,41,124,23,10,13,42,0.7391304347826086,0.5923076923076923,0.5866896818015744,0.5,0.9230769230769232,0.8333333333333334,0.5,0.625,0.5406305193901062,12,1,5,5,13,30342
3,4,lr_1em05_sched_step_img_224_ft_fc_only_loss_focal_7d44ac8191,1e-05,step,224,fc_only,focal,resnet18,imagenet,71,31,40,127,23,9,14,39,0.391304347826087,0.3095238095238095,0.3215280538316389,1.0,0.0,0.391304347826087,1.0,0.5625,0.0976500213146209,0,14,0,9,4,30442
3,1,lr_1em05_sched_step_img_224_ft_layer4_fc_loss_weighted_cross_entropy_091065855a,1e-05,step,224,layer4_fc,weighted_cross_entropy,resnet18,imagenet,70,28,42,125,24,12,12,41,0.8333333333333334,0.7777777777777777,0.7186570374070373,0.9166666666666666,0.75,0.7857142857142857,0.9166666666666666,0.8461538461538461,0.6717110276222229,9,3,1,11,29,30142
3,2,lr_1em05_sched_step_img_224_ft_layer4_fc_loss_weighted_cross_entropy_091065855a,1e-05,step,224,layer4_fc,weighted_cross_entropy,resnet18,imagenet,70,31,39,122,24,9,15,44,0.6666666666666666,0.6962962962962963,0.5276421109754443,0.8888888888888888,0.5333333333333333,0.5333333333333333,0.8888888888888888,0.6666666666666666,0.4151231348514557,8,7,1,8,1,30242
3,3,lr_1em05_sched_step_img_224_ft_layer4_fc_loss_weighted_cross_entropy_091065855a,1e-05,step,224,layer4_fc,weighted_cross_entropy,resnet18,imagenet,71,30,41,124,23,10,13,42,0.7391304347826086,0.8,0.80253663003663,1.0,0.5384615384615384,0.625,1.0,0.7692307692307693,0.2981350421905517,7,6,0,10,29,30342
3,4,lr_1em05_sched_step_img_224_ft_layer4_fc_loss_weighted_cross_entropy_091065855a,1e-05,step,224,layer4_fc,weighted_cross_entropy,resnet18,imagenet,71,31,40,127,23,9,14,39,0.782608695652174,0.5952380952380952,0.6752477259723637,0.4444444444444444,1.0,1.0,0.4444444444444444,0.6153846153846154,0.4503385722637176,14,0,5,4,24,30442
3,1,lr_1em05_sched_step_img_224_ft_layer4_fc_loss_focal_862eb530de,1e-05,step,224,layer4_fc,focal,resnet18,imagenet,70,28,42,125,24,12,12,41,0.7083333333333334,0.6944444444444444,0.6368034528251246,0.9166666666666666,0.5,0.6470588235294118,0.9166666666666666,0.7586206896551724,0.6040199398994446,6,6,1,11,21,30142
3,2,lr_1em05_sched_step_img_224_ft_layer4_fc_loss_focal_862eb530de,1e-05,step,224,layer4_fc,focal,resnet18,imagenet,70,31,39,122,24,9,15,44,0.7083333333333334,0.6888888888888889,0.5117283950617284,0.7777777777777778,0.6666666666666666,0.5833333333333334,0.7777777777777778,0.6666666666666666,0.4315597414970398,10,5,2,7,1,30242
3,3,lr_1em05_sched_step_img_224_ft_layer4_fc_loss_focal_862eb530de,1e-05,step,224,layer4_fc,focal,resnet18,imagenet,71,30,41,124,23,10,13,42,0.782608695652174,0.7230769230769231,0.7523809523809523,0.6,0.9230769230769232,0.8571428571428571,0.6,0.7058823529411765,0.4537780880928039,12,1,4,6,27,30342
3,4,lr_1em05_sched_step_img_224_ft_layer4_fc_loss_focal_862eb530de,1e-05,step,224,layer4_fc,focal,resnet18,imagenet,71,31,40,127,23,9,14,39,0.5652173913043478,0.5396825396825398,0.5166865340778384,0.7777777777777778,0.4285714285714285,0.4666666666666667,0.7777777777777778,0.5833333333333334,0.3365661799907684,6,8,2,7,11,30442
3,1,lr_1em05_sched_step_img_224_ft_layer3_layer4_fc_loss_weighted_cross_entropy_2ad1b25df8,1e-05,step,224,layer3_layer4_fc,weighted_cross_entropy,resnet18,imagenet,70,28,42,125,24,12,12,41,0.75,0.7013888888888888,0.6256892413142412,0.9166666666666666,0.5833333333333334,0.6875,0.9166666666666666,0.7857142857142857,0.6053163409233093,7,5,1,11,21,30142
3,2,lr_1em05_sched_step_img_224_ft_layer3_layer4_fc_loss_weighted_cross_entropy_2ad1b25df8,1e-05,step,224,layer3_layer4_fc,weighted_cross_entropy,resnet18,imagenet,70,31,39,122,24,9,15,44,0.7083333333333334,0.6888888888888889,0.5080487413820748,0.7777777777777778,0.6666666666666666,0.5833333333333334,0.7777777777777778,0.6666666666666666,0.4359495341777801,10,5,2,7,1,30242
3,3,lr_1em05_sched_step_img_224_ft_layer3_layer4_fc_loss_weighted_cross_entropy_2ad1b25df8,1e-05,step,224,layer3_layer4_fc,weighted_cross_entropy,resnet18,imagenet,71,30,41,124,23,10,13,42,0.782608695652174,0.7692307692307692,0.7248717948717948,0.6,0.9230769230769232,0.8571428571428571,0.6,0.7058823529411765,0.4292509257793426,12,1,4,6,29,30342
3,4,lr_1em05_sched_step_img_224_ft_layer3_layer4_fc_loss_weighted_cross_entropy_2ad1b25df8,1e-05,step,224,layer3_layer4_fc,weighted_cross_entropy,resnet18,imagenet,71,31,40,127,23,9,14,39,0.782608695652174,0.6507936507936508,0.7062167569413946,0.4444444444444444,1.0,1.0,0.4444444444444444,0.6153846153846154,0.4587000906467438,14,0,5,4,30,30442
3,1,lr_1em05_sched_step_img_224_ft_layer3_layer4_fc_loss_focal_ac42961866,1e-05,step,224,layer3_layer4_fc,focal,resnet18,imagenet,70,28,42,125,24,12,12,41,0.75,0.7222222222222222,0.6450976107226107,1.0,0.5,0.6666666666666666,1.0,0.8,0.6498172879219055,6,6,0,12,11,30142
3,2,lr_1em05_sched_step_img_224_ft_layer3_layer4_fc_loss_focal_ac42961866,1e-05,step,224,layer3_layer4_fc,focal,resnet18,imagenet,70,31,39,122,24,9,15,44,0.75,0.711111111111111,0.522633182282305,0.7777777777777778,0.7333333333333333,0.6363636363636364,0.7777777777777778,0.7,0.4409521818161011,11,4,2,7,1,30242
3,3,lr_1em05_sched_step_img_224_ft_layer3_layer4_fc_loss_focal_ac42961866,1e-05,step,224,layer3_layer4_fc,focal,resnet18,imagenet,71,30,41,124,23,10,13,42,0.7391304347826086,0.7153846153846153,0.6884967320261437,0.6,0.8461538461538461,0.75,0.6,0.6666666666666666,0.4219067096710205,11,2,4,6,14,30342
3,4,lr_1em05_sched_step_img_224_ft_layer3_layer4_fc_loss_focal_ac42961866,1e-05,step,224,layer3_layer4_fc,focal,resnet18,imagenet,71,31,40,127,23,9,14,39,0.6521739130434783,0.5396825396825398,0.5247813713393423,0.2222222222222222,0.9285714285714286,0.6666666666666666,0.2222222222222222,0.3333333333333333,0.5437497496604919,13,1,7,2,11,30442
3,1,lr_1em05_sched_step_img_224_ft_full_loss_weighted_cross_entropy_98beac15b4,1e-05,step,224,full,weighted_cross_entropy,resnet18,imagenet,70,28,42,125,24,12,12,41,0.8333333333333334,0.7777777777777778,0.716229092544882,0.9166666666666666,0.75,0.7857142857142857,0.9166666666666666,0.8461538461538461,0.6246978044509888,9,3,1,11,25,30142
3,2,lr_1em05_sched_step_img_224_ft_full_loss_weighted_cross_entropy_98beac15b4,1e-05,step,224,full,weighted_cross_entropy,resnet18,imagenet,70,31,39,122,24,9,15,44,0.75,0.7111111111111111,0.5306335639668973,0.8888888888888888,0.6666666666666666,0.6153846153846154,0.8888888888888888,0.7272727272727273,0.4236343502998352,10,5,1,8,1,30242
3,3,lr_1em05_sched_step_img_224_ft_full_loss_weighted_cross_entropy_98beac15b4,1e-05,step,224,full,weighted_cross_entropy,resnet18,imagenet,71,30,41,124,23,10,13,42,0.7391304347826086,0.7461538461538462,0.7347744360902254,0.7,0.7692307692307693,0.7,0.7,0.7,0.3770716488361358,10,3,3,7,23,30342
3,4,lr_1em05_sched_step_img_224_ft_full_loss_weighted_cross_entropy_98beac15b4,1e-05,step,224,full,weighted_cross_entropy,resnet18,imagenet,71,31,40,127,23,9,14,39,0.782608695652174,0.6190476190476191,0.6866881374127751,0.4444444444444444,1.0,1.0,0.4444444444444444,0.6153846153846154,0.4493600726127624,14,0,5,4,26,30442
3,1,lr_1em05_sched_step_img_224_ft_full_loss_focal_e7ad1ca13a,1e-05,step,224,full,focal,resnet18,imagenet,70,28,42,125,24,12,12,41,0.7916666666666666,0.7222222222222222,0.6773405107963931,0.8333333333333334,0.75,0.7692307692307693,0.8333333333333334,0.8,0.6541616320610046,9,3,2,10,17,30142
3,2,lr_1em05_sched_step_img_224_ft_full_loss_focal_e7ad1ca13a,1e-05,step,224,full,focal,resnet18,imagenet,70,31,39,122,24,9,15,44,0.7083333333333334,0.7111111111111111,0.5393097643097642,0.8888888888888888,0.6,0.5714285714285714,0.8888888888888888,0.6956521739130435,0.4305712282657623,9,6,1,8,1,30242
3,3,lr_1em05_sched_step_img_224_ft_full_loss_focal_e7ad1ca13a,1e-05,step,224,full,focal,resnet18,imagenet,71,30,41,124,23,10,13,42,0.782608695652174,0.7923076923076923,0.6878008021390374,0.8,0.7692307692307693,0.7272727272727273,0.8,0.7619047619047619,0.3672660291194916,10,3,2,8,25,30342
3,4,lr_1em05_sched_step_img_224_ft_full_loss_focal_e7ad1ca13a,1e-05,step,224,full,focal,resnet18,imagenet,71,31,40,127,23,9,14,39,0.6956521739130435,0.5634920634920635,0.5760301426968093,0.2222222222222222,1.0,1.0,0.2222222222222222,0.3636363636363636,0.5141510367393494,14,0,7,2,12,30442
3,1,lr_1em05_sched_step_img_320_ft_fc_only_loss_weighted_cross_entropy_ba27b92124,1e-05,step,320,fc_only,weighted_cross_entropy,resnet18,imagenet,70,28,42,125,24,12,12,41,0.625,0.5416666666666666,0.5721853511175762,0.75,0.5,0.6,0.75,0.6666666666666666,0.6875767111778259,6,6,3,9,1,30142
3,2,lr_1em05_sched_step_img_320_ft_fc_only_loss_weighted_cross_entropy_ba27b92124,1e-05,step,320,fc_only,weighted_cross_entropy,resnet18,imagenet,70,31,39,122,24,9,15,44,0.7083333333333334,0.5777777777777777,0.5552066559312936,0.3333333333333333,0.9333333333333332,0.75,0.3333333333333333,0.4615384615384615,0.5788655281066895,14,1,6,3,2,30242
3,3,lr_1em05_sched_step_img_320_ft_fc_only_loss_weighted_cross_entropy_ba27b92124,1e-05,step,320,fc_only,weighted_cross_entropy,resnet18,imagenet,71,30,41,124,23,10,13,42,0.6956521739130435,0.6461538461538462,0.6746303258145363,0.3,1.0,1.0,0.3,0.4615384615384615,0.6726845502853394,13,0,7,3,4,30342
3,4,lr_1em05_sched_step_img_320_ft_fc_only_loss_weighted_cross_entropy_ba27b92124,1e-05,step,320,fc_only,weighted_cross_entropy,resnet18,imagenet,71,31,40,127,23,9,14,39,0.6956521739130435,0.626984126984127,0.6571863321863323,0.5555555555555556,0.7857142857142857,0.625,0.5555555555555556,0.5882352941176471,0.3685110211372375,11,3,4,5,1,30442
3,1,lr_1em05_sched_step_img_320_ft_fc_only_loss_focal_d49e6a8277,1e-05,step,320,fc_only,focal,resnet18,imagenet,70,28,42,125,24,12,12,41,0.625,0.5416666666666666,0.5721853511175762,0.75,0.5,0.6,0.75,0.6666666666666666,0.6849385499954224,6,6,3,9,1,30142
3,2,lr_1em05_sched_step_img_320_ft_fc_only_loss_focal_d49e6a8277,1e-05,step,320,fc_only,focal,resnet18,imagenet,70,31,39,122,24,9,15,44,0.7083333333333334,0.5777777777777777,0.5552066559312936,0.3333333333333333,0.9333333333333332,0.75,0.3333333333333333,0.4615384615384615,0.5869774222373962,14,1,6,3,2,30242
3,3,lr_1em05_sched_step_img_320_ft_fc_only_loss_focal_d49e6a8277,1e-05,step,320,fc_only,focal,resnet18,imagenet,71,30,41,124,23,10,13,42,0.6956521739130435,0.6384615384615384,0.6676858813700919,0.3,1.0,1.0,0.3,0.4615384615384615,0.6891535520553589,13,0,7,3,4,30342
3,4,lr_1em05_sched_step_img_320_ft_fc_only_loss_focal_d49e6a8277,1e-05,step,320,fc_only,focal,resnet18,imagenet,71,31,40,127,23,9,14,39,0.6956521739130435,0.626984126984127,0.6571863321863323,0.5555555555555556,0.7857142857142857,0.625,0.5555555555555556,0.5882352941176471,0.3729884624481201,11,3,4,5,1,30442
3,1,lr_1em05_sched_step_img_320_ft_layer4_fc_loss_weighted_cross_entropy_ca78caaccc,1e-05,step,320,layer4_fc,weighted_cross_entropy,resnet18,imagenet,70,28,42,125,24,12,12,41,0.75,0.7152777777777777,0.6954722292957587,0.75,0.75,0.75,0.75,0.75,0.6983188986778259,9,3,3,9,19,30142
3,2,lr_1em05_sched_step_img_320_ft_layer4_fc_loss_weighted_cross_entropy_ca78caaccc,1e-05,step,320,layer4_fc,weighted_cross_entropy,resnet18,imagenet,70,31,39,122,24,9,15,44,0.625,0.6666666666666667,0.6182301268085582,1.0,0.4,0.5,1.0,0.6666666666666666,0.3691851496696472,6,9,0,9,3,30242
3,3,lr_1em05_sched_step_img_320_ft_layer4_fc_loss_weighted_cross_entropy_ca78caaccc,1e-05,step,320,layer4_fc,weighted_cross_entropy,resnet18,imagenet,71,30,41,124,23,10,13,42,0.8260869565217391,0.8615384615384616,0.8675135975135975,0.6,1.0,1.0,0.6,0.75,0.4993801712989807,13,0,4,6,27,30342
3,4,lr_1em05_sched_step_img_320_ft_layer4_fc_loss_weighted_cross_entropy_ca78caaccc,1e-05,step,320,layer4_fc,weighted_cross_entropy,resnet18,imagenet,71,31,40,127,23,9,14,39,0.8260869565217391,0.753968253968254,0.7998578461965191,0.5555555555555556,1.0,1.0,0.5555555555555556,0.7142857142857143,0.4556897282600403,14,0,4,5,7,30442
3,1,lr_1em05_sched_step_img_320_ft_layer4_fc_loss_focal_e098405847,1e-05,step,320,layer4_fc,focal,resnet18,imagenet,70,28,42,125,24,12,12,41,0.75,0.7013888888888888,0.6924916457811194,0.6666666666666666,0.8333333333333334,0.8,0.6666666666666666,0.7272727272727273,0.6566578149795532,10,2,4,8,29,30142
3,2,lr_1em05_sched_step_img_320_ft_layer4_fc_loss_focal_e098405847,1e-05,step,320,layer4_fc,focal,resnet18,imagenet,70,31,39,122,24,9,15,44,0.75,0.6296296296296295,0.6388995234734902,0.3333333333333333,1.0,1.0,0.3333333333333333,0.5,0.5493711829185486,15,0,6,3,2,30242
3,3,lr_1em05_sched_step_img_320_ft_layer4_fc_loss_focal_e098405847,1e-05,step,320,layer4_fc,focal,resnet18,imagenet,71,30,41,124,23,10,13,42,0.8260869565217391,0.8692307692307693,0.862265087853323,0.9,0.7692307692307693,0.75,0.9,0.8181818181818182,0.4752284586429596,10,3,1,9,26,30342
3,4,lr_1em05_sched_step_img_320_ft_layer4_fc_loss_focal_e098405847,1e-05,step,320,layer4_fc,focal,resnet18,imagenet,71,31,40,127,23,9,14,39,0.782608695652174,0.6984126984126984,0.7436972059779079,0.5555555555555556,0.9285714285714286,0.8333333333333334,0.5555555555555556,0.6666666666666666,0.481975644826889,13,1,4,5,9,30442
3,1,lr_1em05_sched_step_img_320_ft_layer3_layer4_fc_loss_weighted_cross_entropy_a07a8610a4,1e-05,step,320,layer3_layer4_fc,weighted_cross_entropy,resnet18,imagenet,70,28,42,125,24,12,12,41,0.7916666666666666,0.763888888888889,0.7646209054103791,0.8333333333333334,0.75,0.7692307692307693,0.8333333333333334,0.8,0.6163458824157715,9,3,2,10,16,30142
3,2,lr_1em05_sched_step_img_320_ft_layer3_layer4_fc_loss_weighted_cross_entropy_a07a8610a4,1e-05,step,320,layer3_layer4_fc,weighted_cross_entropy,resnet18,imagenet,70,31,39,122,24,9,15,44,0.75,0.637037037037037,0.6379898051724676,0.3333333333333333,1.0,1.0,0.3333333333333333,0.5,0.5657346248626709,15,0,6,3,2,30242
3,3,lr_1em05_sched_step_img_320_ft_layer3_layer4_fc_loss_weighted_cross_entropy_a07a8610a4,1e-05,step,320,layer3_layer4_fc,weighted_cross_entropy,resnet18,imagenet,71,30,41,124,23,10,13,42,0.8695652173913043,0.9153846153846154,0.9262626262626262,0.9,0.8461538461538461,0.8181818181818182,0.9,0.8571428571428571,0.4782487154006958,11,2,1,9,30,30342
3,4,lr_1em05_sched_step_img_320_ft_layer3_layer4_fc_loss_weighted_cross_entropy_a07a8610a4,1e-05,step,320,layer3_layer4_fc,weighted_cross_entropy,resnet18,imagenet,71,31,40,127,23,9,14,39,0.8260869565217391,0.7619047619047619,0.7961025429056121,0.5555555555555556,1.0,1.0,0.5555555555555556,0.7142857142857143,0.4419807493686676,14,0,4,5,8,30442
3,1,lr_1em05_sched_step_img_320_ft_layer3_layer4_fc_loss_focal_f0fa6a864c,1e-05,step,320,layer3_layer4_fc,focal,resnet18,imagenet,70,28,42,125,24,12,12,41,0.7083333333333334,0.7083333333333334,0.7129412254412254,0.75,0.6666666666666666,0.6923076923076923,0.75,0.72,0.6167068481445312,8,4,3,9,17,30142
3,2,lr_1em05_sched_step_img_320_ft_layer3_layer4_fc_loss_focal_f0fa6a864c,1e-05,step,320,layer3_layer4_fc,focal,resnet18,imagenet,70,31,39,122,24,9,15,44,0.75,0.7407407407407407,0.574013949013949,0.7777777777777778,0.7333333333333333,0.6363636363636364,0.7777777777777778,0.7,0.4111761748790741,11,4,2,7,11,30242
3,3,lr_1em05_sched_step_img_320_ft_layer3_layer4_fc_loss_focal_f0fa6a864c,1e-05,step,320,layer3_layer4_fc,focal,resnet18,imagenet,71,30,41,124,23,10,13,42,0.782608695652174,0.8538461538461539,0.8474987430869784,0.9,0.6923076923076923,0.6923076923076923,0.9,0.782608695652174,0.4445270299911499,9,4,1,9,23,30342
3,4,lr_1em05_sched_step_img_320_ft_layer3_layer4_fc_loss_focal_f0fa6a864c,1e-05,step,320,layer3_layer4_fc,focal,resnet18,imagenet,71,31,40,127,23,9,14,39,0.782608695652174,0.7142857142857142,0.7458999132912179,0.6666666666666666,0.8571428571428571,0.75,0.6666666666666666,0.7058823529411765,0.4682750999927521,12,2,3,6,7,30442
3,1,lr_1em05_sched_step_img_320_ft_full_loss_weighted_cross_entropy_d9bbe53e91,1e-05,step,320,full,weighted_cross_entropy,resnet18,imagenet,70,28,42,125,24,12,12,41,0.75,0.7569444444444444,0.7483569943128766,0.75,0.75,0.75,0.75,0.75,0.6452620625495911,9,3,3,9,11,30142
3,2,lr_1em05_sched_step_img_320_ft_full_loss_weighted_cross_entropy_d9bbe53e91,1e-05,step,320,full,weighted_cross_entropy,resnet18,imagenet,70,31,39,122,24,9,15,44,0.7083333333333334,0.7259259259259259,0.558109483109483,0.8888888888888888,0.6,0.5714285714285714,0.8888888888888888,0.6956521739130435,0.2801434099674225,9,6,1,8,21,30242
3,3,lr_1em05_sched_step_img_320_ft_full_loss_weighted_cross_entropy_d9bbe53e91,1e-05,step,320,full,weighted_cross_entropy,resnet18,imagenet,71,30,41,124,23,10,13,42,0.8695652173913043,0.9,0.8959267040149392,0.8,0.9230769230769232,0.8888888888888888,0.8,0.8421052631578947,0.4642772078514099,12,1,2,8,29,30342
3,4,lr_1em05_sched_step_img_320_ft_full_loss_weighted_cross_entropy_d9bbe53e91,1e-05,step,320,full,weighted_cross_entropy,resnet18,imagenet,71,31,40,127,23,9,14,39,0.8260869565217391,0.6984126984126985,0.7464466089466091,0.6666666666666666,0.9285714285714286,0.8571428571428571,0.6666666666666666,0.75,0.4415091872215271,13,1,3,6,18,30442
3,1,lr_1em05_sched_step_img_320_ft_full_loss_focal_0357c79945,1e-05,step,320,full,focal,resnet18,imagenet,70,28,42,125,24,12,12,41,0.75,0.7291666666666667,0.7116376192034086,0.8333333333333334,0.6666666666666666,0.7142857142857143,0.8333333333333334,0.7692307692307693,0.6682569980621338,8,4,2,10,17,30142
3,2,lr_1em05_sched_step_img_320_ft_full_loss_focal_0357c79945,1e-05,step,320,full,focal,resnet18,imagenet,70,31,39,122,24,9,15,44,0.75,0.7185185185185186,0.5897144321057364,0.7777777777777778,0.7333333333333333,0.6363636363636364,0.7777777777777778,0.7,0.3620427250862121,11,4,2,7,30,30242
3,3,lr_1em05_sched_step_img_320_ft_full_loss_focal_0357c79945,1e-05,step,320,full,focal,resnet18,imagenet,71,30,41,124,23,10,13,42,0.8695652173913043,0.8769230769230769,0.8709973798131693,0.9,0.8461538461538461,0.8181818181818182,0.9,0.8571428571428571,0.4233162105083465,11,2,1,9,20,30342
3,4,lr_1em05_sched_step_img_320_ft_full_loss_focal_0357c79945,1e-05,step,320,full,focal,resnet18,imagenet,71,31,40,127,23,9,14,39,0.8260869565217391,0.6904761904761905,0.7522921522921524,0.5555555555555556,1.0,1.0,0.5555555555555556,0.7142857142857143,0.5284112095832825,14,0,4,5,8,30442
3,1,lr_1em05_sched_cosine_img_224_ft_fc_only_loss_weighted_cross_entropy_a94de4024a,1e-05,cosine,224,fc_only,weighted_cross_entropy,resnet18,imagenet,70,28,42,125,24,12,12,41,0.625,0.5,0.5611247341746063,0.4166666666666667,0.8333333333333334,0.7142857142857143,0.4166666666666667,0.5263157894736842,0.7437267303466797,10,2,7,5,1,30142
3,2,lr_1em05_sched_cosine_img_224_ft_fc_only_loss_weighted_cross_entropy_a94de4024a,1e-05,cosine,224,fc_only,weighted_cross_entropy,resnet18,imagenet,70,31,39,122,24,9,15,44,0.7083333333333334,0.6666666666666666,0.4876308876308876,0.8888888888888888,0.6,0.5714285714285714,0.8888888888888888,0.6956521739130435,0.4251402914524078,9,6,1,8,1,30242
3,3,lr_1em05_sched_cosine_img_224_ft_fc_only_loss_weighted_cross_entropy_a94de4024a,1e-05,cosine,224,fc_only,weighted_cross_entropy,resnet18,imagenet,71,30,41,124,23,10,13,42,0.7391304347826086,0.6076923076923076,0.6386659663865546,0.5,0.9230769230769232,0.8333333333333334,0.5,0.625,0.5161523818969727,12,1,5,5,24,30342
3,4,lr_1em05_sched_cosine_img_224_ft_fc_only_loss_weighted_cross_entropy_a94de4024a,1e-05,cosine,224,fc_only,weighted_cross_entropy,resnet18,imagenet,71,31,40,127,23,9,14,39,0.391304347826087,0.3095238095238095,0.3215280538316389,1.0,0.0,0.391304347826087,1.0,0.5625,0.094144083559513,0,14,0,9,4,30442
3,1,lr_1em05_sched_cosine_img_224_ft_fc_only_loss_focal_69cc1d1fb6,1e-05,cosine,224,fc_only,focal,resnet18,imagenet,70,28,42,125,24,12,12,41,0.625,0.5,0.5611247341746063,0.4166666666666667,0.8333333333333334,0.7142857142857143,0.4166666666666667,0.5263157894736842,0.7411593198776245,10,2,7,5,1,30142
3,2,lr_1em05_sched_cosine_img_224_ft_fc_only_loss_focal_69cc1d1fb6,1e-05,cosine,224,fc_only,focal,resnet18,imagenet,70,31,39,122,24,9,15,44,0.7083333333333334,0.6666666666666666,0.4876308876308876,0.8888888888888888,0.6,0.5714285714285714,0.8888888888888888,0.6956521739130435,0.4307555258274078,9,6,1,8,1,30242
3,3,lr_1em05_sched_cosine_img_224_ft_fc_only_loss_focal_69cc1d1fb6,1e-05,cosine,224,fc_only,focal,resnet18,imagenet,71,30,41,124,23,10,13,42,0.7391304347826086,0.6076923076923076,0.6386659663865546,0.5,0.9230769230769232,0.8333333333333334,0.5,0.625,0.5176442265510559,12,1,5,5,24,30342
3,4,lr_1em05_sched_cosine_img_224_ft_fc_only_loss_focal_69cc1d1fb6,1e-05,cosine,224,fc_only,focal,resnet18,imagenet,71,31,40,127,23,9,14,39,0.391304347826087,0.3095238095238095,0.3215280538316389,1.0,0.0,0.391304347826087,1.0,0.5625,0.0928872674703598,0,14,0,9,4,30442
3,1,lr_1em05_sched_cosine_img_224_ft_layer4_fc_loss_weighted_cross_entropy_f48c4e7772,1e-05,cosine,224,layer4_fc,weighted_cross_entropy,resnet18,imagenet,70,28,42,125,24,12,12,41,0.75,0.7152777777777778,0.6526762861321684,0.8333333333333334,0.6666666666666666,0.7142857142857143,0.8333333333333334,0.7692307692307693,0.6952370405197144,8,4,2,10,12,30142
3,2,lr_1em05_sched_cosine_img_224_ft_layer4_fc_loss_weighted_cross_entropy_f48c4e7772,1e-05,cosine,224,layer4_fc,weighted_cross_entropy,resnet18,imagenet,70,31,39,122,24,9,15,44,0.7916666666666666,0.7185185185185186,0.5237053070386404,0.8888888888888888,0.7333333333333333,0.6666666666666666,0.8888888888888888,0.7619047619047619,0.4186466932296753,11,4,1,8,1,30242
3,3,lr_1em05_sched_cosine_img_224_ft_layer4_fc_loss_weighted_cross_entropy_f48c4e7772,1e-05,cosine,224,layer4_fc,weighted_cross_entropy,resnet18,imagenet,71,30,41,124,23,10,13,42,0.782608695652174,0.8076923076923077,0.8092959736342088,0.6,0.9230769230769232,0.8571428571428571,0.6,0.7058823529411765,0.4687744379043579,12,1,4,6,27,30342
3,4,lr_1em05_sched_cosine_img_224_ft_layer4_fc_loss_weighted_cross_entropy_f48c4e7772,1e-05,cosine,224,layer4_fc,weighted_cross_entropy,resnet18,imagenet,71,31,40,127,23,9,14,39,0.6086956521739131,0.4285714285714285,0.4078589094607401,0.4444444444444444,0.7142857142857143,0.5,0.4444444444444444,0.4705882352941176,0.38587486743927,10,4,5,4,10,30442
3,1,lr_1em05_sched_cosine_img_224_ft_layer4_fc_loss_focal_e2d1df9234,1e-05,cosine,224,layer4_fc,focal,resnet18,imagenet,70,28,42,125,24,12,12,41,0.7083333333333334,0.6944444444444444,0.6422040922040921,0.75,0.6666666666666666,0.6923076923076923,0.75,0.72,0.7233114838600159,8,4,3,9,11,30142
3,2,lr_1em05_sched_cosine_img_224_ft_layer4_fc_loss_focal_e2d1df9234,1e-05,cosine,224,layer4_fc,focal,resnet18,imagenet,70,31,39,122,24,9,15,44,0.6666666666666666,0.6666666666666666,0.5100092607338984,0.8888888888888888,0.5333333333333333,0.5333333333333333,0.8888888888888888,0.6666666666666666,0.4056363403797149,8,7,1,8,1,30242
3,3,lr_1em05_sched_cosine_img_224_ft_layer4_fc_loss_focal_e2d1df9234,1e-05,cosine,224,layer4_fc,focal,resnet18,imagenet,71,30,41,124,23,10,13,42,0.7391304347826086,0.7230769230769232,0.6441700404858299,0.5,0.9230769230769232,0.8333333333333334,0.5,0.625,0.4797073900699615,12,1,5,5,25,30342
3,4,lr_1em05_sched_cosine_img_224_ft_layer4_fc_loss_focal_e2d1df9234,1e-05,cosine,224,layer4_fc,focal,resnet18,imagenet,71,31,40,127,23,9,14,39,0.6521739130434783,0.5158730158730159,0.4721378728625106,0.5555555555555556,0.7142857142857143,0.5555555555555556,0.5555555555555556,0.5555555555555556,0.3694503009319305,10,4,4,5,9,30442
3,1,lr_1em05_sched_cosine_img_224_ft_layer3_layer4_fc_loss_weighted_cross_entropy_592be35a6e,1e-05,cosine,224,layer3_layer4_fc,weighted_cross_entropy,resnet18,imagenet,70,28,42,125,24,12,12,41,0.7916666666666666,0.7569444444444444,0.6733693389943389,0.8333333333333334,0.75,0.7692307692307693,0.8333333333333334,0.8,0.725288450717926,9,3,2,10,11,30142
3,2,lr_1em05_sched_cosine_img_224_ft_layer3_layer4_fc_loss_weighted_cross_entropy_592be35a6e,1e-05,cosine,224,layer3_layer4_fc,weighted_cross_entropy,resnet18,imagenet,70,31,39,122,24,9,15,44,0.7916666666666666,0.7259259259259261,0.5673080006413339,0.8888888888888888,0.7333333333333333,0.6666666666666666,0.8888888888888888,0.7619047619047619,0.4138948619365692,11,4,1,8,1,30242
3,3,lr_1em05_sched_cosine_img_224_ft_layer3_layer4_fc_loss_weighted_cross_entropy_592be35a6e,1e-05,cosine,224,layer3_layer4_fc,weighted_cross_entropy,resnet18,imagenet,71,30,41,124,23,10,13,42,0.782608695652174,0.7769230769230769,0.7930205415499533,0.6,0.9230769230769232,0.8571428571428571,0.6,0.7058823529411765,0.413563460111618,12,1,4,6,28,30342
3,4,lr_1em05_sched_cosine_img_224_ft_layer3_layer4_fc_loss_weighted_cross_entropy_592be35a6e,1e-05,cosine,224,layer3_layer4_fc,weighted_cross_entropy,resnet18,imagenet,71,31,40,127,23,9,14,39,0.7391304347826086,0.6190476190476191,0.649298366689671,0.3333333333333333,1.0,1.0,0.3333333333333333,0.5,0.5387889742851257,14,0,6,3,11,30442
3,1,lr_1em05_sched_cosine_img_224_ft_layer3_layer4_fc_loss_focal_8b72869888,1e-05,cosine,224,layer3_layer4_fc,focal,resnet18,imagenet,70,28,42,125,24,12,12,41,0.75,0.7152777777777778,0.6390315974874798,0.75,0.75,0.75,0.75,0.75,0.6276690363883972,9,3,3,9,17,30142
3,2,lr_1em05_sched_cosine_img_224_ft_layer3_layer4_fc_loss_focal_8b72869888,1e-05,cosine,224,layer3_layer4_fc,focal,resnet18,imagenet,70,31,39,122,24,9,15,44,0.75,0.7037037037037037,0.5371992205325539,0.8888888888888888,0.6666666666666666,0.6153846153846154,0.8888888888888888,0.7272727272727273,0.4065792560577392,10,5,1,8,1,30242
3,3,lr_1em05_sched_cosine_img_224_ft_layer3_layer4_fc_loss_focal_8b72869888,1e-05,cosine,224,layer3_layer4_fc,focal,resnet18,imagenet,71,30,41,124,23,10,13,42,0.7391304347826086,0.6923076923076923,0.6244189092641105,0.5,0.9230769230769232,0.8333333333333334,0.5,0.625,0.5018036961555481,12,1,5,5,30,30342
3,4,lr_1em05_sched_cosine_img_224_ft_layer3_layer4_fc_loss_focal_8b72869888,1e-05,cosine,224,layer3_layer4_fc,focal,resnet18,imagenet,71,31,40,127,23,9,14,39,0.6956521739130435,0.5476190476190477,0.5871891795804839,0.5555555555555556,0.7857142857142857,0.625,0.5555555555555556,0.5882352941176471,0.3760876357555389,11,3,4,5,11,30442
3,1,lr_1em05_sched_cosine_img_224_ft_full_loss_weighted_cross_entropy_7dff142670,1e-05,cosine,224,full,weighted_cross_entropy,resnet18,imagenet,70,28,42,125,24,12,12,41,0.7916666666666666,0.7152777777777777,0.6706710568842922,1.0,0.5833333333333334,0.7058823529411765,1.0,0.8275862068965517,0.6307942867279053,7,5,0,12,11,30142
3,2,lr_1em05_sched_cosine_img_224_ft_full_loss_weighted_cross_entropy_7dff142670,1e-05,cosine,224,full,weighted_cross_entropy,resnet18,imagenet,70,31,39,122,24,9,15,44,0.6666666666666666,0.6592592592592592,0.4923446923446923,0.8888888888888888,0.5333333333333333,0.5333333333333333,0.8888888888888888,0.6666666666666666,0.4143444895744324,8,7,1,8,1,30242
3,3,lr_1em05_sched_cosine_img_224_ft_full_loss_weighted_cross_entropy_7dff142670,1e-05,cosine,224,full,weighted_cross_entropy,resnet18,imagenet,71,30,41,124,23,10,13,42,0.782608695652174,0.7615384615384616,0.7898268398268398,0.6,0.9230769230769232,0.8571428571428571,0.6,0.7058823529411765,0.455114334821701,12,1,4,6,25,30342
3,4,lr_1em05_sched_cosine_img_224_ft_full_loss_weighted_cross_entropy_7dff142670,1e-05,cosine,224,full,weighted_cross_entropy,resnet18,imagenet,71,31,40,127,23,9,14,39,0.782608695652174,0.6349206349206349,0.7016978840014692,0.4444444444444444,1.0,1.0,0.4444444444444444,0.6153846153846154,0.4759720861911773,14,0,5,4,26,30442
3,1,lr_1em05_sched_cosine_img_224_ft_full_loss_focal_06ad66cce6,1e-05,cosine,224,full,focal,resnet18,imagenet,70,28,42,125,24,12,12,41,0.75,0.7430555555555556,0.6896239177489176,0.75,0.75,0.75,0.75,0.75,0.6587537527084351,9,3,3,9,12,30142
3,2,lr_1em05_sched_cosine_img_224_ft_full_loss_focal_06ad66cce6,1e-05,cosine,224,full,focal,resnet18,imagenet,70,31,39,122,24,9,15,44,0.7916666666666666,0.7259259259259259,0.5421957671957672,0.7777777777777778,0.8,0.7,0.7777777777777778,0.7368421052631579,0.4519842565059662,12,3,2,7,1,30242
3,3,lr_1em05_sched_cosine_img_224_ft_full_loss_focal_06ad66cce6,1e-05,cosine,224,full,focal,resnet18,imagenet,71,30,41,124,23,10,13,42,0.6956521739130435,0.7,0.6965492350786467,0.5,0.8461538461538461,0.7142857142857143,0.5,0.5882352941176471,0.4129197895526886,11,2,5,5,14,30342
3,4,lr_1em05_sched_cosine_img_224_ft_full_loss_focal_06ad66cce6,1e-05,cosine,224,full,focal,resnet18,imagenet,71,31,40,127,23,9,14,39,0.6521739130434783,0.4841269841269841,0.4463883137796182,0.2222222222222222,0.9285714285714286,0.6666666666666666,0.2222222222222222,0.3333333333333333,0.5208679437637329,13,1,7,2,12,30442
3,1,lr_1em05_sched_cosine_img_320_ft_fc_only_loss_weighted_cross_entropy_aa70610f9a,1e-05,cosine,320,fc_only,weighted_cross_entropy,resnet18,imagenet,70,28,42,125,24,12,12,41,0.625,0.5416666666666666,0.5721853511175762,0.75,0.5,0.6,0.75,0.6666666666666666,0.6876978278160095,6,6,3,9,1,30142
3,2,lr_1em05_sched_cosine_img_320_ft_fc_only_loss_weighted_cross_entropy_aa70610f9a,1e-05,cosine,320,fc_only,weighted_cross_entropy,resnet18,imagenet,70,31,39,122,24,9,15,44,0.7083333333333334,0.5777777777777777,0.5552066559312936,0.3333333333333333,0.9333333333333332,0.75,0.3333333333333333,0.4615384615384615,0.5718449354171753,14,1,6,3,2,30242
3,3,lr_1em05_sched_cosine_img_320_ft_fc_only_loss_weighted_cross_entropy_aa70610f9a,1e-05,cosine,320,fc_only,weighted_cross_entropy,resnet18,imagenet,71,30,41,124,23,10,13,42,0.6956521739130435,0.6384615384615384,0.6676858813700919,0.3,1.0,1.0,0.3,0.4615384615384615,0.6825913190841675,13,0,7,3,4,30342
3,4,lr_1em05_sched_cosine_img_320_ft_fc_only_loss_weighted_cross_entropy_aa70610f9a,1e-05,cosine,320,fc_only,weighted_cross_entropy,resnet18,imagenet,71,31,40,127,23,9,14,39,0.6956521739130435,0.626984126984127,0.6571863321863323,0.5555555555555556,0.7857142857142857,0.625,0.5555555555555556,0.5882352941176471,0.3691737353801727,11,3,4,5,1,30442
3,1,lr_1em05_sched_cosine_img_320_ft_fc_only_loss_focal_bf64bac14a,1e-05,cosine,320,fc_only,focal,resnet18,imagenet,70,28,42,125,24,12,12,41,0.625,0.5416666666666666,0.5721853511175762,0.75,0.5,0.6,0.75,0.6666666666666666,0.6841739416122437,6,6,3,9,1,30142
3,2,lr_1em05_sched_cosine_img_320_ft_fc_only_loss_focal_bf64bac14a,1e-05,cosine,320,fc_only,focal,resnet18,imagenet,70,31,39,122,24,9,15,44,0.7083333333333334,0.5777777777777777,0.5552066559312936,0.3333333333333333,0.9333333333333332,0.75,0.3333333333333333,0.4615384615384615,0.5866060853004456,14,1,6,3,2,30242
3,3,lr_1em05_sched_cosine_img_320_ft_fc_only_loss_focal_bf64bac14a,1e-05,cosine,320,fc_only,focal,resnet18,imagenet,71,30,41,124,23,10,13,42,0.6956521739130435,0.6384615384615384,0.6676858813700919,0.3,1.0,1.0,0.3,0.4615384615384615,0.6950209140777588,13,0,7,3,4,30342
3,4,lr_1em05_sched_cosine_img_320_ft_fc_only_loss_focal_bf64bac14a,1e-05,cosine,320,fc_only,focal,resnet18,imagenet,71,31,40,127,23,9,14,39,0.6956521739130435,0.6349206349206349,0.6608900358900358,0.5555555555555556,0.7857142857142857,0.625,0.5555555555555556,0.5882352941176471,0.3689522445201874,11,3,4,5,1,30442
3,1,lr_1em05_sched_cosine_img_320_ft_layer4_fc_loss_weighted_cross_entropy_ccef921f82,1e-05,cosine,320,layer4_fc,weighted_cross_entropy,resnet18,imagenet,70,28,42,125,24,12,12,41,0.75,0.7083333333333334,0.6750223095617832,0.75,0.75,0.75,0.75,0.75,0.6893942356109619,9,3,3,9,17,30142
3,2,lr_1em05_sched_cosine_img_320_ft_layer4_fc_loss_weighted_cross_entropy_ccef921f82,1e-05,cosine,320,layer4_fc,weighted_cross_entropy,resnet18,imagenet,70,31,39,122,24,9,15,44,0.6666666666666666,0.6370370370370371,0.4906986531986532,0.6666666666666666,0.6666666666666666,0.5454545454545454,0.6666666666666666,0.6,0.2911615073680877,10,5,3,6,12,30242
3,3,lr_1em05_sched_cosine_img_320_ft_layer4_fc_loss_weighted_cross_entropy_ccef921f82,1e-05,cosine,320,layer4_fc,weighted_cross_entropy,resnet18,imagenet,71,30,41,124,23,10,13,42,0.8695652173913043,0.9076923076923076,0.9194444444444444,0.8,0.9230769230769232,0.8888888888888888,0.8,0.8421052631578947,0.5089899301528931,12,1,2,8,21,30342
3,4,lr_1em05_sched_cosine_img_320_ft_layer4_fc_loss_weighted_cross_entropy_ccef921f82,1e-05,cosine,320,layer4_fc,weighted_cross_entropy,resnet18,imagenet,71,31,40,127,23,9,14,39,0.782608695652174,0.7222222222222222,0.765824915824916,0.6666666666666666,0.8571428571428571,0.75,0.6666666666666666,0.7058823529411765,0.4717921316623688,12,2,3,6,10,30442
3,1,lr_1em05_sched_cosine_img_320_ft_layer4_fc_loss_focal_201eedc164,1e-05,cosine,320,layer4_fc,focal,resnet18,imagenet,70,28,42,125,24,12,12,41,0.7083333333333334,0.7222222222222222,0.7226167623226446,0.75,0.6666666666666666,0.6923076923076923,0.75,0.72,0.6333444714546204,8,4,3,9,17,30142
3,2,lr_1em05_sched_cosine_img_320_ft_layer4_fc_loss_focal_201eedc164,1e-05,cosine,320,layer4_fc,focal,resnet18,imagenet,70,31,39,122,24,9,15,44,0.75,0.6814814814814815,0.5347746470553488,0.7777777777777778,0.7333333333333333,0.6363636363636364,0.7777777777777778,0.7,0.3508385121822357,11,4,2,7,30,30242
3,3,lr_1em05_sched_cosine_img_320_ft_layer4_fc_loss_focal_201eedc164,1e-05,cosine,320,layer4_fc,focal,resnet18,imagenet,71,30,41,124,23,10,13,42,0.782608695652174,0.8307692307692308,0.8124908424908425,1.0,0.6153846153846154,0.6666666666666666,1.0,0.8,0.4386610686779022,8,5,0,10,21,30342
3,4,lr_1em05_sched_cosine_img_320_ft_layer4_fc_loss_focal_201eedc164,1e-05,cosine,320,layer4_fc,focal,resnet18,imagenet,71,31,40,127,23,9,14,39,0.8260869565217391,0.7142857142857143,0.7591049382716051,0.5555555555555556,1.0,1.0,0.5555555555555556,0.7142857142857143,0.4955800473690033,14,0,4,5,8,30442
3,1,lr_1em05_sched_cosine_img_320_ft_layer3_layer4_fc_loss_weighted_cross_entropy_032ecb1a2d,1e-05,cosine,320,layer3_layer4_fc,weighted_cross_entropy,resnet18,imagenet,70,28,42,125,24,12,12,41,0.7083333333333334,0.7083333333333334,0.7101413571808308,0.6666666666666666,0.75,0.7272727272727273,0.6666666666666666,0.6956521739130435,0.6616435647010803,9,3,4,8,28,30142
3,2,lr_1em05_sched_cosine_img_320_ft_layer3_layer4_fc_loss_weighted_cross_entropy_032ecb1a2d,1e-05,cosine,320,layer3_layer4_fc,weighted_cross_entropy,resnet18,imagenet,70,31,39,122,24,9,15,44,0.75,0.6296296296296297,0.6333390456197474,0.3333333333333333,1.0,1.0,0.3333333333333333,0.5,0.5780129432678223,15,0,6,3,2,30242
3,3,lr_1em05_sched_cosine_img_320_ft_layer3_layer4_fc_loss_weighted_cross_entropy_032ecb1a2d,1e-05,cosine,320,layer3_layer4_fc,weighted_cross_entropy,resnet18,imagenet,71,30,41,124,23,10,13,42,0.9130434782608696,0.946153846153846,0.9525,0.9,0.9230769230769232,0.9,0.9,0.9,0.5143335461616516,12,1,1,9,22,30342
3,4,lr_1em05_sched_cosine_img_320_ft_layer3_layer4_fc_loss_weighted_cross_entropy_032ecb1a2d,1e-05,cosine,320,layer3_layer4_fc,weighted_cross_entropy,resnet18,imagenet,71,31,40,127,23,9,14,39,0.7391304347826086,0.6904761904761905,0.7415949589862634,0.6666666666666666,0.7857142857142857,0.6666666666666666,0.6666666666666666,0.6666666666666666,0.4459628462791443,11,3,3,6,7,30442
3,1,lr_1em05_sched_cosine_img_320_ft_layer3_layer4_fc_loss_focal_888063df31,1e-05,cosine,320,layer3_layer4_fc,focal,resnet18,imagenet,70,28,42,125,24,12,12,41,0.7083333333333334,0.7361111111111112,0.740958298524088,1.0,0.4166666666666667,0.631578947368421,1.0,0.7741935483870968,0.567299485206604,5,7,0,12,14,30142
3,2,lr_1em05_sched_cosine_img_320_ft_layer3_layer4_fc_loss_focal_888063df31,1e-05,cosine,320,layer3_layer4_fc,focal,resnet18,imagenet,70,31,39,122,24,9,15,44,0.75,0.6370370370370371,0.6376125498932517,0.3333333333333333,1.0,1.0,0.3333333333333333,0.5,0.5734813213348389,15,0,6,3,2,30242
3,3,lr_1em05_sched_cosine_img_320_ft_layer3_layer4_fc_loss_focal_888063df31,1e-05,cosine,320,layer3_layer4_fc,focal,resnet18,imagenet,71,30,41,124,23,10,13,42,0.8260869565217391,0.8692307692307693,0.8523260073260072,1.0,0.6923076923076923,0.7142857142857143,1.0,0.8333333333333334,0.4665529429912567,9,4,0,10,23,30342
3,4,lr_1em05_sched_cosine_img_320_ft_layer3_layer4_fc_loss_focal_888063df31,1e-05,cosine,320,layer3_layer4_fc,focal,resnet18,imagenet,71,31,40,127,23,9,14,39,0.8260869565217391,0.6984126984126984,0.7219095719095718,0.6666666666666666,0.9285714285714286,0.8571428571428571,0.6666666666666666,0.75,0.4817751944065094,13,1,3,6,18,30442
3,1,lr_1em05_sched_cosine_img_320_ft_full_loss_weighted_cross_entropy_b498446835,1e-05,cosine,320,full,weighted_cross_entropy,resnet18,imagenet,70,28,42,125,24,12,12,41,0.75,0.7152777777777778,0.6486719571278394,1.0,0.5,0.6666666666666666,1.0,0.8,0.7437622547149658,6,6,0,12,8,30142
3,2,lr_1em05_sched_cosine_img_320_ft_full_loss_weighted_cross_entropy_b498446835,1e-05,cosine,320,full,weighted_cross_entropy,resnet18,imagenet,70,31,39,122,24,9,15,44,0.7916666666666666,0.6518518518518519,0.6838440961247979,0.4444444444444444,1.0,1.0,0.4444444444444444,0.6153846153846154,0.5460088849067688,15,0,5,4,2,30242
3,3,lr_1em05_sched_cosine_img_320_ft_full_loss_weighted_cross_entropy_b498446835,1e-05,cosine,320,full,weighted_cross_entropy,resnet18,imagenet,71,30,41,124,23,10,13,42,0.8260869565217391,0.9,0.9013235294117646,0.9,0.7692307692307693,0.75,0.9,0.8181818181818182,0.4702556729316711,10,3,1,9,30,30342
3,4,lr_1em05_sched_cosine_img_320_ft_full_loss_weighted_cross_entropy_b498446835,1e-05,cosine,320,full,weighted_cross_entropy,resnet18,imagenet,71,31,40,127,23,9,14,39,0.782608695652174,0.6904761904761905,0.747644927536232,0.5555555555555556,0.9285714285714286,0.8333333333333334,0.5555555555555556,0.6666666666666666,0.4617732167243957,13,1,4,5,7,30442
3,1,lr_1em05_sched_cosine_img_320_ft_full_loss_focal_b8db75afb3,1e-05,cosine,320,full,focal,resnet18,imagenet,70,28,42,125,24,12,12,41,0.6666666666666666,0.5763888888888888,0.6014395527982485,0.8333333333333334,0.5,0.625,0.8333333333333334,0.7142857142857143,0.7173889875411987,6,6,2,10,1,30142
3,2,lr_1em05_sched_cosine_img_320_ft_full_loss_focal_b8db75afb3,1e-05,cosine,320,full,focal,resnet18,imagenet,70,31,39,122,24,9,15,44,0.75,0.6518518518518518,0.6480908152734778,0.3333333333333333,1.0,1.0,0.3333333333333333,0.5,0.5713682174682617,15,0,6,3,2,30242
3,3,lr_1em05_sched_cosine_img_320_ft_full_loss_focal_b8db75afb3,1e-05,cosine,320,full,focal,resnet18,imagenet,71,30,41,124,23,10,13,42,0.8695652173913043,0.9153846153846154,0.8897943722943722,0.9,0.8461538461538461,0.8181818181818182,0.9,0.8571428571428571,0.4373433291912079,11,2,1,9,21,30342
3,4,lr_1em05_sched_cosine_img_320_ft_full_loss_focal_b8db75afb3,1e-05,cosine,320,full,focal,resnet18,imagenet,71,31,40,127,23,9,14,39,0.782608695652174,0.7301587301587301,0.7013729977116705,0.7777777777777778,0.7857142857142857,0.7,0.7777777777777778,0.7368421052631579,0.4315320253372192,11,3,2,7,21,30442
3,1,lr_1em05_sched_none_img_224_ft_fc_only_loss_weighted_cross_entropy_7114484a86,1e-05,none,224,fc_only,weighted_cross_entropy,resnet18,imagenet,70,28,42,125,24,12,12,41,0.625,0.5,0.5611247341746063,0.4166666666666667,0.8333333333333334,0.7142857142857143,0.4166666666666667,0.5263157894736842,0.7424799799919128,10,2,7,5,1,30142
3,2,lr_1em05_sched_none_img_224_ft_fc_only_loss_weighted_cross_entropy_7114484a86,1e-05,none,224,fc_only,weighted_cross_entropy,resnet18,imagenet,70,31,39,122,24,9,15,44,0.7083333333333334,0.6666666666666666,0.4876308876308876,0.8888888888888888,0.6,0.5714285714285714,0.8888888888888888,0.6956521739130435,0.431316465139389,9,6,1,8,1,30242
3,3,lr_1em05_sched_none_img_224_ft_fc_only_loss_weighted_cross_entropy_7114484a86,1e-05,none,224,fc_only,weighted_cross_entropy,resnet18,imagenet,71,30,41,124,23,10,13,42,0.7391304347826086,0.6076923076923076,0.6386659663865546,0.5,0.9230769230769232,0.8333333333333334,0.5,0.625,0.5060752630233765,12,1,5,5,24,30342
3,4,lr_1em05_sched_none_img_224_ft_fc_only_loss_weighted_cross_entropy_7114484a86,1e-05,none,224,fc_only,weighted_cross_entropy,resnet18,imagenet,71,31,40,127,23,9,14,39,0.391304347826087,0.3253968253968254,0.328318177288429,1.0,0.0,0.391304347826087,1.0,0.5625,0.1017535552382469,0,14,0,9,4,30442
3,1,lr_1em05_sched_none_img_224_ft_fc_only_loss_focal_751634e7bb,1e-05,none,224,fc_only,focal,resnet18,imagenet,70,28,42,125,24,12,12,41,0.625,0.5069444444444445,0.5633177166307466,0.4166666666666667,0.8333333333333334,0.7142857142857143,0.4166666666666667,0.5263157894736842,0.743256151676178,10,2,7,5,1,30142
3,2,lr_1em05_sched_none_img_224_ft_fc_only_loss_focal_751634e7bb,1e-05,none,224,fc_only,focal,resnet18,imagenet,70,31,39,122,24,9,15,44,0.7083333333333334,0.6666666666666666,0.4876308876308876,0.8888888888888888,0.6,0.5714285714285714,0.8888888888888888,0.6956521739130435,0.4266459047794342,9,6,1,8,1,30242
3,3,lr_1em05_sched_none_img_224_ft_fc_only_loss_focal_751634e7bb,1e-05,none,224,fc_only,focal,resnet18,imagenet,71,30,41,124,23,10,13,42,0.7391304347826086,0.6076923076923076,0.6386659663865546,0.5,0.9230769230769232,0.8333333333333334,0.5,0.625,0.4935914278030395,12,1,5,5,24,30342
3,4,lr_1em05_sched_none_img_224_ft_fc_only_loss_focal_751634e7bb,1e-05,none,224,fc_only,focal,resnet18,imagenet,71,31,40,127,23,9,14,39,0.391304347826087,0.3095238095238095,0.3215280538316389,1.0,0.0,0.391304347826087,1.0,0.5625,0.0912106186151504,0,14,0,9,4,30442
3,1,lr_1em05_sched_none_img_224_ft_layer4_fc_loss_weighted_cross_entropy_5723caf607,1e-05,none,224,layer4_fc,weighted_cross_entropy,resnet18,imagenet,70,28,42,125,24,12,12,41,0.7916666666666666,0.7430555555555556,0.6912786957194852,0.8333333333333334,0.75,0.7692307692307693,0.8333333333333334,0.8,0.7001099586486816,9,3,2,10,17,30142
3,2,lr_1em05_sched_none_img_224_ft_layer4_fc_loss_weighted_cross_entropy_5723caf607,1e-05,none,224,layer4_fc,weighted_cross_entropy,resnet18,imagenet,70,31,39,122,24,9,15,44,0.7083333333333334,0.6962962962962963,0.528419111752445,0.8888888888888888,0.6,0.5714285714285714,0.8888888888888888,0.6956521739130435,0.4227064549922943,9,6,1,8,1,30242
3,3,lr_1em05_sched_none_img_224_ft_layer4_fc_loss_weighted_cross_entropy_5723caf607,1e-05,none,224,layer4_fc,weighted_cross_entropy,resnet18,imagenet,71,30,41,124,23,10,13,42,0.8260869565217391,0.8692307692307693,0.8633333333333332,0.9,0.7692307692307693,0.75,0.9,0.8181818181818182,0.2974389195442199,10,3,1,9,29,30342
3,4,lr_1em05_sched_none_img_224_ft_layer4_fc_loss_weighted_cross_entropy_5723caf607,1e-05,none,224,layer4_fc,weighted_cross_entropy,resnet18,imagenet,71,31,40,127,23,9,14,39,0.782608695652174,0.6507936507936507,0.7003806177719221,0.4444444444444444,1.0,1.0,0.4444444444444444,0.6153846153846154,0.4411172568798065,14,0,5,4,30,30442
3,1,lr_1em05_sched_none_img_224_ft_layer4_fc_loss_focal_d9901b0cc7,1e-05,none,224,layer4_fc,focal,resnet18,imagenet,70,28,42,125,24,12,12,41,0.625,0.5416666666666667,0.5495629735761315,1.0,0.25,0.5714285714285714,1.0,0.7272727272727273,0.5059177279472351,3,9,0,12,19,30142
3,2,lr_1em05_sched_none_img_224_ft_layer4_fc_loss_focal_d9901b0cc7,1e-05,none,224,layer4_fc,focal,resnet18,imagenet,70,31,39,122,24,9,15,44,0.75,0.7111111111111111,0.5232261565594898,0.8888888888888888,0.6666666666666666,0.6153846153846154,0.8888888888888888,0.7272727272727273,0.4450953900814056,10,5,1,8,1,30242
3,3,lr_1em05_sched_none_img_224_ft_layer4_fc_loss_focal_d9901b0cc7,1e-05,none,224,layer4_fc,focal,resnet18,imagenet,71,30,41,124,23,10,13,42,0.782608695652174,0.7923076923076924,0.7301956815114709,0.9,0.6923076923076923,0.6923076923076923,0.9,0.782608695652174,0.3302837610244751,9,4,1,9,30,30342
3,4,lr_1em05_sched_none_img_224_ft_layer4_fc_loss_focal_d9901b0cc7,1e-05,none,224,layer4_fc,focal,resnet18,imagenet,71,31,40,127,23,9,14,39,0.5652173913043478,0.4523809523809523,0.4206581797161508,0.6666666666666666,0.5,0.4615384615384615,0.6666666666666666,0.5454545454545454,0.3662577867507934,7,7,3,6,9,30442
3,1,lr_1em05_sched_none_img_224_ft_layer3_layer4_fc_loss_weighted_cross_entropy_6af0542b68,1e-05,none,224,layer3_layer4_fc,weighted_cross_entropy,resnet18,imagenet,70,28,42,125,24,12,12,41,0.7083333333333334,0.6666666666666666,0.641285776057448,0.8333333333333334,0.5833333333333334,0.6666666666666666,0.8333333333333334,0.7407407407407407,0.7248666882514954,7,5,2,10,10,30142
3,2,lr_1em05_sched_none_img_224_ft_layer3_layer4_fc_loss_weighted_cross_entropy_6af0542b68,1e-05,none,224,layer3_layer4_fc,weighted_cross_entropy,resnet18,imagenet,70,31,39,122,24,9,15,44,0.75,0.7333333333333334,0.5639030235521463,0.7777777777777778,0.7333333333333333,0.6363636363636364,0.7777777777777778,0.7,0.4285878837108612,11,4,2,7,1,30242
3,3,lr_1em05_sched_none_img_224_ft_layer3_layer4_fc_loss_weighted_cross_entropy_6af0542b68,1e-05,none,224,layer3_layer4_fc,weighted_cross_entropy,resnet18,imagenet,71,30,41,124,23,10,13,42,0.782608695652174,0.8076923076923077,0.7526723276723276,0.9,0.6923076923076923,0.6923076923076923,0.9,0.782608695652174,0.2653295695781708,9,4,1,9,29,30342
3,4,lr_1em05_sched_none_img_224_ft_layer3_layer4_fc_loss_weighted_cross_entropy_6af0542b68,1e-05,none,224,layer3_layer4_fc,weighted_cross_entropy,resnet18,imagenet,71,31,40,127,23,9,14,39,0.7391304347826086,0.7063492063492063,0.7357566897040582,0.6666666666666666,0.7857142857142857,0.6666666666666666,0.6666666666666666,0.6666666666666666,0.3278871476650238,11,3,3,6,28,30442
3,1,lr_1em05_sched_none_img_224_ft_layer3_layer4_fc_loss_focal_d284010fbb,1e-05,none,224,layer3_layer4_fc,focal,resnet18,imagenet,70,28,42,125,24,12,12,41,0.7083333333333334,0.7013888888888888,0.6315441288158006,0.6666666666666666,0.75,0.7272727272727273,0.6666666666666666,0.6956521739130435,0.6180359125137329,9,3,4,8,18,30142
3,2,lr_1em05_sched_none_img_224_ft_layer3_layer4_fc_loss_focal_d284010fbb,1e-05,none,224,layer3_layer4_fc,focal,resnet18,imagenet,70,31,39,122,24,9,15,44,0.75,0.7185185185185186,0.5291184124517457,0.8888888888888888,0.6666666666666666,0.6153846153846154,0.8888888888888888,0.7272727272727273,0.4205034673213959,10,5,1,8,1,30242
3,3,lr_1em05_sched_none_img_224_ft_layer3_layer4_fc_loss_focal_d284010fbb,1e-05,none,224,layer3_layer4_fc,focal,resnet18,imagenet,71,30,41,124,23,10,13,42,0.782608695652174,0.8307692307692307,0.8139822595704947,0.7,0.8461538461538461,0.7777777777777778,0.7,0.7368421052631579,0.350053459405899,11,2,3,7,29,30342
3,4,lr_1em05_sched_none_img_224_ft_layer3_layer4_fc_loss_focal_d284010fbb,1e-05,none,224,layer3_layer4_fc,focal,resnet18,imagenet,71,31,40,127,23,9,14,39,0.6956521739130435,0.6507936507936508,0.6363794954374664,0.5555555555555556,0.7857142857142857,0.625,0.5555555555555556,0.5882352941176471,0.4454830884933471,11,3,4,5,11,30442
3,1,lr_1em05_sched_none_img_224_ft_full_loss_weighted_cross_entropy_3ef0c041f6,1e-05,none,224,full,weighted_cross_entropy,resnet18,imagenet,70,28,42,125,24,12,12,41,0.8333333333333334,0.7777777777777778,0.7384983072483072,0.9166666666666666,0.75,0.7857142857142857,0.9166666666666666,0.8461538461538461,0.6433791518211365,9,3,1,11,16,30142
3,2,lr_1em05_sched_none_img_224_ft_full_loss_weighted_cross_entropy_3ef0c041f6,1e-05,none,224,full,weighted_cross_entropy,resnet18,imagenet,70,31,39,122,24,9,15,44,0.7916666666666666,0.7185185185185186,0.5398428731762065,0.8888888888888888,0.7333333333333333,0.6666666666666666,0.8888888888888888,0.7619047619047619,0.4229553043842315,11,4,1,8,1,30242
3,3,lr_1em05_sched_none_img_224_ft_full_loss_weighted_cross_entropy_3ef0c041f6,1e-05,none,224,full,weighted_cross_entropy,resnet18,imagenet,71,30,41,124,23,10,13,42,0.8260869565217391,0.823076923076923,0.7610731373889268,0.9,0.7692307692307693,0.75,0.9,0.8181818181818182,0.2639424502849579,10,3,1,9,30,30342
3,4,lr_1em05_sched_none_img_224_ft_full_loss_weighted_cross_entropy_3ef0c041f6,1e-05,none,224,full,weighted_cross_entropy,resnet18,imagenet,71,31,40,127,23,9,14,39,0.7391304347826086,0.626984126984127,0.6641592773839151,0.3333333333333333,1.0,1.0,0.3333333333333333,0.5,0.4838430285453796,14,0,6,3,19,30442
3,1,lr_1em05_sched_none_img_224_ft_full_loss_focal_de5ddaaf37,1e-05,none,224,full,focal,resnet18,imagenet,70,28,42,125,24,12,12,41,0.75,0.6736111111111112,0.605913184038184,1.0,0.5,0.6666666666666666,1.0,0.8,0.6365317106246948,6,6,0,12,10,30142
3,2,lr_1em05_sched_none_img_224_ft_full_loss_focal_de5ddaaf37,1e-05,none,224,full,focal,resnet18,imagenet,70,31,39,122,24,9,15,44,0.75,0.6962962962962963,0.5270963604296938,0.7777777777777778,0.7333333333333333,0.6363636363636364,0.7777777777777778,0.7,0.4147236943244934,11,4,2,7,1,30242
3,3,lr_1em05_sched_none_img_224_ft_full_loss_focal_de5ddaaf37,1e-05,none,224,full,focal,resnet18,imagenet,71,30,41,124,23,10,13,42,0.8260869565217391,0.8384615384615385,0.8089926739926739,0.8,0.8461538461538461,0.8,0.8,0.8,0.3800808787345886,11,2,2,8,26,30342
3,4,lr_1em05_sched_none_img_224_ft_full_loss_focal_de5ddaaf37,1e-05,none,224,full,focal,resnet18,imagenet,71,31,40,127,23,9,14,39,0.7391304347826086,0.6666666666666666,0.6609988776655444,0.4444444444444444,0.9285714285714286,0.8,0.4444444444444444,0.5714285714285714,0.4316571950912475,13,1,5,4,29,30442
3,1,lr_1em05_sched_none_img_320_ft_fc_only_loss_weighted_cross_entropy_589fa61b61,1e-05,none,320,fc_only,weighted_cross_entropy,resnet18,imagenet,70,28,42,125,24,12,12,41,0.625,0.5486111111111112,0.5805186844509096,0.75,0.5,0.6,0.75,0.6666666666666666,0.6856809258460999,6,6,3,9,1,30142
3,2,lr_1em05_sched_none_img_320_ft_fc_only_loss_weighted_cross_entropy_589fa61b61,1e-05,none,320,fc_only,weighted_cross_entropy,resnet18,imagenet,70,31,39,122,24,9,15,44,0.7083333333333334,0.5777777777777777,0.5552066559312936,0.3333333333333333,0.9333333333333332,0.75,0.3333333333333333,0.4615384615384615,0.5688436627388,14,1,6,3,2,30242
3,3,lr_1em05_sched_none_img_320_ft_fc_only_loss_weighted_cross_entropy_589fa61b61,1e-05,none,320,fc_only,weighted_cross_entropy,resnet18,imagenet,71,30,41,124,23,10,13,42,0.6956521739130435,0.6384615384615384,0.6676858813700919,0.3,1.0,1.0,0.3,0.4615384615384615,0.682397723197937,13,0,7,3,4,30342
3,4,lr_1em05_sched_none_img_320_ft_fc_only_loss_weighted_cross_entropy_589fa61b61,1e-05,none,320,fc_only,weighted_cross_entropy,resnet18,imagenet,71,31,40,127,23,9,14,39,0.6956521739130435,0.626984126984127,0.6571863321863323,0.5555555555555556,0.7857142857142857,0.625,0.5555555555555556,0.5882352941176471,0.3720861077308655,11,3,4,5,1,30442
3,1,lr_1em05_sched_none_img_320_ft_fc_only_loss_focal_cd25028d9c,1e-05,none,320,fc_only,focal,resnet18,imagenet,70,28,42,125,24,12,12,41,0.625,0.5416666666666666,0.5721853511175762,0.75,0.5,0.6,0.75,0.6666666666666666,0.6865293383598328,6,6,3,9,1,30142
3,2,lr_1em05_sched_none_img_320_ft_fc_only_loss_focal_cd25028d9c,1e-05,none,320,fc_only,focal,resnet18,imagenet,70,31,39,122,24,9,15,44,0.7083333333333334,0.5777777777777777,0.5552066559312936,0.3333333333333333,0.9333333333333332,0.75,0.3333333333333333,0.4615384615384615,0.5794175267219543,14,1,6,3,2,30242
3,3,lr_1em05_sched_none_img_320_ft_fc_only_loss_focal_cd25028d9c,1e-05,none,320,fc_only,focal,resnet18,imagenet,71,30,41,124,23,10,13,42,0.6956521739130435,0.6384615384615384,0.6676858813700919,0.3,1.0,1.0,0.3,0.4615384615384615,0.6830654740333557,13,0,7,3,4,30342
3,4,lr_1em05_sched_none_img_320_ft_fc_only_loss_focal_cd25028d9c,1e-05,none,320,fc_only,focal,resnet18,imagenet,71,31,40,127,23,9,14,39,0.6956521739130435,0.626984126984127,0.6571863321863323,0.5555555555555556,0.7857142857142857,0.625,0.5555555555555556,0.5882352941176471,0.3739044368267059,11,3,4,5,1,30442
3,1,lr_1em05_sched_none_img_320_ft_layer4_fc_loss_weighted_cross_entropy_c4d0a72aef,1e-05,none,320,layer4_fc,weighted_cross_entropy,resnet18,imagenet,70,28,42,125,24,12,12,41,0.8333333333333334,0.8125,0.8146908646908646,1.0,0.6666666666666666,0.75,1.0,0.8571428571428571,0.6022922992706299,8,4,0,12,29,30142
3,2,lr_1em05_sched_none_img_320_ft_layer4_fc_loss_weighted_cross_entropy_c4d0a72aef,1e-05,none,320,layer4_fc,weighted_cross_entropy,resnet18,imagenet,70,31,39,122,24,9,15,44,0.75,0.6074074074074074,0.6273866646673665,0.3333333333333333,1.0,1.0,0.3333333333333333,0.5,0.560016930103302,15,0,6,3,2,30242
3,3,lr_1em05_sched_none_img_320_ft_layer4_fc_loss_weighted_cross_entropy_c4d0a72aef,1e-05,none,320,layer4_fc,weighted_cross_entropy,resnet18,imagenet,71,30,41,124,23,10,13,42,0.9130434782608696,0.9384615384615383,0.9443181818181816,0.8,1.0,1.0,0.8,0.8888888888888888,0.5341141223907471,13,0,2,8,15,30342
3,4,lr_1em05_sched_none_img_320_ft_layer4_fc_loss_weighted_cross_entropy_c4d0a72aef,1e-05,none,320,layer4_fc,weighted_cross_entropy,resnet18,imagenet,71,31,40,127,23,9,14,39,0.8260869565217391,0.6984126984126984,0.76021202739469,0.5555555555555556,1.0,1.0,0.5555555555555556,0.7142857142857143,0.5286461114883423,14,0,4,5,8,30442
3,1,lr_1em05_sched_none_img_320_ft_layer4_fc_loss_focal_2440d60379,1e-05,none,320,layer4_fc,focal,resnet18,imagenet,70,28,42,125,24,12,12,41,0.75,0.7430555555555556,0.7291907166907168,0.75,0.75,0.75,0.75,0.75,0.5670546889305115,9,3,3,9,25,30142
3,2,lr_1em05_sched_none_img_320_ft_layer4_fc_loss_focal_2440d60379,1e-05,none,320,layer4_fc,focal,resnet18,imagenet,70,31,39,122,24,9,15,44,0.7916666666666666,0.7037037037037037,0.573945633003604,0.7777777777777778,0.8,0.7,0.7777777777777778,0.7368421052631579,0.3469236493110657,12,3,2,7,22,30242
3,3,lr_1em05_sched_none_img_320_ft_layer4_fc_loss_focal_2440d60379,1e-05,none,320,layer4_fc,focal,resnet18,imagenet,71,30,41,124,23,10,13,42,0.8260869565217391,0.8615384615384615,0.8634523809523809,0.6,1.0,1.0,0.6,0.75,0.5008594393730164,13,0,4,6,17,30342
3,4,lr_1em05_sched_none_img_320_ft_layer4_fc_loss_focal_2440d60379,1e-05,none,320,layer4_fc,focal,resnet18,imagenet,71,31,40,127,23,9,14,39,0.8260869565217391,0.6825396825396826,0.6828962502875546,0.6666666666666666,0.9285714285714286,0.8571428571428571,0.6666666666666666,0.75,0.4861148595809936,13,1,3,6,12,30442
3,1,lr_1em05_sched_none_img_320_ft_layer3_layer4_fc_loss_weighted_cross_entropy_c4016f6283,1e-05,none,320,layer3_layer4_fc,weighted_cross_entropy,resnet18,imagenet,70,28,42,125,24,12,12,41,0.75,0.7847222222222222,0.795330893521683,0.75,0.75,0.75,0.75,0.75,0.5524923801422119,9,3,3,9,17,30142
3,2,lr_1em05_sched_none_img_320_ft_layer3_layer4_fc_loss_weighted_cross_entropy_c4016f6283,1e-05,none,320,layer3_layer4_fc,weighted_cross_entropy,resnet18,imagenet,70,31,39,122,24,9,15,44,0.75,0.7185185185185186,0.5588904922238255,0.7777777777777778,0.7333333333333333,0.6363636363636364,0.7777777777777778,0.7,0.3387461900711059,11,4,2,7,28,30242
3,3,lr_1em05_sched_none_img_320_ft_layer3_layer4_fc_loss_weighted_cross_entropy_c4016f6283,1e-05,none,320,layer3_layer4_fc,weighted_cross_entropy,resnet18,imagenet,71,30,41,124,23,10,13,42,0.9130434782608696,0.946153846153846,0.9525,0.9,0.9230769230769232,0.9,0.9,0.9,0.5319050550460815,12,1,1,9,22,30342
3,4,lr_1em05_sched_none_img_320_ft_layer3_layer4_fc_loss_weighted_cross_entropy_c4016f6283,1e-05,none,320,layer3_layer4_fc,weighted_cross_entropy,resnet18,imagenet,71,31,40,127,23,9,14,39,0.782608695652174,0.6904761904761905,0.7313254727728413,0.4444444444444444,1.0,1.0,0.4444444444444444,0.6153846153846154,0.5682932734489441,14,0,5,4,9,30442
3,1,lr_1em05_sched_none_img_320_ft_layer3_layer4_fc_loss_focal_43e790596e,1e-05,none,320,layer3_layer4_fc,focal,resnet18,imagenet,70,28,42,125,24,12,12,41,0.75,0.7777777777777778,0.7715213697121592,0.75,0.75,0.75,0.75,0.75,0.5567333102226257,9,3,3,9,14,30142
3,2,lr_1em05_sched_none_img_320_ft_layer3_layer4_fc_loss_focal_43e790596e,1e-05,none,320,layer3_layer4_fc,focal,resnet18,imagenet,70,31,39,122,24,9,15,44,0.5833333333333334,0.6296296296296295,0.6008282987127155,1.0,0.3333333333333333,0.4736842105263157,1.0,0.6428571428571429,0.3562774658203125,5,10,0,9,3,30242
3,3,lr_1em05_sched_none_img_320_ft_layer3_layer4_fc_loss_focal_43e790596e,1e-05,none,320,layer3_layer4_fc,focal,resnet18,imagenet,71,30,41,124,23,10,13,42,0.9130434782608696,0.9076923076923076,0.8942600373482726,0.9,0.9230769230769232,0.9,0.9,0.9,0.4925316870212555,12,1,1,9,20,30342
3,4,lr_1em05_sched_none_img_320_ft_layer3_layer4_fc_loss_focal_43e790596e,1e-05,none,320,layer3_layer4_fc,focal,resnet18,imagenet,71,31,40,127,23,9,14,39,0.8260869565217391,0.7063492063492063,0.7643359606746336,0.5555555555555556,1.0,1.0,0.5555555555555556,0.7142857142857143,0.5173182487487793,14,0,4,5,8,30442
3,1,lr_1em05_sched_none_img_320_ft_full_loss_weighted_cross_entropy_32f76c3c3c,1e-05,none,320,full,weighted_cross_entropy,resnet18,imagenet,70,28,42,125,24,12,12,41,0.75,0.7430555555555556,0.7072919920636638,0.8333333333333334,0.6666666666666666,0.7142857142857143,0.8333333333333334,0.7692307692307693,0.6125314235687256,8,4,2,10,10,30142
3,2,lr_1em05_sched_none_img_320_ft_full_loss_weighted_cross_entropy_32f76c3c3c,1e-05,none,320,full,weighted_cross_entropy,resnet18,imagenet,70,31,39,122,24,9,15,44,0.75,0.6888888888888889,0.5330401624519272,0.5555555555555556,0.8666666666666667,0.7142857142857143,0.5555555555555556,0.625,0.5671253204345703,13,2,4,5,8,30242
3,3,lr_1em05_sched_none_img_320_ft_full_loss_weighted_cross_entropy_32f76c3c3c,1e-05,none,320,full,weighted_cross_entropy,resnet18,imagenet,71,30,41,124,23,10,13,42,0.8695652173913043,0.9153846153846154,0.9227124183006536,0.8,0.9230769230769232,0.8888888888888888,0.8,0.8421052631578947,0.555616557598114,12,1,2,8,27,30342
3,4,lr_1em05_sched_none_img_320_ft_full_loss_weighted_cross_entropy_32f76c3c3c,1e-05,none,320,full,weighted_cross_entropy,resnet18,imagenet,71,31,40,127,23,9,14,39,0.782608695652174,0.746031746031746,0.7239422413335457,0.6666666666666666,0.8571428571428571,0.75,0.6666666666666666,0.7058823529411765,0.4137538373470306,12,2,3,6,22,30442
3,1,lr_1em05_sched_none_img_320_ft_full_loss_focal_906b334381,1e-05,none,320,full,focal,resnet18,imagenet,70,28,42,125,24,12,12,41,0.7916666666666666,0.7569444444444444,0.7505547965106788,0.8333333333333334,0.75,0.7692307692307693,0.8333333333333334,0.8,0.5893500447273254,9,3,2,10,19,30142
3,2,lr_1em05_sched_none_img_320_ft_full_loss_focal_906b334381,1e-05,none,320,full,focal,resnet18,imagenet,70,31,39,122,24,9,15,44,0.75,0.7185185185185186,0.5897144321057364,0.7777777777777778,0.7333333333333333,0.6363636363636364,0.7777777777777778,0.7,0.3800672888755798,11,4,2,7,12,30242
3,3,lr_1em05_sched_none_img_320_ft_full_loss_focal_906b334381,1e-05,none,320,full,focal,resnet18,imagenet,71,30,41,124,23,10,13,42,0.8695652173913043,0.9230769230769232,0.9105880230880232,0.9,0.8461538461538461,0.8181818181818182,0.9,0.8571428571428571,0.5051679611206055,11,2,1,9,20,30342
3,4,lr_1em05_sched_none_img_320_ft_full_loss_focal_906b334381,1e-05,none,320,full,focal,resnet18,imagenet,71,31,40,127,23,9,14,39,0.782608695652174,0.7301587301587301,0.7207631874298541,0.5555555555555556,0.9285714285714286,0.8333333333333334,0.5555555555555556,0.6666666666666666,0.5044283270835876,13,1,4,5,16,30442
3,1,lr_1em04_sched_step_img_224_ft_fc_only_loss_weighted_cross_entropy_3528f314c6,0.0001,step,224,fc_only,weighted_cross_entropy,resnet18,imagenet,70,28,42,125,24,12,12,41,0.625,0.5277777777777778,0.5442999495631076,0.6666666666666666,0.5833333333333334,0.6153846153846154,0.6666666666666666,0.64,0.2583763599395752,7,5,4,8,12,30142
3,2,lr_1em04_sched_step_img_224_ft_fc_only_loss_weighted_cross_entropy_3528f314c6,0.0001,step,224,fc_only,weighted_cross_entropy,resnet18,imagenet,70,31,39,122,24,9,15,44,0.75,0.6888888888888889,0.5036734870068204,0.8888888888888888,0.6666666666666666,0.6153846153846154,0.8888888888888888,0.7272727272727273,0.4270142614841461,10,5,1,8,1,30242
3,3,lr_1em04_sched_step_img_224_ft_fc_only_loss_weighted_cross_entropy_3528f314c6,0.0001,step,224,fc_only,weighted_cross_entropy,resnet18,imagenet,71,30,41,124,23,10,13,42,0.7391304347826086,0.6461538461538462,0.6097402597402597,0.6,0.8461538461538461,0.75,0.6,0.6666666666666666,0.1979312598705291,11,2,4,6,14,30342
3,4,lr_1em04_sched_step_img_224_ft_fc_only_loss_weighted_cross_entropy_3528f314c6,0.0001,step,224,fc_only,weighted_cross_entropy,resnet18,imagenet,71,31,40,127,23,9,14,39,0.391304347826087,0.365079365079365,0.3441301431003948,1.0,0.0,0.391304347826087,1.0,0.5625,0.0455957576632499,0,14,0,9,5,30442
3,1,lr_1em04_sched_step_img_224_ft_fc_only_loss_focal_01d1647617,0.0001,step,224,fc_only,focal,resnet18,imagenet,70,28,42,125,24,12,12,41,0.625,0.5625,0.5651962151768652,0.9166666666666666,0.3333333333333333,0.5789473684210527,0.9166666666666666,0.7096774193548387,0.2770687043666839,4,8,1,11,21,30142
3,2,lr_1em04_sched_step_img_224_ft_fc_only_loss_focal_01d1647617,0.0001,step,224,fc_only,focal,resnet18,imagenet,70,31,39,122,24,9,15,44,0.6666666666666666,0.6592592592592592,0.485297418630752,0.8888888888888888,0.5333333333333333,0.5333333333333333,0.8888888888888888,0.6666666666666666,0.4203864336013794,8,7,1,8,1,30242
3,3,lr_1em04_sched_step_img_224_ft_fc_only_loss_focal_01d1647617,0.0001,step,224,fc_only,focal,resnet18,imagenet,71,30,41,124,23,10,13,42,0.7391304347826086,0.6384615384615384,0.6071578421578422,0.5,0.9230769230769232,0.8333333333333334,0.5,0.625,0.4407950043678283,12,1,5,5,25,30342
3,4,lr_1em04_sched_step_img_224_ft_fc_only_loss_focal_01d1647617,0.0001,step,224,fc_only,focal,resnet18,imagenet,71,31,40,127,23,9,14,39,0.6521739130434783,0.3888888888888889,0.4080225129138173,0.4444444444444444,0.7857142857142857,0.5714285714285714,0.4444444444444444,0.5,0.3497254550457001,11,3,5,4,9,30442
3,1,lr_1em04_sched_step_img_224_ft_layer4_fc_loss_weighted_cross_entropy_d015fb22bf,0.0001,step,224,layer4_fc,weighted_cross_entropy,resnet18,imagenet,70,28,42,125,24,12,12,41,0.75,0.8055555555555556,0.8151199494949494,0.75,0.75,0.75,0.75,0.75,0.2077136933803558,9,3,3,9,12,30142
3,2,lr_1em04_sched_step_img_224_ft_layer4_fc_loss_weighted_cross_entropy_d015fb22bf,0.0001,step,224,layer4_fc,weighted_cross_entropy,resnet18,imagenet,70,31,39,122,24,9,15,44,0.6666666666666666,0.6962962962962962,0.599335232668566,0.8888888888888888,0.5333333333333333,0.5333333333333333,0.8888888888888888,0.6666666666666666,0.1056543365120887,8,7,1,8,30,30242
3,3,lr_1em04_sched_step_img_224_ft_layer4_fc_loss_weighted_cross_entropy_d015fb22bf,0.0001,step,224,layer4_fc,weighted_cross_entropy,resnet18,imagenet,71,30,41,124,23,10,13,42,0.8260869565217391,0.8,0.8086688311688311,0.7,0.9230769230769232,0.875,0.7,0.7777777777777778,0.4800098240375519,12,1,3,7,5,30342
3,4,lr_1em04_sched_step_img_224_ft_layer4_fc_loss_weighted_cross_entropy_d015fb22bf,0.0001,step,224,layer4_fc,weighted_cross_entropy,resnet18,imagenet,71,31,40,127,23,9,14,39,0.8260869565217391,0.7619047619047619,0.8053830227743273,0.6666666666666666,0.9285714285714286,0.8571428571428571,0.6666666666666666,0.75,0.1442316472530365,13,1,3,6,17,30442
3,1,lr_1em04_sched_step_img_224_ft_layer4_fc_loss_focal_80411213cb,0.0001,step,224,layer4_fc,focal,resnet18,imagenet,70,28,42,125,24,12,12,41,0.7916666666666666,0.7847222222222222,0.6828707784590138,0.8333333333333334,0.75,0.7692307692307693,0.8333333333333334,0.8,0.3362716436386108,9,3,2,10,18,30142
3,2,lr_1em04_sched_step_img_224_ft_layer4_fc_loss_focal_80411213cb,0.0001,step,224,layer4_fc,focal,resnet18,imagenet,70,31,39,122,24,9,15,44,0.75,0.7851851851851852,0.6065646771529125,0.8888888888888888,0.6666666666666666,0.6153846153846154,0.8888888888888888,0.7272727272727273,0.2520328164100647,10,5,1,8,4,30242
3,3,lr_1em04_sched_step_img_224_ft_layer4_fc_loss_focal_80411213cb,0.0001,step,224,layer4_fc,focal,resnet18,imagenet,71,30,41,124,23,10,13,42,0.9130434782608696,0.9153846153846156,0.9219444444444445,0.9,0.9230769230769232,0.9,0.9,0.9,0.108306236565113,12,1,1,9,9,30342
3,4,lr_1em04_sched_step_img_224_ft_layer4_fc_loss_focal_80411213cb,0.0001,step,224,layer4_fc,focal,resnet18,imagenet,71,31,40,127,23,9,14,39,0.782608695652174,0.7380952380952381,0.7677489177489178,0.6666666666666666,0.8571428571428571,0.75,0.6666666666666666,0.7058823529411765,0.1886747181415558,12,2,3,6,12,30442
3,1,lr_1em04_sched_step_img_224_ft_layer3_layer4_fc_loss_weighted_cross_entropy_ef5e104c47,0.0001,step,224,layer3_layer4_fc,weighted_cross_entropy,resnet18,imagenet,70,28,42,125,24,12,12,41,0.8333333333333334,0.9097222222222224,0.9156024531024533,0.8333333333333334,0.8333333333333334,0.8333333333333334,0.8333333333333334,0.8333333333333334,0.1748785078525543,10,2,2,10,18,30142
3,2,lr_1em04_sched_step_img_224_ft_layer3_layer4_fc_loss_weighted_cross_entropy_ef5e104c47,0.0001,step,224,layer3_layer4_fc,weighted_cross_entropy,resnet18,imagenet,70,31,39,122,24,9,15,44,0.75,0.7037037037037037,0.5834356514181076,0.7777777777777778,0.7333333333333333,0.6363636363636364,0.7777777777777778,0.7,0.1261012852191925,11,4,2,7,20,30242
3,3,lr_1em04_sched_step_img_224_ft_layer3_layer4_fc_loss_weighted_cross_entropy_ef5e104c47,0.0001,step,224,layer3_layer4_fc,weighted_cross_entropy,resnet18,imagenet,71,30,41,124,23,10,13,42,0.8695652173913043,0.9230769230769232,0.9159848484848484,0.9,0.8461538461538461,0.8181818181818182,0.9,0.8571428571428571,0.3335716128349304,11,2,1,9,9,30342
3,4,lr_1em04_sched_step_img_224_ft_layer3_layer4_fc_loss_weighted_cross_entropy_ef5e104c47,0.0001,step,224,layer3_layer4_fc,weighted_cross_entropy,resnet18,imagenet,71,31,40,127,23,9,14,39,0.8260869565217391,0.7222222222222222,0.7003147966534695,0.6666666666666666,0.9285714285714286,0.8571428571428571,0.6666666666666666,0.75,0.4049663245677948,13,1,3,6,21,30442
3,1,lr_1em04_sched_step_img_224_ft_layer3_layer4_fc_loss_focal_3046730bb6,0.0001,step,224,layer3_layer4_fc,focal,resnet18,imagenet,70,28,42,125,24,12,12,41,0.8333333333333334,0.8055555555555556,0.7488099318981671,0.9166666666666666,0.75,0.7857142857142857,0.9166666666666666,0.8461538461538461,0.5613476037979126,9,3,1,11,5,30142
3,2,lr_1em04_sched_step_img_224_ft_layer3_layer4_fc_loss_focal_3046730bb6,0.0001,step,224,layer3_layer4_fc,focal,resnet18,imagenet,70,31,39,122,24,9,15,44,0.7083333333333334,0.6666666666666666,0.5172103734281237,0.6666666666666666,0.7333333333333333,0.6,0.6666666666666666,0.631578947368421,0.4484220147132873,11,4,3,6,3,30242
3,3,lr_1em04_sched_step_img_224_ft_layer3_layer4_fc_loss_focal_3046730bb6,0.0001,step,224,layer3_layer4_fc,focal,resnet18,imagenet,71,30,41,124,23,10,13,42,0.8260869565217391,0.8692307692307693,0.859563492063492,0.8,0.8461538461538461,0.8,0.8,0.8,0.2526564598083496,11,2,2,8,7,30342
3,4,lr_1em04_sched_step_img_224_ft_layer3_layer4_fc_loss_focal_3046730bb6,0.0001,step,224,layer3_layer4_fc,focal,resnet18,imagenet,71,31,40,127,23,9,14,39,0.7391304347826086,0.6666666666666667,0.6526075289233184,0.4444444444444444,0.9285714285714286,0.8,0.4444444444444444,0.5714285714285714,0.4012214541435241,13,1,5,4,6,30442
3,1,lr_1em04_sched_step_img_224_ft_full_loss_weighted_cross_entropy_c5368ba9f8,0.0001,step,224,full,weighted_cross_entropy,resnet18,imagenet,70,28,42,125,24,12,12,41,0.7916666666666666,0.8611111111111112,0.8932492945650841,0.5833333333333334,1.0,1.0,0.5833333333333334,0.7368421052631579,0.3130748867988586,12,0,5,7,29,30142
3,2,lr_1em04_sched_step_img_224_ft_full_loss_weighted_cross_entropy_c5368ba9f8,0.0001,step,224,full,weighted_cross_entropy,resnet18,imagenet,70,31,39,122,24,9,15,44,0.8333333333333334,0.7925925925925925,0.6072491835649729,0.8888888888888888,0.8,0.7272727272727273,0.8888888888888888,0.8,0.263720840215683,12,3,1,8,10,30242
3,3,lr_1em04_sched_step_img_224_ft_full_loss_weighted_cross_entropy_c5368ba9f8,0.0001,step,224,full,weighted_cross_entropy,resnet18,imagenet,71,30,41,124,23,10,13,42,0.9130434782608696,0.9307692307692308,0.9406417112299464,0.8,1.0,1.0,0.8,0.8888888888888888,0.1334163248538971,13,0,2,8,17,30342
3,4,lr_1em04_sched_step_img_224_ft_full_loss_weighted_cross_entropy_c5368ba9f8,0.0001,step,224,full,weighted_cross_entropy,resnet18,imagenet,71,31,40,127,23,9,14,39,0.782608695652174,0.8333333333333333,0.8431938431938433,0.8888888888888888,0.7142857142857143,0.6666666666666666,0.8888888888888888,0.7619047619047619,0.1238488554954528,10,4,1,8,17,30442
3,1,lr_1em04_sched_step_img_224_ft_full_loss_focal_17f3442150,0.0001,step,224,full,focal,resnet18,imagenet,70,28,42,125,24,12,12,41,0.75,0.7708333333333334,0.8021538918597741,0.5833333333333334,0.9166666666666666,0.875,0.5833333333333334,0.7,0.3168167769908905,11,1,5,7,11,30142
3,2,lr_1em04_sched_step_img_224_ft_full_loss_focal_17f3442150,0.0001,step,224,full,focal,resnet18,imagenet,70,31,39,122,24,9,15,44,0.7916666666666666,0.7555555555555555,0.6637885061798104,0.8888888888888888,0.7333333333333333,0.6666666666666666,0.8888888888888888,0.7619047619047619,0.3771445453166961,11,4,1,8,1,30242
3,3,lr_1em04_sched_step_img_224_ft_full_loss_focal_17f3442150,0.0001,step,224,full,focal,resnet18,imagenet,71,30,41,124,23,10,13,42,0.8695652173913043,0.8230769230769232,0.8749874686716791,0.7,1.0,1.0,0.7,0.8235294117647058,0.3036735951900482,13,0,3,7,12,30342
3,4,lr_1em04_sched_step_img_224_ft_full_loss_focal_17f3442150,0.0001,step,224,full,focal,resnet18,imagenet,71,31,40,127,23,9,14,39,0.782608695652174,0.8492063492063492,0.8526455026455029,0.8888888888888888,0.7142857142857143,0.6666666666666666,0.8888888888888888,0.7619047619047619,0.2550249397754669,10,4,1,8,18,30442
3,1,lr_1em04_sched_step_img_320_ft_fc_only_loss_weighted_cross_entropy_498b9f67ff,0.0001,step,320,fc_only,weighted_cross_entropy,resnet18,imagenet,70,28,42,125,24,12,12,41,0.6666666666666666,0.5625,0.5921885783298826,0.5833333333333334,0.75,0.7,0.5833333333333334,0.6363636363636364,0.353373646736145,9,3,5,7,11,30142
3,2,lr_1em04_sched_step_img_320_ft_fc_only_loss_weighted_cross_entropy_498b9f67ff,0.0001,step,320,fc_only,weighted_cross_entropy,resnet18,imagenet,70,31,39,122,24,9,15,44,0.7083333333333334,0.5777777777777777,0.5877207750014768,0.3333333333333333,0.9333333333333332,0.75,0.3333333333333333,0.4615384615384615,0.4644249975681305,14,1,6,3,2,30242
3,3,lr_1em04_sched_step_img_320_ft_fc_only_loss_weighted_cross_entropy_498b9f67ff,0.0001,step,320,fc_only,weighted_cross_entropy,resnet18,imagenet,71,30,41,124,23,10,13,42,0.6956521739130435,0.6615384615384615,0.680595238095238,0.3,1.0,1.0,0.3,0.4615384615384615,0.6106561422348022,13,0,7,3,4,30342
3,4,lr_1em04_sched_step_img_320_ft_fc_only_loss_weighted_cross_entropy_498b9f67ff,0.0001,step,320,fc_only,weighted_cross_entropy,resnet18,imagenet,71,31,40,127,23,9,14,39,0.6956521739130435,0.6349206349206349,0.6436942686942686,0.5555555555555556,0.7857142857142857,0.625,0.5555555555555556,0.5882352941176471,0.3572677373886108,11,3,4,5,1,30442
3,1,lr_1em04_sched_step_img_320_ft_fc_only_loss_focal_4ea8bce2fb,0.0001,step,320,fc_only,focal,resnet18,imagenet,70,28,42,125,24,12,12,41,0.625,0.5625,0.6252808667130918,0.75,0.5,0.6,0.75,0.6666666666666666,0.6851586699485779,6,6,3,9,2,30142
3,2,lr_1em04_sched_step_img_320_ft_fc_only_loss_focal_4ea8bce2fb,0.0001,step,320,fc_only,focal,resnet18,imagenet,70,31,39,122,24,9,15,44,0.75,0.5925925925925926,0.6173101469821531,0.3333333333333333,1.0,1.0,0.3333333333333333,0.5,0.4994040131568908,15,0,6,3,2,30242
3,3,lr_1em04_sched_step_img_320_ft_fc_only_loss_focal_4ea8bce2fb,0.0001,step,320,fc_only,focal,resnet18,imagenet,71,30,41,124,23,10,13,42,0.6956521739130435,0.6461538461538462,0.6746303258145363,0.3,1.0,1.0,0.3,0.4615384615384615,0.6560856699943542,13,0,7,3,4,30342
3,4,lr_1em04_sched_step_img_320_ft_fc_only_loss_focal_4ea8bce2fb,0.0001,step,320,fc_only,focal,resnet18,imagenet,71,31,40,127,23,9,14,39,0.7391304347826086,0.634920634920635,0.6369482369482369,0.5555555555555556,0.8571428571428571,0.7142857142857143,0.5555555555555556,0.625,0.3322220742702484,12,2,4,5,1,30442
3,1,lr_1em04_sched_step_img_320_ft_layer4_fc_loss_weighted_cross_entropy_75ba4e1d96,0.0001,step,320,layer4_fc,weighted_cross_entropy,resnet18,imagenet,70,28,42,125,24,12,12,41,0.75,0.7777777777777778,0.820162938912939,0.75,0.75,0.75,0.75,0.75,0.2444773316383361,9,3,3,9,16,30142
3,2,lr_1em04_sched_step_img_320_ft_layer4_fc_loss_weighted_cross_entropy_75ba4e1d96,0.0001,step,320,layer4_fc,weighted_cross_entropy,resnet18,imagenet,70,31,39,122,24,9,15,44,0.75,0.725925925925926,0.5887464387464387,0.8888888888888888,0.6666666666666666,0.6153846153846154,0.8888888888888888,0.7272727272727273,0.2281314730644226,10,5,1,8,12,30242
3,3,lr_1em04_sched_step_img_320_ft_layer4_fc_loss_weighted_cross_entropy_75ba4e1d96,0.0001,step,320,layer4_fc,weighted_cross_entropy,resnet18,imagenet,71,30,41,124,23,10,13,42,0.9565217391304348,0.946153846153846,0.9588235294117649,0.9,1.0,1.0,0.9,0.9473684210526316,0.4830891788005829,13,0,1,9,22,30342
3,4,lr_1em04_sched_step_img_320_ft_layer4_fc_loss_weighted_cross_entropy_75ba4e1d96,0.0001,step,320,layer4_fc,weighted_cross_entropy,resnet18,imagenet,71,31,40,127,23,9,14,39,0.8260869565217391,0.6825396825396826,0.6285555373942102,0.6666666666666666,0.9285714285714286,0.8571428571428571,0.6666666666666666,0.75,0.2906879186630249,13,1,3,6,13,30442
3,1,lr_1em04_sched_step_img_320_ft_layer4_fc_loss_focal_130b3233c3,0.0001,step,320,layer4_fc,focal,resnet18,imagenet,70,28,42,125,24,12,12,41,0.75,0.7986111111111112,0.8287889863547758,0.6666666666666666,0.8333333333333334,0.8,0.6666666666666666,0.7272727272727273,0.5882697701454163,10,2,4,8,5,30142
3,2,lr_1em04_sched_step_img_320_ft_layer4_fc_loss_focal_130b3233c3,0.0001,step,320,layer4_fc,focal,resnet18,imagenet,70,31,39,122,24,9,15,44,0.8333333333333334,0.8740740740740741,0.8273487315153982,0.7777777777777778,0.8666666666666667,0.7777777777777778,0.7777777777777778,0.7777777777777778,0.7325767874717712,13,2,2,7,7,30242
3,3,lr_1em04_sched_step_img_320_ft_layer4_fc_loss_focal_130b3233c3,0.0001,step,320,layer4_fc,focal,resnet18,imagenet,71,30,41,124,23,10,13,42,0.8260869565217391,0.8923076923076922,0.8834415584415584,0.9,0.7692307692307693,0.75,0.9,0.8181818181818182,0.4001307487487793,10,3,1,9,23,30342
3,4,lr_1em04_sched_step_img_320_ft_layer4_fc_loss_focal_130b3233c3,0.0001,step,320,layer4_fc,focal,resnet18,imagenet,71,31,40,127,23,9,14,39,0.782608695652174,0.8174603174603174,0.8100389863547759,0.7777777777777778,0.7857142857142857,0.7,0.7777777777777778,0.7368421052631579,0.3081649839878082,11,3,2,7,8,30442
3,1,lr_1em04_sched_step_img_320_ft_layer3_layer4_fc_loss_weighted_cross_entropy_1af0675037,0.0001,step,320,layer3_layer4_fc,weighted_cross_entropy,resnet18,imagenet,70,28,42,125,24,12,12,41,0.8333333333333334,0.861111111111111,0.9050628568291612,0.8333333333333334,0.8333333333333334,0.8333333333333334,0.8333333333333334,0.8333333333333334,0.3089651465415954,10,2,2,10,10,30142
3,2,lr_1em04_sched_step_img_320_ft_layer3_layer4_fc_loss_weighted_cross_entropy_1af0675037,0.0001,step,320,layer3_layer4_fc,weighted_cross_entropy,resnet18,imagenet,70,31,39,122,24,9,15,44,0.75,0.8,0.6974826099826099,0.8888888888888888,0.6666666666666666,0.6153846153846154,0.8888888888888888,0.7272727272727273,0.4176150560379028,10,5,1,8,11,30242
3,3,lr_1em04_sched_step_img_320_ft_layer3_layer4_fc_loss_weighted_cross_entropy_1af0675037,0.0001,step,320,layer3_layer4_fc,weighted_cross_entropy,resnet18,imagenet,71,30,41,124,23,10,13,42,0.8695652173913043,0.8846153846153847,0.908119658119658,0.8,0.9230769230769232,0.8888888888888888,0.8,0.8421052631578947,0.5675364136695862,12,1,2,8,11,30342
3,4,lr_1em04_sched_step_img_320_ft_layer3_layer4_fc_loss_weighted_cross_entropy_1af0675037,0.0001,step,320,layer3_layer4_fc,weighted_cross_entropy,resnet18,imagenet,71,31,40,127,23,9,14,39,0.782608695652174,0.7857142857142857,0.7586297760210805,0.8888888888888888,0.7142857142857143,0.6666666666666666,0.8888888888888888,0.7619047619047619,0.1140028238296508,10,4,1,8,21,30442
3,1,lr_1em04_sched_step_img_320_ft_layer3_layer4_fc_loss_focal_41d524f6ac,0.0001,step,320,layer3_layer4_fc,focal,resnet18,imagenet,70,28,42,125,24,12,12,41,0.7083333333333334,0.7222222222222222,0.7579045752958796,0.75,0.6666666666666666,0.6923076923076923,0.75,0.72,0.6689578890800476,8,4,3,9,2,30142
3,2,lr_1em04_sched_step_img_320_ft_layer3_layer4_fc_loss_focal_41d524f6ac,0.0001,step,320,layer3_layer4_fc,focal,resnet18,imagenet,70,31,39,122,24,9,15,44,0.7916666666666666,0.8148148148148148,0.7916564916564917,0.7777777777777778,0.8,0.7,0.7777777777777778,0.7368421052631579,0.448776364326477,12,3,2,7,10,30242
3,3,lr_1em04_sched_step_img_320_ft_layer3_layer4_fc_loss_focal_41d524f6ac,0.0001,step,320,layer3_layer4_fc,focal,resnet18,imagenet,71,30,41,124,23,10,13,42,0.8695652173913043,0.8846153846153846,0.8922275385433279,0.9,0.8461538461538461,0.8181818181818182,0.9,0.8571428571428571,0.2954673767089844,11,2,1,9,4,30342
3,4,lr_1em04_sched_step_img_320_ft_layer3_layer4_fc_loss_focal_41d524f6ac,0.0001,step,320,layer3_layer4_fc,focal,resnet18,imagenet,71,31,40,127,23,9,14,39,0.8695652173913043,0.8333333333333334,0.838756613756614,0.7777777777777778,0.9285714285714286,0.875,0.7777777777777778,0.8235294117647058,0.1971457302570343,13,1,2,7,8,30442
3,1,lr_1em04_sched_step_img_320_ft_full_loss_weighted_cross_entropy_9d8dca3eb2,0.0001,step,320,full,weighted_cross_entropy,resnet18,imagenet,70,28,42,125,24,12,12,41,0.7916666666666666,0.8194444444444444,0.8532268170426065,0.6666666666666666,0.9166666666666666,0.8888888888888888,0.6666666666666666,0.7619047619047619,0.3892419934272766,11,1,4,8,10,30142
3,2,lr_1em04_sched_step_img_320_ft_full_loss_weighted_cross_entropy_9d8dca3eb2,0.0001,step,320,full,weighted_cross_entropy,resnet18,imagenet,70,31,39,122,24,9,15,44,0.7083333333333334,0.762962962962963,0.6565055315055315,0.8888888888888888,0.6,0.5714285714285714,0.8888888888888888,0.6956521739130435,0.2704353034496307,9,6,1,8,8,30242
3,3,lr_1em04_sched_step_img_320_ft_full_loss_weighted_cross_entropy_9d8dca3eb2,0.0001,step,320,full,weighted_cross_entropy,resnet18,imagenet,71,30,41,124,23,10,13,42,0.9565217391304348,0.9384615384615383,0.9555555555555556,0.9,1.0,1.0,0.9,0.9473684210526316,0.6281591653823853,13,0,1,9,29,30342
3,4,lr_1em04_sched_step_img_320_ft_full_loss_weighted_cross_entropy_9d8dca3eb2,0.0001,step,320,full,weighted_cross_entropy,resnet18,imagenet,71,31,40,127,23,9,14,39,0.782608695652174,0.8253968253968255,0.8085238348396244,0.8888888888888888,0.7142857142857143,0.6666666666666666,0.8888888888888888,0.7619047619047619,0.2940823435783386,10,4,1,8,16,30442
3,1,lr_1em04_sched_step_img_320_ft_full_loss_focal_e52545cdfc,0.0001,step,320,full,focal,resnet18,imagenet,70,28,42,125,24,12,12,41,0.7916666666666666,0.8472222222222222,0.8704187016687016,0.8333333333333334,0.75,0.7692307692307693,0.8333333333333334,0.8,0.4360988140106201,9,3,2,10,17,30142
3,2,lr_1em04_sched_step_img_320_ft_full_loss_focal_e52545cdfc,0.0001,step,320,full,focal,resnet18,imagenet,70,31,39,122,24,9,15,44,0.7916666666666666,0.7555555555555556,0.6331908831908832,0.7777777777777778,0.8,0.7,0.7777777777777778,0.7368421052631579,0.3761940896511078,12,3,2,7,3,30242
3,3,lr_1em04_sched_step_img_320_ft_full_loss_focal_e52545cdfc,0.0001,step,320,full,focal,resnet18,imagenet,71,30,41,124,23,10,13,42,0.8260869565217391,0.8076923076923077,0.7575125313283207,0.7,0.9230769230769232,0.875,0.7,0.7777777777777778,0.3791727721691131,12,1,3,7,6,30342
3,4,lr_1em04_sched_step_img_320_ft_full_loss_focal_e52545cdfc,0.0001,step,320,full,focal,resnet18,imagenet,71,31,40,127,23,9,14,39,0.8260869565217391,0.7777777777777778,0.7707231040564375,0.7777777777777778,0.8571428571428571,0.7777777777777778,0.7777777777777778,0.7777777777777778,0.3396796584129333,12,2,2,7,1,30442
3,1,lr_1em04_sched_cosine_img_224_ft_fc_only_loss_weighted_cross_entropy_444ada7645,0.0001,cosine,224,fc_only,weighted_cross_entropy,resnet18,imagenet,70,28,42,125,24,12,12,41,0.625,0.5625,0.5538050600357102,0.9166666666666666,0.3333333333333333,0.5789473684210527,0.9166666666666666,0.7096774193548387,0.2260819673538208,4,8,1,11,15,30142
3,2,lr_1em04_sched_cosine_img_224_ft_fc_only_loss_weighted_cross_entropy_444ada7645,0.0001,cosine,224,fc_only,weighted_cross_entropy,resnet18,imagenet,70,31,39,122,24,9,15,44,0.7083333333333334,0.6814814814814815,0.4969376302709636,0.7777777777777778,0.6666666666666666,0.5833333333333334,0.7777777777777778,0.6666666666666666,0.3955774307250976,10,5,2,7,1,30242
3,3,lr_1em04_sched_cosine_img_224_ft_fc_only_loss_weighted_cross_entropy_444ada7645,0.0001,cosine,224,fc_only,weighted_cross_entropy,resnet18,imagenet,71,30,41,124,23,10,13,42,0.7391304347826086,0.6538461538461539,0.6675133689839572,0.6,0.8461538461538461,0.75,0.6,0.6666666666666666,0.2384973168373108,11,2,4,6,24,30342
3,4,lr_1em04_sched_cosine_img_224_ft_fc_only_loss_weighted_cross_entropy_444ada7645,0.0001,cosine,224,fc_only,weighted_cross_entropy,resnet18,imagenet,71,31,40,127,23,9,14,39,0.6086956521739131,0.3571428571428571,0.3977781520115616,0.4444444444444444,0.7142857142857143,0.5,0.4444444444444444,0.4705882352941176,0.3370947241783142,10,4,5,4,9,30442
3,1,lr_1em04_sched_cosine_img_224_ft_fc_only_loss_focal_410b517dba,0.0001,cosine,224,fc_only,focal,resnet18,imagenet,70,28,42,125,24,12,12,41,0.625,0.5833333333333334,0.5663173503053534,0.5833333333333334,0.6666666666666666,0.6363636363636364,0.5833333333333334,0.6086956521739131,0.3196760714054107,8,4,5,7,20,30142
3,2,lr_1em04_sched_cosine_img_224_ft_fc_only_loss_focal_410b517dba,0.0001,cosine,224,fc_only,focal,resnet18,imagenet,70,31,39,122,24,9,15,44,0.7083333333333334,0.674074074074074,0.4945566778900112,0.7777777777777778,0.6666666666666666,0.5833333333333334,0.7777777777777778,0.6666666666666666,0.4259309768676758,10,5,2,7,1,30242
3,3,lr_1em04_sched_cosine_img_224_ft_fc_only_loss_focal_410b517dba,0.0001,cosine,224,fc_only,focal,resnet18,imagenet,71,30,41,124,23,10,13,42,0.7391304347826086,0.6230769230769231,0.5999783549783549,0.5,0.9230769230769232,0.8333333333333334,0.5,0.625,0.3946198523044586,12,1,5,5,14,30342
3,4,lr_1em04_sched_cosine_img_224_ft_fc_only_loss_focal_410b517dba,0.0001,cosine,224,fc_only,focal,resnet18,imagenet,71,31,40,127,23,9,14,39,0.391304347826087,0.3492063492063492,0.3396323790825069,1.0,0.0,0.391304347826087,1.0,0.5625,0.0528878644108772,0,14,0,9,5,30442
3,1,lr_1em04_sched_cosine_img_224_ft_layer4_fc_loss_weighted_cross_entropy_68e86ebf06,0.0001,cosine,224,layer4_fc,weighted_cross_entropy,resnet18,imagenet,70,28,42,125,24,12,12,41,0.7916666666666666,0.8541666666666666,0.8447632841015194,0.75,0.8333333333333334,0.8181818181818182,0.75,0.782608695652174,0.2094858586788177,10,2,3,9,16,30142
3,2,lr_1em04_sched_cosine_img_224_ft_layer4_fc_loss_weighted_cross_entropy_68e86ebf06,0.0001,cosine,224,layer4_fc,weighted_cross_entropy,resnet18,imagenet,70,31,39,122,24,9,15,44,0.6666666666666666,0.7333333333333334,0.5807136763019116,1.0,0.4666666666666667,0.5294117647058824,1.0,0.6923076923076923,0.0195081606507301,7,8,0,9,14,30242
3,3,lr_1em04_sched_cosine_img_224_ft_layer4_fc_loss_weighted_cross_entropy_68e86ebf06,0.0001,cosine,224,layer4_fc,weighted_cross_entropy,resnet18,imagenet,71,30,41,124,23,10,13,42,0.9565217391304348,0.9153846153846154,0.9476190476190476,0.9,1.0,1.0,0.9,0.9473684210526316,0.1570010632276535,13,0,1,9,12,30342
3,4,lr_1em04_sched_cosine_img_224_ft_layer4_fc_loss_weighted_cross_entropy_68e86ebf06,0.0001,cosine,224,layer4_fc,weighted_cross_entropy,resnet18,imagenet,71,31,40,127,23,9,14,39,0.7391304347826086,0.6587301587301587,0.5940674864587908,0.6666666666666666,0.7857142857142857,0.6666666666666666,0.6666666666666666,0.6666666666666666,0.0917124301195144,11,3,3,6,8,30442
3,1,lr_1em04_sched_cosine_img_224_ft_layer4_fc_loss_focal_8eca8245ec,0.0001,cosine,224,layer4_fc,focal,resnet18,imagenet,70,28,42,125,24,12,12,41,0.8333333333333334,0.8055555555555555,0.7733139001521354,0.9166666666666666,0.75,0.7857142857142857,0.9166666666666666,0.8461538461538461,0.4258967339992523,9,3,1,11,11,30142
3,2,lr_1em04_sched_cosine_img_224_ft_layer4_fc_loss_focal_8eca8245ec,0.0001,cosine,224,layer4_fc,focal,resnet18,imagenet,70,31,39,122,24,9,15,44,0.75,0.7555555555555555,0.5781712115045448,1.0,0.6,0.6,1.0,0.75,0.2733249962329864,9,6,0,9,1,30242
3,3,lr_1em04_sched_cosine_img_224_ft_layer4_fc_loss_focal_8eca8245ec,0.0001,cosine,224,layer4_fc,focal,resnet18,imagenet,71,30,41,124,23,10,13,42,0.9565217391304348,0.9307692307692308,0.9526315789473684,0.9,1.0,1.0,0.9,0.9473684210526316,0.2999469339847564,13,0,1,9,12,30342
3,4,lr_1em04_sched_cosine_img_224_ft_layer4_fc_loss_focal_8eca8245ec,0.0001,cosine,224,layer4_fc,focal,resnet18,imagenet,71,31,40,127,23,9,14,39,0.782608695652174,0.6825396825396826,0.6856661856661856,0.6666666666666666,0.8571428571428571,0.75,0.6666666666666666,0.7058823529411765,0.3438776135444641,12,2,3,6,9,30442
3,1,lr_1em04_sched_cosine_img_224_ft_layer3_layer4_fc_loss_weighted_cross_entropy_691980fc50,0.0001,cosine,224,layer3_layer4_fc,weighted_cross_entropy,resnet18,imagenet,70,28,42,125,24,12,12,41,0.7916666666666666,0.8263888888888888,0.8128897178529533,0.8333333333333334,0.75,0.7692307692307693,0.8333333333333334,0.8,0.3023562133312225,9,3,2,10,9,30142
3,2,lr_1em04_sched_cosine_img_224_ft_layer3_layer4_fc_loss_weighted_cross_entropy_691980fc50,0.0001,cosine,224,layer3_layer4_fc,weighted_cross_entropy,resnet18,imagenet,70,31,39,122,24,9,15,44,0.8333333333333334,0.7925925925925926,0.6618927368927369,0.8888888888888888,0.8,0.7272727272727273,0.8888888888888888,0.8,0.2487186640501022,12,3,1,8,18,30242
3,3,lr_1em04_sched_cosine_img_224_ft_layer3_layer4_fc_loss_weighted_cross_entropy_691980fc50,0.0001,cosine,224,layer3_layer4_fc,weighted_cross_entropy,resnet18,imagenet,71,30,41,124,23,10,13,42,0.8695652173913043,0.8769230769230769,0.8474671080553433,0.9,0.8461538461538461,0.8181818181818182,0.9,0.8571428571428571,0.209622710943222,11,2,1,9,15,30342
3,4,lr_1em04_sched_cosine_img_224_ft_layer3_layer4_fc_loss_weighted_cross_entropy_691980fc50,0.0001,cosine,224,layer3_layer4_fc,weighted_cross_entropy,resnet18,imagenet,71,31,40,127,23,9,14,39,0.782608695652174,0.7301587301587301,0.7221288515406163,0.6666666666666666,0.8571428571428571,0.75,0.6666666666666666,0.7058823529411765,0.2192539274692535,12,2,3,6,13,30442
3,1,lr_1em04_sched_cosine_img_224_ft_layer3_layer4_fc_loss_focal_26653f65da,0.0001,cosine,224,layer3_layer4_fc,focal,resnet18,imagenet,70,28,42,125,24,12,12,41,0.6666666666666666,0.6458333333333334,0.692544703686008,0.75,0.5833333333333334,0.6428571428571429,0.75,0.6923076923076923,0.7209897637367249,7,5,3,9,3,30142
3,2,lr_1em04_sched_cosine_img_224_ft_layer3_layer4_fc_loss_focal_26653f65da,0.0001,cosine,224,layer3_layer4_fc,focal,resnet18,imagenet,70,31,39,122,24,9,15,44,0.7916666666666666,0.7481481481481481,0.6816439246263808,0.5555555555555556,0.9333333333333332,0.8333333333333334,0.5555555555555556,0.6666666666666666,0.4312658011913299,14,1,4,5,4,30242
3,3,lr_1em04_sched_cosine_img_224_ft_layer3_layer4_fc_loss_focal_26653f65da,0.0001,cosine,224,layer3_layer4_fc,focal,resnet18,imagenet,71,30,41,124,23,10,13,42,0.8695652173913043,0.8846153846153846,0.8511435786435786,0.9,0.8461538461538461,0.8181818181818182,0.9,0.8571428571428571,0.3738289177417755,11,2,1,9,20,30342
3,4,lr_1em04_sched_cosine_img_224_ft_layer3_layer4_fc_loss_focal_26653f65da,0.0001,cosine,224,layer3_layer4_fc,focal,resnet18,imagenet,71,31,40,127,23,9,14,39,0.6521739130434783,0.6428571428571428,0.5237658744905122,0.8888888888888888,0.5,0.5333333333333333,0.8888888888888888,0.6666666666666666,0.0681507214903831,7,7,1,8,5,30442
3,1,lr_1em04_sched_cosine_img_224_ft_full_loss_weighted_cross_entropy_76e3fcc61d,0.0001,cosine,224,full,weighted_cross_entropy,resnet18,imagenet,70,28,42,125,24,12,12,41,0.7083333333333334,0.7708333333333334,0.8034151635544824,0.5,0.9166666666666666,0.8571428571428571,0.5,0.631578947368421,0.9817447066307068,11,1,6,6,2,30142
3,2,lr_1em04_sched_cosine_img_224_ft_full_loss_weighted_cross_entropy_76e3fcc61d,0.0001,cosine,224,full,weighted_cross_entropy,resnet18,imagenet,70,31,39,122,24,9,15,44,0.75,0.762962962962963,0.6286935286935287,0.8888888888888888,0.6666666666666666,0.6153846153846154,0.8888888888888888,0.7272727272727273,0.2503170669078827,10,5,1,8,2,30242
3,3,lr_1em04_sched_cosine_img_224_ft_full_loss_weighted_cross_entropy_76e3fcc61d,0.0001,cosine,224,full,weighted_cross_entropy,resnet18,imagenet,71,30,41,124,23,10,13,42,0.9565217391304348,0.9538461538461538,0.9625,0.9,1.0,1.0,0.9,0.9473684210526316,0.412828117609024,13,0,1,9,17,30342
3,4,lr_1em04_sched_cosine_img_224_ft_full_loss_weighted_cross_entropy_76e3fcc61d,0.0001,cosine,224,full,weighted_cross_entropy,resnet18,imagenet,71,31,40,127,23,9,14,39,0.782608695652174,0.7142857142857143,0.7279415573533221,0.5555555555555556,0.9285714285714286,0.8333333333333334,0.5555555555555556,0.6666666666666666,0.2666385769844055,13,1,4,5,15,30442
3,1,lr_1em04_sched_cosine_img_224_ft_full_loss_focal_13433d0a9c,0.0001,cosine,224,full,focal,resnet18,imagenet,70,28,42,125,24,12,12,41,0.75,0.7083333333333334,0.7474602882497619,0.8333333333333334,0.6666666666666666,0.7142857142857143,0.8333333333333334,0.7692307692307693,0.3573202192783355,8,4,2,10,11,30142
3,2,lr_1em04_sched_cosine_img_224_ft_full_loss_focal_13433d0a9c,0.0001,cosine,224,full,focal,resnet18,imagenet,70,31,39,122,24,9,15,44,0.75,0.762962962962963,0.6225046558379892,1.0,0.6,0.6,1.0,0.75,0.1733985543251037,9,6,0,9,1,30242
3,3,lr_1em04_sched_cosine_img_224_ft_full_loss_focal_13433d0a9c,0.0001,cosine,224,full,focal,resnet18,imagenet,71,30,41,124,23,10,13,42,0.9130434782608696,0.9307692307692308,0.9377124183006535,0.9,0.9230769230769232,0.9,0.9,0.9,0.3669851720333099,12,1,1,9,7,30342
3,4,lr_1em04_sched_cosine_img_224_ft_full_loss_focal_13433d0a9c,0.0001,cosine,224,full,focal,resnet18,imagenet,71,31,40,127,23,9,14,39,0.8260869565217391,0.7936507936507936,0.766812816812817,0.6666666666666666,0.9285714285714286,0.8571428571428571,0.6666666666666666,0.75,0.39680016040802,13,1,3,6,17,30442
3,1,lr_1em04_sched_cosine_img_320_ft_fc_only_loss_weighted_cross_entropy_ac7cf43cc1,0.0001,cosine,320,fc_only,weighted_cross_entropy,resnet18,imagenet,70,28,42,125,24,12,12,41,0.625,0.5555555555555556,0.596229716338412,0.75,0.5,0.6,0.75,0.6666666666666666,0.7747877240180969,6,6,3,9,2,30142
3,2,lr_1em04_sched_cosine_img_320_ft_fc_only_loss_weighted_cross_entropy_ac7cf43cc1,0.0001,cosine,320,fc_only,weighted_cross_entropy,resnet18,imagenet,70,31,39,122,24,9,15,44,0.7083333333333334,0.5925925925925926,0.5945828742548804,0.3333333333333333,0.9333333333333332,0.75,0.3333333333333333,0.4615384615384615,0.5654782652854919,14,1,6,3,2,30242
3,3,lr_1em04_sched_cosine_img_320_ft_fc_only_loss_weighted_cross_entropy_ac7cf43cc1,0.0001,cosine,320,fc_only,weighted_cross_entropy,resnet18,imagenet,71,30,41,124,23,10,13,42,0.7391304347826086,0.7076923076923077,0.6458241758241758,0.7,0.7692307692307693,0.7,0.7,0.7,0.2958478033542633,10,3,3,7,12,30342
3,4,lr_1em04_sched_cosine_img_320_ft_fc_only_loss_weighted_cross_entropy_ac7cf43cc1,0.0001,cosine,320,fc_only,weighted_cross_entropy,resnet18,imagenet,71,31,40,127,23,9,14,39,0.6956521739130435,0.6349206349206349,0.6436942686942686,0.5555555555555556,0.7857142857142857,0.625,0.5555555555555556,0.5882352941176471,0.3545165657997131,11,3,4,5,1,30442
3,1,lr_1em04_sched_cosine_img_320_ft_fc_only_loss_focal_a2392d1b17,0.0001,cosine,320,fc_only,focal,resnet18,imagenet,70,28,42,125,24,12,12,41,0.625,0.5486111111111112,0.5947797773884731,0.75,0.5,0.6,0.75,0.6666666666666666,0.7394151091575623,6,6,3,9,2,30142
3,2,lr_1em04_sched_cosine_img_320_ft_fc_only_loss_focal_a2392d1b17,0.0001,cosine,320,fc_only,focal,resnet18,imagenet,70,31,39,122,24,9,15,44,0.7083333333333334,0.5925925925925926,0.5945828742548804,0.3333333333333333,0.9333333333333332,0.75,0.3333333333333333,0.4615384615384615,0.5548815131187439,14,1,6,3,2,30242
3,3,lr_1em04_sched_cosine_img_320_ft_fc_only_loss_focal_a2392d1b17,0.0001,cosine,320,fc_only,focal,resnet18,imagenet,71,30,41,124,23,10,13,42,0.6956521739130435,0.6692307692307692,0.6901190476190475,0.3,1.0,1.0,0.3,0.4615384615384615,0.5804182887077332,13,0,7,3,4,30342
3,4,lr_1em04_sched_cosine_img_320_ft_fc_only_loss_focal_a2392d1b17,0.0001,cosine,320,fc_only,focal,resnet18,imagenet,71,31,40,127,23,9,14,39,0.6521739130434783,0.6349206349206349,0.4948005698005698,0.8888888888888888,0.5,0.5333333333333333,0.8888888888888888,0.6666666666666666,0.3197620213031769,7,7,1,8,8,30442
3,1,lr_1em04_sched_cosine_img_320_ft_layer4_fc_loss_weighted_cross_entropy_d1e124db05,0.0001,cosine,320,layer4_fc,weighted_cross_entropy,resnet18,imagenet,70,28,42,125,24,12,12,41,0.875,0.8680555555555556,0.9192099567099566,0.75,1.0,1.0,0.75,0.8571428571428571,0.5502204895019531,12,0,3,9,12,30142
3,2,lr_1em04_sched_cosine_img_320_ft_layer4_fc_loss_weighted_cross_entropy_d1e124db05,0.0001,cosine,320,layer4_fc,weighted_cross_entropy,resnet18,imagenet,70,31,39,122,24,9,15,44,0.7083333333333334,0.7259259259259259,0.5990319865319865,1.0,0.5333333333333333,0.5625,1.0,0.72,0.033552560955286,8,7,0,9,15,30242
3,3,lr_1em04_sched_cosine_img_320_ft_layer4_fc_loss_weighted_cross_entropy_d1e124db05,0.0001,cosine,320,layer4_fc,weighted_cross_entropy,resnet18,imagenet,71,30,41,124,23,10,13,42,0.8695652173913043,0.9076923076923076,0.9073260073260072,0.7,1.0,1.0,0.7,0.8235294117647058,0.5892173051834106,13,0,3,7,13,30342
3,4,lr_1em04_sched_cosine_img_320_ft_layer4_fc_loss_weighted_cross_entropy_d1e124db05,0.0001,cosine,320,layer4_fc,weighted_cross_entropy,resnet18,imagenet,71,31,40,127,23,9,14,39,0.7391304347826086,0.753968253968254,0.6371091871091872,0.7777777777777778,0.7142857142857143,0.6363636363636364,0.7777777777777778,0.7,0.5483123660087585,10,4,2,7,5,30442
3,1,lr_1em04_sched_cosine_img_320_ft_layer4_fc_loss_focal_f702c93367,0.0001,cosine,320,layer4_fc,focal,resnet18,imagenet,70,28,42,125,24,12,12,41,0.7083333333333334,0.6597222222222222,0.672150319804782,0.6666666666666666,0.75,0.7272727272727273,0.6666666666666666,0.6956521739130435,0.4344567954540252,9,3,4,8,5,30142
3,2,lr_1em04_sched_cosine_img_320_ft_layer4_fc_loss_focal_f702c93367,0.0001,cosine,320,layer4_fc,focal,resnet18,imagenet,70,31,39,122,24,9,15,44,0.7916666666666666,0.8444444444444444,0.7952441077441077,0.8888888888888888,0.7333333333333333,0.6666666666666666,0.8888888888888888,0.7619047619047619,0.5352647304534912,11,4,1,8,8,30242
3,3,lr_1em04_sched_cosine_img_320_ft_layer4_fc_loss_focal_f702c93367,0.0001,cosine,320,layer4_fc,focal,resnet18,imagenet,71,30,41,124,23,10,13,42,0.782608695652174,0.8153846153846154,0.8416738816738817,0.8,0.7692307692307693,0.7272727272727273,0.8,0.7619047619047619,0.3911782801151275,10,3,2,8,13,30342
3,4,lr_1em04_sched_cosine_img_320_ft_layer4_fc_loss_focal_f702c93367,0.0001,cosine,320,layer4_fc,focal,resnet18,imagenet,71,31,40,127,23,9,14,39,0.8260869565217391,0.7936507936507936,0.6917466591379635,0.8888888888888888,0.7857142857142857,0.7272727272727273,0.8888888888888888,0.8,0.0946464240550994,11,3,1,8,12,30442
3,1,lr_1em04_sched_cosine_img_320_ft_layer3_layer4_fc_loss_weighted_cross_entropy_87bb184750,0.0001,cosine,320,layer3_layer4_fc,weighted_cross_entropy,resnet18,imagenet,70,28,42,125,24,12,12,41,0.75,0.8124999999999999,0.8555774087024086,0.5,1.0,1.0,0.5,0.6666666666666666,0.8759520053863525,12,0,6,6,10,30142
3,2,lr_1em04_sched_cosine_img_320_ft_layer3_layer4_fc_loss_weighted_cross_entropy_87bb184750,0.0001,cosine,320,layer3_layer4_fc,weighted_cross_entropy,resnet18,imagenet,70,31,39,122,24,9,15,44,0.8333333333333334,0.851851851851852,0.8450937950937951,0.8888888888888888,0.8,0.7272727272727273,0.8888888888888888,0.8,0.3130140304565429,12,3,1,8,17,30242
3,3,lr_1em04_sched_cosine_img_320_ft_layer3_layer4_fc_loss_weighted_cross_entropy_87bb184750,0.0001,cosine,320,layer3_layer4_fc,weighted_cross_entropy,resnet18,imagenet,71,30,41,124,23,10,13,42,0.9565217391304348,0.9615384615384616,0.9666666666666668,0.9,1.0,1.0,0.9,0.9473684210526316,0.3773215115070343,13,0,1,9,18,30342
3,4,lr_1em04_sched_cosine_img_320_ft_layer3_layer4_fc_loss_weighted_cross_entropy_87bb184750,0.0001,cosine,320,layer3_layer4_fc,weighted_cross_entropy,resnet18,imagenet,71,31,40,127,23,9,14,39,0.8260869565217391,0.7301587301587301,0.7564061483179132,0.6666666666666666,0.9285714285714286,0.8571428571428571,0.6666666666666666,0.75,0.2399215400218963,13,1,3,6,8,30442
3,1,lr_1em04_sched_cosine_img_320_ft_layer3_layer4_fc_loss_focal_cc0803cc90,0.0001,cosine,320,layer3_layer4_fc,focal,resnet18,imagenet,70,28,42,125,24,12,12,41,0.7916666666666666,0.8402777777777778,0.8719181951089845,0.5833333333333334,1.0,1.0,0.5833333333333334,0.7368421052631579,0.6954030394554138,12,0,5,7,12,30142
3,2,lr_1em04_sched_cosine_img_320_ft_layer3_layer4_fc_loss_focal_cc0803cc90,0.0001,cosine,320,layer3_layer4_fc,focal,resnet18,imagenet,70,31,39,122,24,9,15,44,0.7916666666666666,0.7851851851851852,0.729052429052429,0.7777777777777778,0.8,0.7,0.7777777777777778,0.7368421052631579,0.4899076521396637,12,3,2,7,8,30242
3,3,lr_1em04_sched_cosine_img_320_ft_layer3_layer4_fc_loss_focal_cc0803cc90,0.0001,cosine,320,layer3_layer4_fc,focal,resnet18,imagenet,71,30,41,124,23,10,13,42,0.9130434782608696,0.9384615384615383,0.8987698412698412,1.0,0.8461538461538461,0.8333333333333334,1.0,0.9090909090909092,0.216779351234436,11,2,0,10,4,30342
3,4,lr_1em04_sched_cosine_img_320_ft_layer3_layer4_fc_loss_focal_cc0803cc90,0.0001,cosine,320,layer3_layer4_fc,focal,resnet18,imagenet,71,31,40,127,23,9,14,39,0.8260869565217391,0.8333333333333333,0.8330527497194165,0.8888888888888888,0.7857142857142857,0.7272727272727273,0.8888888888888888,0.8,0.2865810394287109,11,3,1,8,21,30442
3,1,lr_1em04_sched_cosine_img_320_ft_full_loss_weighted_cross_entropy_c4cc1f1985,0.0001,cosine,320,full,weighted_cross_entropy,resnet18,imagenet,70,28,42,125,24,12,12,41,0.7916666666666666,0.8541666666666666,0.8849400871459694,0.5833333333333334,1.0,1.0,0.5833333333333334,0.7368421052631579,0.6266158819198608,12,0,5,7,18,30142
3,2,lr_1em04_sched_cosine_img_320_ft_full_loss_weighted_cross_entropy_c4cc1f1985,0.0001,cosine,320,full,weighted_cross_entropy,resnet18,imagenet,70,31,39,122,24,9,15,44,0.8333333333333334,0.8296296296296296,0.7554534484359046,0.7777777777777778,0.8666666666666667,0.7777777777777778,0.7777777777777778,0.7777777777777778,0.4696788489818573,13,2,2,7,11,30242
3,3,lr_1em04_sched_cosine_img_320_ft_full_loss_weighted_cross_entropy_c4cc1f1985,0.0001,cosine,320,full,weighted_cross_entropy,resnet18,imagenet,71,30,41,124,23,10,13,42,0.9565217391304348,0.9153846153846154,0.9476190476190476,0.9,1.0,1.0,0.9,0.9473684210526316,0.4013665616512298,13,0,1,9,4,30342
3,4,lr_1em04_sched_cosine_img_320_ft_full_loss_weighted_cross_entropy_c4cc1f1985,0.0001,cosine,320,full,weighted_cross_entropy,resnet18,imagenet,71,31,40,127,23,9,14,39,0.8260869565217391,0.8015873015873014,0.7805492146071857,0.7777777777777778,0.8571428571428571,0.7777777777777778,0.7777777777777778,0.7777777777777778,0.4233181774616241,12,2,2,7,11,30442
3,1,lr_1em04_sched_cosine_img_320_ft_full_loss_focal_cae5e53d6e,0.0001,cosine,320,full,focal,resnet18,imagenet,70,28,42,125,24,12,12,41,0.75,0.8125,0.8479479949874688,0.5833333333333334,0.9166666666666666,0.875,0.5833333333333334,0.7,0.5622950792312622,11,1,5,7,11,30142
3,2,lr_1em04_sched_cosine_img_320_ft_full_loss_focal_cae5e53d6e,0.0001,cosine,320,full,focal,resnet18,imagenet,70,31,39,122,24,9,15,44,0.7916666666666666,0.7703703703703704,0.6425925925925926,0.5555555555555556,0.9333333333333332,0.8333333333333334,0.5555555555555556,0.6666666666666666,0.5221671462059021,14,1,4,5,9,30242
3,3,lr_1em04_sched_cosine_img_320_ft_full_loss_focal_cae5e53d6e,0.0001,cosine,320,full,focal,resnet18,imagenet,71,30,41,124,23,10,13,42,0.9565217391304348,0.9230769230769232,0.95,0.9,1.0,1.0,0.9,0.9473684210526316,0.5377048254013062,13,0,1,9,5,30342
3,4,lr_1em04_sched_cosine_img_320_ft_full_loss_focal_cae5e53d6e,0.0001,cosine,320,full,focal,resnet18,imagenet,71,31,40,127,23,9,14,39,0.6956521739130435,0.7619047619047619,0.6481541606541608,1.0,0.5,0.5625,1.0,0.72,0.0574083402752876,7,7,0,9,5,30442
3,1,lr_1em04_sched_none_img_224_ft_fc_only_loss_weighted_cross_entropy_471dbeb812,0.0001,none,224,fc_only,weighted_cross_entropy,resnet18,imagenet,70,28,42,125,24,12,12,41,0.6666666666666666,0.6180555555555556,0.5856643288628582,0.6666666666666666,0.6666666666666666,0.6666666666666666,0.6666666666666666,0.6666666666666666,0.2162151783704757,8,4,4,8,23,30142
3,2,lr_1em04_sched_none_img_224_ft_fc_only_loss_weighted_cross_entropy_471dbeb812,0.0001,none,224,fc_only,weighted_cross_entropy,resnet18,imagenet,70,31,39,122,24,9,15,44,0.75,0.6888888888888889,0.4998815998815998,0.8888888888888888,0.6666666666666666,0.6153846153846154,0.8888888888888888,0.7272727272727273,0.4344888031482696,10,5,1,8,1,30242
3,3,lr_1em04_sched_none_img_224_ft_fc_only_loss_weighted_cross_entropy_471dbeb812,0.0001,none,224,fc_only,weighted_cross_entropy,resnet18,imagenet,71,30,41,124,23,10,13,42,0.6956521739130435,0.6538461538461539,0.6041891493439481,0.6,0.7692307692307693,0.6666666666666666,0.6,0.631578947368421,0.2605528533458709,10,3,4,6,29,30342
3,4,lr_1em04_sched_none_img_224_ft_fc_only_loss_weighted_cross_entropy_471dbeb812,0.0001,none,224,fc_only,weighted_cross_entropy,resnet18,imagenet,71,31,40,127,23,9,14,39,0.6086956521739131,0.3888888888888889,0.3851737242755549,0.4444444444444444,0.7142857142857143,0.5,0.4444444444444444,0.4705882352941176,0.153147354722023,10,4,5,4,8,30442
3,1,lr_1em04_sched_none_img_224_ft_fc_only_loss_focal_dbe5706b7b,0.0001,none,224,fc_only,focal,resnet18,imagenet,70,28,42,125,24,12,12,41,0.6666666666666666,0.5694444444444444,0.5562936994922288,0.9166666666666666,0.4166666666666667,0.6111111111111112,0.9166666666666666,0.7333333333333333,0.2934453189373016,5,7,1,11,24,30142
3,2,lr_1em04_sched_none_img_224_ft_fc_only_loss_focal_dbe5706b7b,0.0001,none,224,fc_only,focal,resnet18,imagenet,70,31,39,122,24,9,15,44,0.6666666666666666,0.6666666666666666,0.4876783710117043,0.8888888888888888,0.5333333333333333,0.5333333333333333,0.8888888888888888,0.6666666666666666,0.3845821321010589,8,7,1,8,1,30242
3,3,lr_1em04_sched_none_img_224_ft_fc_only_loss_focal_dbe5706b7b,0.0001,none,224,fc_only,focal,resnet18,imagenet,71,30,41,124,23,10,13,42,0.7391304347826086,0.6307692307692307,0.6033116883116884,0.5,0.9230769230769232,0.8333333333333334,0.5,0.625,0.3169886469841003,12,1,5,5,15,30342
3,4,lr_1em04_sched_none_img_224_ft_fc_only_loss_focal_dbe5706b7b,0.0001,none,224,fc_only,focal,resnet18,imagenet,71,31,40,127,23,9,14,39,0.6521739130434783,0.365079365079365,0.4025400567734664,0.4444444444444444,0.7857142857142857,0.5714285714285714,0.4444444444444444,0.5,0.2672935724258423,11,3,5,4,9,30442
3,1,lr_1em04_sched_none_img_224_ft_layer4_fc_loss_weighted_cross_entropy_20e90af686,0.0001,none,224,layer4_fc,weighted_cross_entropy,resnet18,imagenet,70,28,42,125,24,12,12,41,0.75,0.7777777777777778,0.7846665181224004,0.75,0.75,0.75,0.75,0.75,0.1904823035001754,9,3,3,9,9,30142
3,2,lr_1em04_sched_none_img_224_ft_layer4_fc_loss_weighted_cross_entropy_20e90af686,0.0001,none,224,layer4_fc,weighted_cross_entropy,resnet18,imagenet,70,31,39,122,24,9,15,44,0.625,0.6666666666666667,0.5141282102066416,1.0,0.4,0.5,1.0,0.6666666666666666,0.1154632642865181,6,9,0,9,11,30242
3,3,lr_1em04_sched_none_img_224_ft_layer4_fc_loss_weighted_cross_entropy_20e90af686,0.0001,none,224,layer4_fc,weighted_cross_entropy,resnet18,imagenet,71,30,41,124,23,10,13,42,0.9130434782608696,0.9,0.9354545454545454,0.9,0.9230769230769232,0.9,0.9,0.9,0.1062183156609535,12,1,1,9,11,30342
3,4,lr_1em04_sched_none_img_224_ft_layer4_fc_loss_weighted_cross_entropy_20e90af686,0.0001,none,224,layer4_fc,weighted_cross_entropy,resnet18,imagenet,71,31,40,127,23,9,14,39,0.8695652173913043,0.8333333333333334,0.8315614739527784,0.7777777777777778,0.9285714285714286,0.875,0.7777777777777778,0.8235294117647058,0.1694784462451934,13,1,2,7,23,30442
3,1,lr_1em04_sched_none_img_224_ft_layer4_fc_loss_focal_89249d0ccb,0.0001,none,224,layer4_fc,focal,resnet18,imagenet,70,28,42,125,24,12,12,41,0.8333333333333334,0.875,0.8895743145743146,1.0,0.6666666666666666,0.75,1.0,0.8571428571428571,0.2417269647121429,8,4,0,12,10,30142
3,2,lr_1em04_sched_none_img_224_ft_layer4_fc_loss_focal_89249d0ccb,0.0001,none,224,layer4_fc,focal,resnet18,imagenet,70,31,39,122,24,9,15,44,0.7916666666666666,0.7407407407407407,0.6004109600600829,0.8888888888888888,0.7333333333333333,0.6666666666666666,0.8888888888888888,0.7619047619047619,0.3331185281276703,11,4,1,8,1,30242
3,3,lr_1em04_sched_none_img_224_ft_layer4_fc_loss_focal_89249d0ccb,0.0001,none,224,layer4_fc,focal,resnet18,imagenet,71,30,41,124,23,10,13,42,0.8260869565217391,0.8615384615384616,0.8692307692307691,0.6,1.0,1.0,0.6,0.75,0.2946452498435974,13,0,4,6,11,30342
3,4,lr_1em04_sched_none_img_224_ft_layer4_fc_loss_focal_89249d0ccb,0.0001,none,224,layer4_fc,focal,resnet18,imagenet,71,31,40,127,23,9,14,39,0.7391304347826086,0.7063492063492064,0.6449094115760783,0.7777777777777778,0.7142857142857143,0.6363636363636364,0.7777777777777778,0.7,0.1036474257707595,10,4,2,7,8,30442
3,1,lr_1em04_sched_none_img_224_ft_layer3_layer4_fc_loss_weighted_cross_entropy_024220f936,0.0001,none,224,layer3_layer4_fc,weighted_cross_entropy,resnet18,imagenet,70,28,42,125,24,12,12,41,0.7916666666666666,0.8333333333333333,0.7893611018611019,0.75,0.8333333333333334,0.8181818181818182,0.75,0.782608695652174,0.3495451807975769,10,2,3,9,9,30142
3,2,lr_1em04_sched_none_img_224_ft_layer3_layer4_fc_loss_weighted_cross_entropy_024220f936,0.0001,none,224,layer3_layer4_fc,weighted_cross_entropy,resnet18,imagenet,70,31,39,122,24,9,15,44,0.7083333333333334,0.8074074074074074,0.7098951973951975,1.0,0.5333333333333333,0.5625,1.0,0.72,0.0879865288734436,8,7,0,9,7,30242
3,3,lr_1em04_sched_none_img_224_ft_layer3_layer4_fc_loss_weighted_cross_entropy_024220f936,0.0001,none,224,layer3_layer4_fc,weighted_cross_entropy,resnet18,imagenet,71,30,41,124,23,10,13,42,0.9130434782608696,0.9076923076923078,0.9190204678362572,0.9,0.9230769230769232,0.9,0.9,0.9,0.2959527969360351,12,1,1,9,12,30342
3,4,lr_1em04_sched_none_img_224_ft_layer3_layer4_fc_loss_weighted_cross_entropy_024220f936,0.0001,none,224,layer3_layer4_fc,weighted_cross_entropy,resnet18,imagenet,71,31,40,127,23,9,14,39,0.8260869565217391,0.8015873015873015,0.8245550745550747,0.6666666666666666,0.9285714285714286,0.8571428571428571,0.6666666666666666,0.75,0.1565428525209427,13,1,3,6,17,30442
3,1,lr_1em04_sched_none_img_224_ft_layer3_layer4_fc_loss_focal_7009f53a4e,0.0001,none,224,layer3_layer4_fc,focal,resnet18,imagenet,70,28,42,125,24,12,12,41,0.7916666666666666,0.8472222222222222,0.8754403276462099,0.5833333333333334,1.0,1.0,0.5833333333333334,0.7368421052631579,0.3167075216770172,12,0,5,7,10,30142
3,2,lr_1em04_sched_none_img_224_ft_layer3_layer4_fc_loss_focal_7009f53a4e,0.0001,none,224,layer3_layer4_fc,focal,resnet18,imagenet,70,31,39,122,24,9,15,44,0.6666666666666666,0.762962962962963,0.6547230003112356,1.0,0.4666666666666667,0.5294117647058824,1.0,0.6923076923076923,0.2396376132965088,7,8,0,9,3,30242
3,3,lr_1em04_sched_none_img_224_ft_layer3_layer4_fc_loss_focal_7009f53a4e,0.0001,none,224,layer3_layer4_fc,focal,resnet18,imagenet,71,30,41,124,23,10,13,42,0.8260869565217391,0.8615384615384616,0.8217199467199466,1.0,0.6923076923076923,0.7142857142857143,1.0,0.8333333333333334,0.0995451584458351,9,4,0,10,5,30342
3,4,lr_1em04_sched_none_img_224_ft_layer3_layer4_fc_loss_focal_7009f53a4e,0.0001,none,224,layer3_layer4_fc,focal,resnet18,imagenet,71,31,40,127,23,9,14,39,0.8260869565217391,0.7698412698412698,0.774774354186119,0.6666666666666666,0.9285714285714286,0.8571428571428571,0.6666666666666666,0.75,0.3585794270038605,13,1,3,6,25,30442
3,1,lr_1em04_sched_none_img_224_ft_full_loss_weighted_cross_entropy_1a9f8948b1,0.0001,none,224,full,weighted_cross_entropy,resnet18,imagenet,70,28,42,125,24,12,12,41,0.875,0.8611111111111112,0.91301247771836,0.8333333333333334,0.9166666666666666,0.9090909090909092,0.8333333333333334,0.8695652173913043,0.2657830417156219,11,1,2,10,16,30142
3,2,lr_1em04_sched_none_img_224_ft_full_loss_weighted_cross_entropy_1a9f8948b1,0.0001,none,224,full,weighted_cross_entropy,resnet18,imagenet,70,31,39,122,24,9,15,44,0.8333333333333334,0.8148148148148148,0.7273827479709832,0.6666666666666666,0.9333333333333332,0.8571428571428571,0.6666666666666666,0.75,0.3602810204029083,14,1,3,6,4,30242
3,3,lr_1em04_sched_none_img_224_ft_full_loss_weighted_cross_entropy_1a9f8948b1,0.0001,none,224,full,weighted_cross_entropy,resnet18,imagenet,71,30,41,124,23,10,13,42,0.8695652173913043,0.8846153846153847,0.8798862687020581,0.9,0.8461538461538461,0.8181818181818182,0.9,0.8571428571428571,0.0543844103813171,11,2,1,9,8,30342
3,4,lr_1em04_sched_none_img_224_ft_full_loss_weighted_cross_entropy_1a9f8948b1,0.0001,none,224,full,weighted_cross_entropy,resnet18,imagenet,71,31,40,127,23,9,14,39,0.8260869565217391,0.7936507936507936,0.8127904301817346,0.6666666666666666,0.9285714285714286,0.8571428571428571,0.6666666666666666,0.75,0.301495611667633,13,1,3,6,13,30442
3,1,lr_1em04_sched_none_img_224_ft_full_loss_focal_9957d5753e,0.0001,none,224,full,focal,resnet18,imagenet,70,28,42,125,24,12,12,41,0.9166666666666666,0.9236111111111112,0.9461805555555556,0.8333333333333334,1.0,1.0,0.8333333333333334,0.9090909090909092,0.5408124923706055,12,0,2,10,13,30142
3,2,lr_1em04_sched_none_img_224_ft_full_loss_focal_9957d5753e,0.0001,none,224,full,focal,resnet18,imagenet,70,31,39,122,24,9,15,44,0.7916666666666666,0.7925925925925925,0.6545306001188353,0.8888888888888888,0.7333333333333333,0.6666666666666666,0.8888888888888888,0.7619047619047619,0.4150251448154449,11,4,1,8,18,30242
3,3,lr_1em04_sched_none_img_224_ft_full_loss_focal_9957d5753e,0.0001,none,224,full,focal,resnet18,imagenet,71,30,41,124,23,10,13,42,0.8695652173913043,0.9000000000000001,0.9108386496544392,0.9,0.8461538461538461,0.8181818181818182,0.9,0.8571428571428571,0.2044309377670288,11,2,1,9,5,30342
3,4,lr_1em04_sched_none_img_224_ft_full_loss_focal_9957d5753e,0.0001,none,224,full,focal,resnet18,imagenet,71,31,40,127,23,9,14,39,0.7391304347826086,0.6746031746031746,0.614712707695164,0.5555555555555556,0.8571428571428571,0.7142857142857143,0.5555555555555556,0.625,0.3260164260864258,12,2,4,5,5,30442
3,1,lr_1em04_sched_none_img_320_ft_fc_only_loss_weighted_cross_entropy_120ca1f841,0.0001,none,320,fc_only,weighted_cross_entropy,resnet18,imagenet,70,28,42,125,24,12,12,41,0.625,0.5833333333333334,0.6019357347682156,0.5833333333333334,0.6666666666666666,0.6363636363636364,0.5833333333333334,0.6086956521739131,0.3141778409481048,8,4,5,7,12,30142
3,2,lr_1em04_sched_none_img_320_ft_fc_only_loss_weighted_cross_entropy_120ca1f841,0.0001,none,320,fc_only,weighted_cross_entropy,resnet18,imagenet,70,31,39,122,24,9,15,44,0.7083333333333334,0.5851851851851851,0.59089537817608,0.3333333333333333,0.9333333333333332,0.75,0.3333333333333333,0.4615384615384615,0.4952075481414795,14,1,6,3,2,30242
3,3,lr_1em04_sched_none_img_320_ft_fc_only_loss_weighted_cross_entropy_120ca1f841,0.0001,none,320,fc_only,weighted_cross_entropy,resnet18,imagenet,71,30,41,124,23,10,13,42,0.7391304347826086,0.7153846153846154,0.645,0.7,0.7692307692307693,0.7,0.7,0.7,0.3242781162261963,10,3,3,7,27,30342
3,4,lr_1em04_sched_none_img_320_ft_fc_only_loss_weighted_cross_entropy_120ca1f841,0.0001,none,320,fc_only,weighted_cross_entropy,resnet18,imagenet,71,31,40,127,23,9,14,39,0.6521739130434783,0.626984126984127,0.475261158594492,0.8888888888888888,0.5,0.5333333333333333,0.8888888888888888,0.6666666666666666,0.2361894845962524,7,7,1,8,8,30442
3,1,lr_1em04_sched_none_img_320_ft_fc_only_loss_focal_2cd089706b,0.0001,none,320,fc_only,focal,resnet18,imagenet,70,28,42,125,24,12,12,41,0.625,0.5347222222222222,0.5690603511175762,0.8333333333333334,0.4166666666666667,0.5882352941176471,0.8333333333333334,0.6896551724137931,0.6378710269927979,5,7,2,10,1,30142
3,2,lr_1em04_sched_none_img_320_ft_fc_only_loss_focal_2cd089706b,0.0001,none,320,fc_only,focal,resnet18,imagenet,70,31,39,122,24,9,15,44,0.7083333333333334,0.5851851851851853,0.5565696649029983,0.3333333333333333,0.9333333333333332,0.75,0.3333333333333333,0.4615384615384615,0.6303145289421082,14,1,6,3,2,30242
3,3,lr_1em04_sched_none_img_320_ft_fc_only_loss_focal_2cd089706b,0.0001,none,320,fc_only,focal,resnet18,imagenet,71,30,41,124,23,10,13,42,0.6956521739130435,0.6615384615384615,0.680595238095238,0.3,1.0,1.0,0.3,0.4615384615384615,0.5933291912078857,13,0,7,3,4,30342
3,4,lr_1em04_sched_none_img_320_ft_fc_only_loss_focal_2cd089706b,0.0001,none,320,fc_only,focal,resnet18,imagenet,71,31,40,127,23,9,14,39,0.6956521739130435,0.626984126984127,0.627027602027602,0.5555555555555556,0.7857142857142857,0.625,0.5555555555555556,0.5882352941176471,0.3426606357097626,11,3,4,5,1,30442
3,1,lr_1em04_sched_none_img_320_ft_layer4_fc_loss_weighted_cross_entropy_846efdc675,0.0001,none,320,layer4_fc,weighted_cross_entropy,resnet18,imagenet,70,28,42,125,24,12,12,41,0.875,0.861111111111111,0.9111244019138756,0.8333333333333334,0.9166666666666666,0.9090909090909092,0.8333333333333334,0.8695652173913043,0.5785621404647827,11,1,2,10,15,30142
3,2,lr_1em04_sched_none_img_320_ft_layer4_fc_loss_weighted_cross_entropy_846efdc675,0.0001,none,320,layer4_fc,weighted_cross_entropy,resnet18,imagenet,70,31,39,122,24,9,15,44,0.75,0.725925925925926,0.6554009061255438,0.8888888888888888,0.6666666666666666,0.6153846153846154,0.8888888888888888,0.7272727272727273,0.1430870741605758,10,5,1,8,10,30242
3,3,lr_1em04_sched_none_img_320_ft_layer4_fc_loss_weighted_cross_entropy_846efdc675,0.0001,none,320,layer4_fc,weighted_cross_entropy,resnet18,imagenet,71,30,41,124,23,10,13,42,0.8260869565217391,0.8692307692307693,0.859047619047619,0.8,0.8461538461538461,0.8,0.8,0.8,0.4266088902950287,11,2,2,8,9,30342
3,4,lr_1em04_sched_none_img_320_ft_layer4_fc_loss_weighted_cross_entropy_846efdc675,0.0001,none,320,layer4_fc,weighted_cross_entropy,resnet18,imagenet,71,31,40,127,23,9,14,39,0.782608695652174,0.761904761904762,0.6553631553631555,0.6666666666666666,0.8571428571428571,0.75,0.6666666666666666,0.7058823529411765,0.1605914533138275,12,2,3,6,6,30442
3,1,lr_1em04_sched_none_img_320_ft_layer4_fc_loss_focal_12752ae693,0.0001,none,320,layer4_fc,focal,resnet18,imagenet,70,28,42,125,24,12,12,41,0.7083333333333334,0.75,0.7935257968152706,0.5833333333333334,0.8333333333333334,0.7777777777777778,0.5833333333333334,0.6666666666666666,0.6097978353500366,10,2,5,7,7,30142
3,2,lr_1em04_sched_none_img_320_ft_layer4_fc_loss_focal_12752ae693,0.0001,none,320,layer4_fc,focal,resnet18,imagenet,70,31,39,122,24,9,15,44,0.6666666666666666,0.7111111111111111,0.5575889615105301,1.0,0.4666666666666667,0.5294117647058824,1.0,0.6923076923076923,0.1654246300458908,7,8,0,9,3,30242
3,3,lr_1em04_sched_none_img_320_ft_layer4_fc_loss_focal_12752ae693,0.0001,none,320,layer4_fc,focal,resnet18,imagenet,71,30,41,124,23,10,13,42,0.8260869565217391,0.8692307692307693,0.853611111111111,0.8,0.8461538461538461,0.8,0.8,0.8,0.4012340009212494,11,2,2,8,6,30342
3,4,lr_1em04_sched_none_img_320_ft_layer4_fc_loss_focal_12752ae693,0.0001,none,320,layer4_fc,focal,resnet18,imagenet,71,31,40,127,23,9,14,39,0.8695652173913043,0.8571428571428571,0.8102153531978094,0.8888888888888888,0.8571428571428571,0.8,0.8888888888888888,0.8421052631578947,0.2245693206787109,12,2,1,8,7,30442
3,1,lr_1em04_sched_none_img_320_ft_layer3_layer4_fc_loss_weighted_cross_entropy_84e3553d1d,0.0001,none,320,layer3_layer4_fc,weighted_cross_entropy,resnet18,imagenet,70,28,42,125,24,12,12,41,0.7916666666666666,0.8055555555555556,0.8437875720770458,0.8333333333333334,0.75,0.7692307692307693,0.8333333333333334,0.8,0.6435680389404297,9,3,2,10,12,30142
3,2,lr_1em04_sched_none_img_320_ft_layer3_layer4_fc_loss_weighted_cross_entropy_84e3553d1d,0.0001,none,320,layer3_layer4_fc,weighted_cross_entropy,resnet18,imagenet,70,31,39,122,24,9,15,44,0.75,0.8074074074074074,0.7648539187754875,0.8888888888888888,0.6666666666666666,0.6153846153846154,0.8888888888888888,0.7272727272727273,0.2594811618328094,10,5,1,8,11,30242
3,3,lr_1em04_sched_none_img_320_ft_layer3_layer4_fc_loss_weighted_cross_entropy_84e3553d1d,0.0001,none,320,layer3_layer4_fc,weighted_cross_entropy,resnet18,imagenet,71,30,41,124,23,10,13,42,0.9565217391304348,0.9230769230769232,0.95,0.9,1.0,1.0,0.9,0.9473684210526316,0.5478382706642151,13,0,1,9,8,30342
3,4,lr_1em04_sched_none_img_320_ft_layer3_layer4_fc_loss_weighted_cross_entropy_84e3553d1d,0.0001,none,320,layer3_layer4_fc,weighted_cross_entropy,resnet18,imagenet,71,31,40,127,23,9,14,39,0.8260869565217391,0.8333333333333333,0.8429812270391983,0.8888888888888888,0.7857142857142857,0.7272727272727273,0.8888888888888888,0.8,0.1982113867998123,11,3,1,8,24,30442
3,1,lr_1em04_sched_none_img_320_ft_layer3_layer4_fc_loss_focal_789636f16b,0.0001,none,320,layer3_layer4_fc,focal,resnet18,imagenet,70,28,42,125,24,12,12,41,0.875,0.9027777777777778,0.9344877344877344,0.75,1.0,1.0,0.75,0.8571428571428571,0.4430144131183624,12,0,3,9,12,30142
3,2,lr_1em04_sched_none_img_320_ft_layer3_layer4_fc_loss_focal_789636f16b,0.0001,none,320,layer3_layer4_fc,focal,resnet18,imagenet,70,31,39,122,24,9,15,44,0.7083333333333334,0.7703703703703704,0.725495135144258,0.8888888888888888,0.6,0.5714285714285714,0.8888888888888888,0.6956521739130435,0.5119197964668274,9,6,1,8,10,30242
3,3,lr_1em04_sched_none_img_320_ft_layer3_layer4_fc_loss_focal_789636f16b,0.0001,none,320,layer3_layer4_fc,focal,resnet18,imagenet,71,30,41,124,23,10,13,42,0.8260869565217391,0.8923076923076922,0.8919580419580418,0.7,0.9230769230769232,0.875,0.7,0.7777777777777778,0.4596446454524994,12,1,3,7,5,30342
3,4,lr_1em04_sched_none_img_320_ft_layer3_layer4_fc_loss_focal_789636f16b,0.0001,none,320,layer3_layer4_fc,focal,resnet18,imagenet,71,31,40,127,23,9,14,39,0.782608695652174,0.753968253968254,0.7469174143087187,0.7777777777777778,0.7857142857142857,0.7,0.7777777777777778,0.7368421052631579,0.5677609443664551,11,3,2,7,10,30442
3,1,lr_1em04_sched_none_img_320_ft_full_loss_weighted_cross_entropy_931a87fcf8,0.0001,none,320,full,weighted_cross_entropy,resnet18,imagenet,70,28,42,125,24,12,12,41,0.7916666666666666,0.8263888888888888,0.7866509103641457,1.0,0.5833333333333334,0.7058823529411765,1.0,0.8275862068965517,0.1745496392250061,7,5,0,12,8,30142
3,2,lr_1em04_sched_none_img_320_ft_full_loss_weighted_cross_entropy_931a87fcf8,0.0001,none,320,full,weighted_cross_entropy,resnet18,imagenet,70,31,39,122,24,9,15,44,0.8333333333333334,0.8518518518518517,0.8153759820426487,0.8888888888888888,0.8,0.7272727272727273,0.8888888888888888,0.8,0.4102244675159454,12,3,1,8,22,30242
3,3,lr_1em04_sched_none_img_320_ft_full_loss_weighted_cross_entropy_931a87fcf8,0.0001,none,320,full,weighted_cross_entropy,resnet18,imagenet,71,30,41,124,23,10,13,42,0.8260869565217391,0.8615384615384616,0.8499346405228757,0.8,0.8461538461538461,0.8,0.8,0.8,0.2592961490154266,11,2,2,8,5,30342
3,4,lr_1em04_sched_none_img_320_ft_full_loss_weighted_cross_entropy_931a87fcf8,0.0001,none,320,full,weighted_cross_entropy,resnet18,imagenet,71,31,40,127,23,9,14,39,0.9130434782608696,0.888888888888889,0.9044834307992204,0.7777777777777778,1.0,1.0,0.7777777777777778,0.875,0.486476719379425,14,0,2,7,18,30442
3,1,lr_1em04_sched_none_img_320_ft_full_loss_focal_4f30fb3b6b,0.0001,none,320,full,focal,resnet18,imagenet,70,28,42,125,24,12,12,41,0.875,0.875,0.9013058213716107,0.8333333333333334,0.9166666666666666,0.9090909090909092,0.8333333333333334,0.8695652173913043,0.5815040469169617,11,1,2,10,11,30142
3,2,lr_1em04_sched_none_img_320_ft_full_loss_focal_4f30fb3b6b,0.0001,none,320,full,focal,resnet18,imagenet,70,31,39,122,24,9,15,44,0.8333333333333334,0.8148148148148148,0.7570546737213404,0.7777777777777778,0.8666666666666667,0.7777777777777778,0.7777777777777778,0.7777777777777778,0.6178529262542725,13,2,2,7,10,30242
3,3,lr_1em04_sched_none_img_320_ft_full_loss_focal_4f30fb3b6b,0.0001,none,320,full,focal,resnet18,imagenet,71,30,41,124,23,10,13,42,0.8260869565217391,0.8769230769230769,0.861005661005661,0.7,0.9230769230769232,0.875,0.7,0.7777777777777778,0.5042070746421814,12,1,3,7,7,30342
3,4,lr_1em04_sched_none_img_320_ft_full_loss_focal_4f30fb3b6b,0.0001,none,320,full,focal,resnet18,imagenet,71,31,40,127,23,9,14,39,0.8695652173913043,0.8571428571428572,0.8638407888407891,0.8888888888888888,0.8571428571428571,0.8,0.8888888888888888,0.8421052631578947,0.3230743706226349,12,2,1,8,11,30442
3,1,lr_1em03_sched_step_img_224_ft_fc_only_loss_weighted_cross_entropy_0b40563ccb,0.001,step,224,fc_only,weighted_cross_entropy,resnet18,imagenet,70,28,42,125,24,12,12,41,0.75,0.7708333333333334,0.8319865319865319,0.5,1.0,1.0,0.5,0.6666666666666666,0.2122646123170852,12,0,6,6,9,30142
3,2,lr_1em03_sched_step_img_224_ft_fc_only_loss_weighted_cross_entropy_0b40563ccb,0.001,step,224,fc_only,weighted_cross_entropy,resnet18,imagenet,70,31,39,122,24,9,15,44,0.6666666666666666,0.6370370370370371,0.4809712437163417,0.6666666666666666,0.6666666666666666,0.5454545454545454,0.6666666666666666,0.6,0.2707802057266235,10,5,3,6,1,30242
3,3,lr_1em03_sched_step_img_224_ft_fc_only_loss_weighted_cross_entropy_0b40563ccb,0.001,step,224,fc_only,weighted_cross_entropy,resnet18,imagenet,71,30,41,124,23,10,13,42,0.8260869565217391,0.8461538461538461,0.8223304473304474,0.9,0.7692307692307693,0.75,0.9,0.8181818181818182,0.2639012038707733,10,3,1,9,26,30342
3,4,lr_1em03_sched_step_img_224_ft_fc_only_loss_weighted_cross_entropy_0b40563ccb,0.001,step,224,fc_only,weighted_cross_entropy,resnet18,imagenet,71,31,40,127,23,9,14,39,0.782608695652174,0.6587301587301587,0.7039442039442039,0.4444444444444444,1.0,1.0,0.4444444444444444,0.6153846153846154,0.4124161005020141,14,0,5,4,24,30442
3,1,lr_1em03_sched_step_img_224_ft_fc_only_loss_focal_e3cf0822c5,0.001,step,224,fc_only,focal,resnet18,imagenet,70,28,42,125,24,12,12,41,0.7083333333333334,0.7708333333333334,0.8033695256411975,0.4166666666666667,1.0,1.0,0.4166666666666667,0.5882352941176471,0.5179880261421204,12,0,7,5,17,30142
3,2,lr_1em03_sched_step_img_224_ft_fc_only_loss_focal_e3cf0822c5,0.001,step,224,fc_only,focal,resnet18,imagenet,70,31,39,122,24,9,15,44,0.5833333333333334,0.5851851851851851,0.5029269115053429,0.8888888888888888,0.4,0.4705882352941176,0.8888888888888888,0.6153846153846154,0.3891055285930633,6,9,1,8,2,30242
3,3,lr_1em03_sched_step_img_224_ft_fc_only_loss_focal_e3cf0822c5,0.001,step,224,fc_only,focal,resnet18,imagenet,71,30,41,124,23,10,13,42,0.8695652173913043,0.9153846153846154,0.8967388167388167,0.9,0.8461538461538461,0.8181818181818182,0.9,0.8571428571428571,0.2351424396038055,11,2,1,9,29,30342
3,4,lr_1em03_sched_step_img_224_ft_fc_only_loss_focal_e3cf0822c5,0.001,step,224,fc_only,focal,resnet18,imagenet,71,31,40,127,23,9,14,39,0.782608695652174,0.626984126984127,0.6931890439136816,0.4444444444444444,1.0,1.0,0.4444444444444444,0.6153846153846154,0.3435730636119842,14,0,5,4,26,30442
3,1,lr_1em03_sched_step_img_224_ft_layer4_fc_loss_weighted_cross_entropy_cb2ba33d1b,0.001,step,224,layer4_fc,weighted_cross_entropy,resnet18,imagenet,70,28,42,125,24,12,12,41,0.7083333333333334,0.7430555555555556,0.8059156121656121,0.4166666666666667,1.0,1.0,0.4166666666666667,0.5882352941176471,0.0233940593898296,12,0,7,5,1,30142
3,2,lr_1em03_sched_step_img_224_ft_layer4_fc_loss_weighted_cross_entropy_cb2ba33d1b,0.001,step,224,layer4_fc,weighted_cross_entropy,resnet18,imagenet,70,31,39,122,24,9,15,44,0.7083333333333334,0.6814814814814815,0.5425763849676892,0.7777777777777778,0.6666666666666666,0.5833333333333334,0.7777777777777778,0.6666666666666666,0.0554054044187068,10,5,2,7,4,30242
3,3,lr_1em03_sched_step_img_224_ft_layer4_fc_loss_weighted_cross_entropy_cb2ba33d1b,0.001,step,224,layer4_fc,weighted_cross_entropy,resnet18,imagenet,71,30,41,124,23,10,13,42,0.8695652173913043,0.9,0.8938339438339438,0.8,0.9230769230769232,0.8888888888888888,0.8,0.8421052631578947,0.0004049460403621,12,1,2,8,3,30342
3,4,lr_1em03_sched_step_img_224_ft_layer4_fc_loss_weighted_cross_entropy_cb2ba33d1b,0.001,step,224,layer4_fc,weighted_cross_entropy,resnet18,imagenet,71,31,40,127,23,9,14,39,0.8695652173913043,0.8571428571428572,0.8881752305665351,0.7777777777777778,0.9285714285714286,0.875,0.7777777777777778,0.8235294117647058,0.4458956718444824,13,1,2,7,18,30442
3,1,lr_1em03_sched_step_img_224_ft_layer4_fc_loss_focal_59cd78cb54,0.001,step,224,layer4_fc,focal,resnet18,imagenet,70,28,42,125,24,12,12,41,0.75,0.8055555555555556,0.8142335186743082,0.5833333333333334,0.9166666666666666,0.875,0.5833333333333334,0.7,0.9386892914772034,11,1,5,7,2,30142
3,2,lr_1em03_sched_step_img_224_ft_layer4_fc_loss_focal_59cd78cb54,0.001,step,224,layer4_fc,focal,resnet18,imagenet,70,31,39,122,24,9,15,44,0.8333333333333334,0.8148148148148149,0.6135632885632886,1.0,0.7333333333333333,0.6923076923076923,1.0,0.8181818181818182,0.3551890552043915,11,4,0,9,7,30242
3,3,lr_1em03_sched_step_img_224_ft_layer4_fc_loss_focal_59cd78cb54,0.001,step,224,layer4_fc,focal,resnet18,imagenet,71,30,41,124,23,10,13,42,0.8695652173913043,0.8692307692307693,0.8918055555555555,0.7,1.0,1.0,0.7,0.8235294117647058,0.4217574596405029,13,0,3,7,7,30342
3,4,lr_1em03_sched_step_img_224_ft_layer4_fc_loss_focal_59cd78cb54,0.001,step,224,layer4_fc,focal,resnet18,imagenet,71,31,40,127,23,9,14,39,0.782608695652174,0.7698412698412698,0.7676767676767677,0.6666666666666666,0.8571428571428571,0.75,0.6666666666666666,0.7058823529411765,0.3752197325229645,12,2,3,6,7,30442
3,1,lr_1em03_sched_step_img_224_ft_layer3_layer4_fc_loss_weighted_cross_entropy_219ed9e3e6,0.001,step,224,layer3_layer4_fc,weighted_cross_entropy,resnet18,imagenet,70,28,42,125,24,12,12,41,0.7916666666666666,0.763888888888889,0.7729108854108855,0.75,0.8333333333333334,0.8181818181818182,0.75,0.782608695652174,0.0169801525771617,10,2,3,9,3,30142
3,2,lr_1em03_sched_step_img_224_ft_layer3_layer4_fc_loss_weighted_cross_entropy_219ed9e3e6,0.001,step,224,layer3_layer4_fc,weighted_cross_entropy,resnet18,imagenet,70,31,39,122,24,9,15,44,0.9166666666666666,0.9333333333333332,0.9134479717813052,0.8888888888888888,0.9333333333333332,0.8888888888888888,0.8888888888888888,0.8888888888888888,0.2282751500606537,14,1,1,8,14,30242
3,3,lr_1em03_sched_step_img_224_ft_layer3_layer4_fc_loss_weighted_cross_entropy_219ed9e3e6,0.001,step,224,layer3_layer4_fc,weighted_cross_entropy,resnet18,imagenet,71,30,41,124,23,10,13,42,0.9130434782608696,0.9307692307692308,0.9288888888888888,0.9,0.9230769230769232,0.9,0.9,0.9,0.0138289518654346,12,1,1,9,1,30342
3,4,lr_1em03_sched_step_img_224_ft_layer3_layer4_fc_loss_weighted_cross_entropy_219ed9e3e6,0.001,step,224,layer3_layer4_fc,weighted_cross_entropy,resnet18,imagenet,71,31,40,127,23,9,14,39,0.8695652173913043,0.8650793650793651,0.851256613756614,0.7777777777777778,0.9285714285714286,0.875,0.7777777777777778,0.8235294117647058,0.4787369966506958,13,1,2,7,6,30442
3,1,lr_1em03_sched_step_img_224_ft_layer3_layer4_fc_loss_focal_a50d7f940a,0.001,step,224,layer3_layer4_fc,focal,resnet18,imagenet,70,28,42,125,24,12,12,41,0.7083333333333334,0.7152777777777778,0.732742237633542,0.5833333333333334,0.8333333333333334,0.7777777777777778,0.5833333333333334,0.6666666666666666,0.3054664134979248,10,2,5,7,10,30142
3,2,lr_1em03_sched_step_img_224_ft_layer3_layer4_fc_loss_focal_a50d7f940a,0.001,step,224,layer3_layer4_fc,focal,resnet18,imagenet,70,31,39,122,24,9,15,44,0.9583333333333334,0.925925925925926,0.9415204678362572,0.8888888888888888,1.0,1.0,0.8888888888888888,0.9411764705882352,0.3063528537750244,15,0,1,8,5,30242
3,3,lr_1em03_sched_step_img_224_ft_layer3_layer4_fc_loss_focal_a50d7f940a,0.001,step,224,layer3_layer4_fc,focal,resnet18,imagenet,71,30,41,124,23,10,13,42,0.9130434782608696,0.9230769230769232,0.9317307692307693,0.8,1.0,1.0,0.8,0.8888888888888888,0.4595743417739868,13,0,2,8,20,30342
3,4,lr_1em03_sched_step_img_224_ft_layer3_layer4_fc_loss_focal_a50d7f940a,0.001,step,224,layer3_layer4_fc,focal,resnet18,imagenet,71,31,40,127,23,9,14,39,0.8695652173913043,0.7936507936507935,0.6958513708513709,0.7777777777777778,0.9285714285714286,0.875,0.7777777777777778,0.8235294117647058,0.3119425773620605,13,1,2,7,26,30442
3,1,lr_1em03_sched_step_img_224_ft_full_loss_weighted_cross_entropy_ecea878002,0.001,step,224,full,weighted_cross_entropy,resnet18,imagenet,70,28,42,125,24,12,12,41,0.8333333333333334,0.8125,0.874702380952381,0.6666666666666666,1.0,1.0,0.6666666666666666,0.8,0.545070230960846,12,0,4,8,5,30142
3,2,lr_1em03_sched_step_img_224_ft_full_loss_weighted_cross_entropy_ecea878002,0.001,step,224,full,weighted_cross_entropy,resnet18,imagenet,70,31,39,122,24,9,15,44,0.7916666666666666,0.8222222222222222,0.79400871459695,0.5555555555555556,0.9333333333333332,0.8333333333333334,0.5555555555555556,0.6666666666666666,0.2760998904705047,14,1,4,5,23,30242
3,3,lr_1em03_sched_step_img_224_ft_full_loss_weighted_cross_entropy_ecea878002,0.001,step,224,full,weighted_cross_entropy,resnet18,imagenet,71,30,41,124,23,10,13,42,0.9130434782608696,0.946153846153846,0.9464285714285716,0.8,1.0,1.0,0.8,0.8888888888888888,0.2129234820604324,13,0,2,8,11,30342
3,4,lr_1em03_sched_step_img_224_ft_full_loss_weighted_cross_entropy_ecea878002,0.001,step,224,full,weighted_cross_entropy,resnet18,imagenet,71,31,40,127,23,9,14,39,0.8695652173913043,0.880952380952381,0.8946969696969698,0.7777777777777778,0.9285714285714286,0.875,0.7777777777777778,0.8235294117647058,0.1851455867290496,13,1,2,7,9,30442
3,1,lr_1em03_sched_step_img_224_ft_full_loss_focal_846bacb5ff,0.001,step,224,full,focal,resnet18,imagenet,70,28,42,125,24,12,12,41,0.7916666666666666,0.8541666666666666,0.8905756280756281,0.5833333333333334,1.0,1.0,0.5833333333333334,0.7368421052631579,0.3940935134887695,12,0,5,7,16,30142
3,2,lr_1em03_sched_step_img_224_ft_full_loss_focal_846bacb5ff,0.001,step,224,full,focal,resnet18,imagenet,70,31,39,122,24,9,15,44,0.9166666666666666,0.9111111111111112,0.9106753812636164,0.7777777777777778,1.0,1.0,0.7777777777777778,0.875,0.3985419571399688,15,0,2,7,14,30242
3,3,lr_1em03_sched_step_img_224_ft_full_loss_focal_846bacb5ff,0.001,step,224,full,focal,resnet18,imagenet,71,30,41,124,23,10,13,42,0.8695652173913043,0.8846153846153846,0.8077625152625152,0.8,0.9230769230769232,0.8888888888888888,0.8,0.8421052631578947,0.0174303110688924,12,1,2,8,5,30342
3,4,lr_1em03_sched_step_img_224_ft_full_loss_focal_846bacb5ff,0.001,step,224,full,focal,resnet18,imagenet,71,31,40,127,23,9,14,39,0.782608695652174,0.8174603174603174,0.662952787952788,1.0,0.6428571428571429,0.6428571428571429,1.0,0.782608695652174,0.3120970427989959,9,5,0,9,9,30442
3,1,lr_1em03_sched_step_img_320_ft_fc_only_loss_weighted_cross_entropy_02c83b04b9,0.001,step,320,fc_only,weighted_cross_entropy,resnet18,imagenet,70,28,42,125,24,12,12,41,0.75,0.7777777777777779,0.7692233964292787,0.75,0.75,0.75,0.75,0.75,0.2214667052030563,9,3,3,9,16,30142
3,2,lr_1em03_sched_step_img_320_ft_fc_only_loss_weighted_cross_entropy_02c83b04b9,0.001,step,320,fc_only,weighted_cross_entropy,resnet18,imagenet,70,31,39,122,24,9,15,44,0.75,0.6296296296296295,0.6360135205874874,0.3333333333333333,1.0,1.0,0.3333333333333333,0.5,0.5225777626037598,15,0,6,3,2,30242
3,3,lr_1em03_sched_step_img_320_ft_fc_only_loss_weighted_cross_entropy_02c83b04b9,0.001,step,320,fc_only,weighted_cross_entropy,resnet18,imagenet,71,30,41,124,23,10,13,42,0.8695652173913043,0.923076923076923,0.9097008547008546,1.0,0.7692307692307693,0.7692307692307693,1.0,0.8695652173913043,0.3188982307910919,10,3,0,10,21,30342
3,4,lr_1em03_sched_step_img_320_ft_fc_only_loss_weighted_cross_entropy_02c83b04b9,0.001,step,320,fc_only,weighted_cross_entropy,resnet18,imagenet,71,31,40,127,23,9,14,39,0.782608695652174,0.7222222222222223,0.7290001463914508,0.6666666666666666,0.8571428571428571,0.75,0.6666666666666666,0.7058823529411765,0.3372383415699005,12,2,3,6,22,30442
3,1,lr_1em03_sched_step_img_320_ft_fc_only_loss_focal_cf6332eec5,0.001,step,320,fc_only,focal,resnet18,imagenet,70,28,42,125,24,12,12,41,0.8333333333333334,0.7916666666666667,0.6958573833573833,1.0,0.6666666666666666,0.75,1.0,0.8571428571428571,0.3622866570949554,8,4,0,12,14,30142
3,2,lr_1em03_sched_step_img_320_ft_fc_only_loss_focal_cf6332eec5,0.001,step,320,fc_only,focal,resnet18,imagenet,70,31,39,122,24,9,15,44,0.7083333333333334,0.6962962962962962,0.540096015096015,0.8888888888888888,0.6,0.5714285714285714,0.8888888888888888,0.6956521739130435,0.3305081129074096,9,6,1,8,11,30242
3,3,lr_1em03_sched_step_img_320_ft_fc_only_loss_focal_cf6332eec5,0.001,step,320,fc_only,focal,resnet18,imagenet,71,30,41,124,23,10,13,42,0.8695652173913043,0.9076923076923078,0.9081417112299464,0.9,0.8461538461538461,0.8181818181818182,0.9,0.8571428571428571,0.3205549716949463,11,2,1,9,15,30342
3,4,lr_1em03_sched_step_img_320_ft_fc_only_loss_focal_cf6332eec5,0.001,step,320,fc_only,focal,resnet18,imagenet,71,31,40,127,23,9,14,39,0.782608695652174,0.6746031746031745,0.7264897110636781,0.4444444444444444,1.0,1.0,0.4444444444444444,0.6153846153846154,0.4009862840175628,14,0,5,4,8,30442
3,1,lr_1em03_sched_step_img_320_ft_layer4_fc_loss_weighted_cross_entropy_cd97784069,0.001,step,320,layer4_fc,weighted_cross_entropy,resnet18,imagenet,70,28,42,125,24,12,12,41,0.8333333333333334,0.8819444444444444,0.8860602360602361,1.0,0.6666666666666666,0.75,1.0,0.8571428571428571,0.1510533988475799,8,4,0,12,12,30142
3,2,lr_1em03_sched_step_img_320_ft_layer4_fc_loss_weighted_cross_entropy_cd97784069,0.001,step,320,layer4_fc,weighted_cross_entropy,resnet18,imagenet,70,31,39,122,24,9,15,44,0.8333333333333334,0.8444444444444444,0.7461038961038962,0.6666666666666666,0.9333333333333332,0.8571428571428571,0.6666666666666666,0.75,0.2336965352296829,14,1,3,6,4,30242
3,3,lr_1em03_sched_step_img_320_ft_layer4_fc_loss_weighted_cross_entropy_cd97784069,0.001,step,320,layer4_fc,weighted_cross_entropy,resnet18,imagenet,71,30,41,124,23,10,13,42,0.8695652173913043,0.9076923076923078,0.9081417112299464,0.9,0.8461538461538461,0.8181818181818182,0.9,0.8571428571428571,0.3916199207305908,11,2,1,9,7,30342
3,4,lr_1em03_sched_step_img_320_ft_layer4_fc_loss_weighted_cross_entropy_cd97784069,0.001,step,320,layer4_fc,weighted_cross_entropy,resnet18,imagenet,71,31,40,127,23,9,14,39,0.8695652173913043,0.8253968253968252,0.7153318903318905,0.7777777777777778,0.9285714285714286,0.875,0.7777777777777778,0.8235294117647058,0.2326813042163849,13,1,2,7,11,30442
3,1,lr_1em03_sched_step_img_320_ft_layer4_fc_loss_focal_365edc75f1,0.001,step,320,layer4_fc,focal,resnet18,imagenet,70,28,42,125,24,12,12,41,0.875,0.8680555555555556,0.9134786781845604,0.75,1.0,1.0,0.75,0.8571428571428571,0.585174024105072,12,0,3,9,12,30142
3,2,lr_1em03_sched_step_img_320_ft_layer4_fc_loss_focal_365edc75f1,0.001,step,320,layer4_fc,focal,resnet18,imagenet,70,31,39,122,24,9,15,44,0.7916666666666666,0.7925925925925925,0.6921957671957671,0.8888888888888888,0.7333333333333333,0.6666666666666666,0.8888888888888888,0.7619047619047619,0.5147426724433899,11,4,1,8,29,30242
3,3,lr_1em03_sched_step_img_320_ft_layer4_fc_loss_focal_365edc75f1,0.001,step,320,layer4_fc,focal,resnet18,imagenet,71,30,41,124,23,10,13,42,0.9130434782608696,0.8923076923076924,0.9150735294117648,0.8,1.0,1.0,0.8,0.8888888888888888,0.6194099187850952,13,0,2,8,20,30342
3,4,lr_1em03_sched_step_img_320_ft_layer4_fc_loss_focal_365edc75f1,0.001,step,320,layer4_fc,focal,resnet18,imagenet,71,31,40,127,23,9,14,39,0.8695652173913043,0.8174603174603176,0.7640249980829692,0.8888888888888888,0.8571428571428571,0.8,0.8888888888888888,0.8421052631578947,0.2780830562114715,12,2,1,8,6,30442
3,1,lr_1em03_sched_step_img_320_ft_layer3_layer4_fc_loss_weighted_cross_entropy_2e77ebeaf3,0.001,step,320,layer3_layer4_fc,weighted_cross_entropy,resnet18,imagenet,70,28,42,125,24,12,12,41,0.875,0.9305555555555556,0.9230230417730416,0.8333333333333334,0.9166666666666666,0.9090909090909092,0.8333333333333334,0.8695652173913043,0.3612582087516784,11,1,2,10,14,30142
3,2,lr_1em03_sched_step_img_320_ft_layer3_layer4_fc_loss_weighted_cross_entropy_2e77ebeaf3,0.001,step,320,layer3_layer4_fc,weighted_cross_entropy,resnet18,imagenet,70,31,39,122,24,9,15,44,0.9166666666666666,0.8962962962962963,0.910273368606702,0.8888888888888888,0.9333333333333332,0.8888888888888888,0.8888888888888888,0.8888888888888888,0.3492515683174133,14,1,1,8,9,30242
3,3,lr_1em03_sched_step_img_320_ft_layer3_layer4_fc_loss_weighted_cross_entropy_2e77ebeaf3,0.001,step,320,layer3_layer4_fc,weighted_cross_entropy,resnet18,imagenet,71,30,41,124,23,10,13,42,0.8695652173913043,0.8769230769230769,0.8895959595959596,0.9,0.8461538461538461,0.8181818181818182,0.9,0.8571428571428571,0.0001305990736,11,2,1,9,4,30342
3,4,lr_1em03_sched_step_img_320_ft_layer3_layer4_fc_loss_weighted_cross_entropy_2e77ebeaf3,0.001,step,320,layer3_layer4_fc,weighted_cross_entropy,resnet18,imagenet,71,31,40,127,23,9,14,39,0.9130434782608696,0.8571428571428571,0.7912257495590829,0.8888888888888888,0.9285714285714286,0.8888888888888888,0.8888888888888888,0.8888888888888888,0.7075222134590149,13,1,1,8,8,30442
3,1,lr_1em03_sched_step_img_320_ft_layer3_layer4_fc_loss_focal_13ec69550d,0.001,step,320,layer3_layer4_fc,focal,resnet18,imagenet,70,28,42,125,24,12,12,41,0.7916666666666666,0.8055555555555556,0.8479812950207688,0.8333333333333334,0.75,0.7692307692307693,0.8333333333333334,0.8,0.3127599060535431,9,3,2,10,8,30142
3,2,lr_1em03_sched_step_img_320_ft_layer3_layer4_fc_loss_focal_13ec69550d,0.001,step,320,layer3_layer4_fc,focal,resnet18,imagenet,70,31,39,122,24,9,15,44,0.7916666666666666,0.8148148148148149,0.7751322751322751,0.8888888888888888,0.7333333333333333,0.6666666666666666,0.8888888888888888,0.7619047619047619,0.3164271414279938,11,4,1,8,23,30242
3,3,lr_1em03_sched_step_img_320_ft_layer3_layer4_fc_loss_focal_13ec69550d,0.001,step,320,layer3_layer4_fc,focal,resnet18,imagenet,71,30,41,124,23,10,13,42,0.8695652173913043,0.9076923076923076,0.9156746031746033,0.8,0.9230769230769232,0.8888888888888888,0.8,0.8421052631578947,0.4962299466133117,12,1,2,8,7,30342
3,4,lr_1em03_sched_step_img_320_ft_layer3_layer4_fc_loss_focal_13ec69550d,0.001,step,320,layer3_layer4_fc,focal,resnet18,imagenet,71,31,40,127,23,9,14,39,0.8260869565217391,0.8253968253968255,0.7497406369955391,0.7777777777777778,0.8571428571428571,0.7777777777777778,0.7777777777777778,0.7777777777777778,0.5848476886749268,12,2,2,7,9,30442
3,1,lr_1em03_sched_step_img_320_ft_full_loss_weighted_cross_entropy_3b47231c27,0.001,step,320,full,weighted_cross_entropy,resnet18,imagenet,70,28,42,125,24,12,12,41,0.8333333333333334,0.8541666666666667,0.8524932913090808,0.8333333333333334,0.8333333333333334,0.8333333333333334,0.8333333333333334,0.8333333333333334,0.3226862251758575,10,2,2,10,5,30142
3,2,lr_1em03_sched_step_img_320_ft_full_loss_weighted_cross_entropy_3b47231c27,0.001,step,320,full,weighted_cross_entropy,resnet18,imagenet,70,31,39,122,24,9,15,44,0.9166666666666666,0.8962962962962963,0.9044834307992202,0.7777777777777778,1.0,1.0,0.7777777777777778,0.875,0.5446435809135437,15,0,2,7,14,30242
3,3,lr_1em03_sched_step_img_320_ft_full_loss_weighted_cross_entropy_3b47231c27,0.001,step,320,full,weighted_cross_entropy,resnet18,imagenet,71,30,41,124,23,10,13,42,0.8695652173913043,0.9000000000000001,0.9108386496544392,0.9,0.8461538461538461,0.8181818181818182,0.9,0.8571428571428571,0.5703262090682983,11,2,1,9,21,30342
3,4,lr_1em03_sched_step_img_320_ft_full_loss_weighted_cross_entropy_3b47231c27,0.001,step,320,full,weighted_cross_entropy,resnet18,imagenet,71,31,40,127,23,9,14,39,0.8695652173913043,0.8809523809523809,0.7899350649350649,0.7777777777777778,0.9285714285714286,0.875,0.7777777777777778,0.8235294117647058,0.3464823961257934,13,1,2,7,15,30442
3,1,lr_1em03_sched_step_img_320_ft_full_loss_focal_46ee41ff95,0.001,step,320,full,focal,resnet18,imagenet,70,28,42,125,24,12,12,41,0.75,0.7256944444444445,0.759813192278026,0.5833333333333334,0.9166666666666666,0.875,0.5833333333333334,0.7,1.0,11,1,5,7,1,30142
3,2,lr_1em03_sched_step_img_320_ft_full_loss_focal_46ee41ff95,0.001,step,320,full,focal,resnet18,imagenet,70,31,39,122,24,9,15,44,0.75,0.7407407407407407,0.6630951894109789,0.8888888888888888,0.6666666666666666,0.6153846153846154,0.8888888888888888,0.7272727272727273,0.3947640657424927,10,5,1,8,11,30242
3,3,lr_1em03_sched_step_img_320_ft_full_loss_focal_46ee41ff95,0.001,step,320,full,focal,resnet18,imagenet,71,30,41,124,23,10,13,42,0.9130434782608696,0.9230769230769232,0.891976911976912,1.0,0.8461538461538461,0.8333333333333334,1.0,0.9090909090909092,0.4955597519874573,11,2,0,10,7,30342
3,4,lr_1em03_sched_step_img_320_ft_full_loss_focal_46ee41ff95,0.001,step,320,full,focal,resnet18,imagenet,71,31,40,127,23,9,14,39,0.9130434782608696,0.9365079365079364,0.91820987654321,0.8888888888888888,0.9285714285714286,0.8888888888888888,0.8888888888888888,0.8888888888888888,0.4879926741123199,13,1,1,8,15,30442
3,1,lr_1em03_sched_cosine_img_224_ft_fc_only_loss_weighted_cross_entropy_b823b64dc5,0.001,cosine,224,fc_only,weighted_cross_entropy,resnet18,imagenet,70,28,42,125,24,12,12,41,0.75,0.7916666666666667,0.8117498514557338,1.0,0.5,0.6666666666666666,1.0,0.8,0.1264790296554565,6,6,0,12,21,30142
3,2,lr_1em03_sched_cosine_img_224_ft_fc_only_loss_weighted_cross_entropy_b823b64dc5,0.001,cosine,224,fc_only,weighted_cross_entropy,resnet18,imagenet,70,31,39,122,24,9,15,44,0.6666666666666666,0.7259259259259259,0.538056333644569,1.0,0.4666666666666667,0.5294117647058824,1.0,0.6923076923076923,0.4320097267627716,7,8,0,9,1,30242
3,3,lr_1em03_sched_cosine_img_224_ft_fc_only_loss_weighted_cross_entropy_b823b64dc5,0.001,cosine,224,fc_only,weighted_cross_entropy,resnet18,imagenet,71,30,41,124,23,10,13,42,0.7391304347826086,0.7692307692307693,0.7314392551892551,0.7,0.7692307692307693,0.7,0.7,0.7,0.2883719503879547,10,3,3,7,27,30342
3,4,lr_1em03_sched_cosine_img_224_ft_fc_only_loss_weighted_cross_entropy_b823b64dc5,0.001,cosine,224,fc_only,weighted_cross_entropy,resnet18,imagenet,71,31,40,127,23,9,14,39,0.6956521739130435,0.6428571428571428,0.659303176694481,0.7777777777777778,0.6428571428571429,0.5833333333333334,0.7777777777777778,0.6666666666666666,0.1825567334890365,9,5,2,7,21,30442
3,1,lr_1em03_sched_cosine_img_224_ft_fc_only_loss_focal_d13ac3e3bf,0.001,cosine,224,fc_only,focal,resnet18,imagenet,70,28,42,125,24,12,12,41,0.7916666666666666,0.8055555555555556,0.8348348682907507,0.75,0.8333333333333334,0.8181818181818182,0.75,0.782608695652174,0.2782766819000244,10,2,3,9,23,30142
3,2,lr_1em03_sched_cosine_img_224_ft_fc_only_loss_focal_d13ac3e3bf,0.001,cosine,224,fc_only,focal,resnet18,imagenet,70,31,39,122,24,9,15,44,0.75,0.762962962962963,0.5775932400932401,0.8888888888888888,0.6666666666666666,0.6153846153846154,0.8888888888888888,0.7272727272727273,0.4335995316505432,10,5,1,8,1,30242
3,3,lr_1em03_sched_cosine_img_224_ft_fc_only_loss_focal_d13ac3e3bf,0.001,cosine,224,fc_only,focal,resnet18,imagenet,71,30,41,124,23,10,13,42,0.782608695652174,0.8538461538461539,0.8580816843974738,0.9,0.6923076923076923,0.6923076923076923,0.9,0.782608695652174,0.3822837769985199,9,4,1,9,26,30342
3,4,lr_1em03_sched_cosine_img_224_ft_fc_only_loss_focal_d13ac3e3bf,0.001,cosine,224,fc_only,focal,resnet18,imagenet,71,31,40,127,23,9,14,39,0.6521739130434783,0.5238095238095238,0.5058825881861733,0.6666666666666666,0.6428571428571429,0.5454545454545454,0.6666666666666666,0.6,0.2953837513923645,9,5,3,6,9,30442
3,1,lr_1em03_sched_cosine_img_224_ft_layer4_fc_loss_weighted_cross_entropy_ef51ec0390,0.001,cosine,224,layer4_fc,weighted_cross_entropy,resnet18,imagenet,70,28,42,125,24,12,12,41,0.875,0.8333333333333335,0.9047619047619048,0.75,1.0,1.0,0.75,0.8571428571428571,0.2981867790222168,12,0,3,9,2,30142
3,2,lr_1em03_sched_cosine_img_224_ft_layer4_fc_loss_weighted_cross_entropy_ef51ec0390,0.001,cosine,224,layer4_fc,weighted_cross_entropy,resnet18,imagenet,70,31,39,122,24,9,15,44,0.875,0.8962962962962964,0.831657848324515,0.8888888888888888,0.8666666666666667,0.8,0.8888888888888888,0.8421052631578947,0.8916890025138855,13,2,1,8,4,30242
3,3,lr_1em03_sched_cosine_img_224_ft_layer4_fc_loss_weighted_cross_entropy_ef51ec0390,0.001,cosine,224,layer4_fc,weighted_cross_entropy,resnet18,imagenet,71,30,41,124,23,10,13,42,0.8260869565217391,0.8538461538461538,0.8369064707222602,0.9,0.7692307692307693,0.75,0.9,0.8181818181818182,2.3884484107838944e-05,10,3,1,9,1,30342
3,4,lr_1em03_sched_cosine_img_224_ft_layer4_fc_loss_weighted_cross_entropy_ef51ec0390,0.001,cosine,224,layer4_fc,weighted_cross_entropy,resnet18,imagenet,71,31,40,127,23,9,14,39,0.8260869565217391,0.7936507936507936,0.6917466591379635,0.8888888888888888,0.7857142857142857,0.7272727272727273,0.8888888888888888,0.8,0.0692813247442245,11,3,1,8,8,30442
3,1,lr_1em03_sched_cosine_img_224_ft_layer4_fc_loss_focal_499bb0caeb,0.001,cosine,224,layer4_fc,focal,resnet18,imagenet,70,28,42,125,24,12,12,41,0.8333333333333334,0.8611111111111112,0.8939678649237472,0.75,0.9166666666666666,0.9,0.75,0.8181818181818182,0.5535911917686462,11,1,3,9,11,30142
3,2,lr_1em03_sched_cosine_img_224_ft_layer4_fc_loss_focal_499bb0caeb,0.001,cosine,224,layer4_fc,focal,resnet18,imagenet,70,31,39,122,24,9,15,44,0.7916666666666666,0.8666666666666667,0.8173340548340547,0.8888888888888888,0.7333333333333333,0.6666666666666666,0.8888888888888888,0.7619047619047619,0.5007575154304504,11,4,1,8,1,30242
3,3,lr_1em03_sched_cosine_img_224_ft_layer4_fc_loss_focal_499bb0caeb,0.001,cosine,224,layer4_fc,focal,resnet18,imagenet,71,30,41,124,23,10,13,42,0.8260869565217391,0.8461538461538461,0.845358851674641,0.9,0.7692307692307693,0.75,0.9,0.8181818181818182,0.195908173918724,10,3,1,9,9,30342
3,4,lr_1em03_sched_cosine_img_224_ft_layer4_fc_loss_focal_499bb0caeb,0.001,cosine,224,layer4_fc,focal,resnet18,imagenet,71,31,40,127,23,9,14,39,0.9130434782608696,0.8174603174603176,0.8721804511278197,0.7777777777777778,1.0,1.0,0.7777777777777778,0.875,0.3859333097934723,14,0,2,7,30,30442
3,1,lr_1em03_sched_cosine_img_224_ft_layer3_layer4_fc_loss_weighted_cross_entropy_910d3681f6,0.001,cosine,224,layer3_layer4_fc,weighted_cross_entropy,resnet18,imagenet,70,28,42,125,24,12,12,41,0.9166666666666666,0.951388888888889,0.9613095238095236,0.8333333333333334,1.0,1.0,0.8333333333333334,0.9090909090909092,0.1596151441335678,12,0,2,10,14,30142
3,2,lr_1em03_sched_cosine_img_224_ft_layer3_layer4_fc_loss_weighted_cross_entropy_910d3681f6,0.001,cosine,224,layer3_layer4_fc,weighted_cross_entropy,resnet18,imagenet,70,31,39,122,24,9,15,44,0.9166666666666666,0.8666666666666667,0.895330112721417,0.7777777777777778,1.0,1.0,0.7777777777777778,0.875,0.3407156467437744,15,0,2,7,3,30242
3,3,lr_1em03_sched_cosine_img_224_ft_layer3_layer4_fc_loss_weighted_cross_entropy_910d3681f6,0.001,cosine,224,layer3_layer4_fc,weighted_cross_entropy,resnet18,imagenet,71,30,41,124,23,10,13,42,0.8260869565217391,0.9076923076923078,0.8994444444444444,0.9,0.7692307692307693,0.75,0.9,0.8181818181818182,0.2623246014118194,10,3,1,9,6,30342
3,4,lr_1em03_sched_cosine_img_224_ft_layer3_layer4_fc_loss_weighted_cross_entropy_910d3681f6,0.001,cosine,224,layer3_layer4_fc,weighted_cross_entropy,resnet18,imagenet,71,31,40,127,23,9,14,39,0.8260869565217391,0.873015873015873,0.8496845202727557,0.8888888888888888,0.7857142857142857,0.7272727272727273,0.8888888888888888,0.8,0.1384351402521133,11,3,1,8,18,30442
3,1,lr_1em03_sched_cosine_img_224_ft_layer3_layer4_fc_loss_focal_1c2cfa6c7e,0.001,cosine,224,layer3_layer4_fc,focal,resnet18,imagenet,70,28,42,125,24,12,12,41,0.7916666666666666,0.8819444444444444,0.8935279453661806,0.8333333333333334,0.75,0.7692307692307693,0.8333333333333334,0.8,2.208464684372302e-05,9,3,2,10,2,30142
3,2,lr_1em03_sched_cosine_img_224_ft_layer3_layer4_fc_loss_focal_1c2cfa6c7e,0.001,cosine,224,layer3_layer4_fc,focal,resnet18,imagenet,70,31,39,122,24,9,15,44,0.7916666666666666,0.7703703703703704,0.6795695045695045,0.8888888888888888,0.7333333333333333,0.6666666666666666,0.8888888888888888,0.7619047619047619,0.3868924379348755,11,4,1,8,9,30242
3,3,lr_1em03_sched_cosine_img_224_ft_layer3_layer4_fc_loss_focal_1c2cfa6c7e,0.001,cosine,224,layer3_layer4_fc,focal,resnet18,imagenet,71,30,41,124,23,10,13,42,0.8260869565217391,0.8076923076923077,0.725465367965368,1.0,0.6923076923076923,0.7142857142857143,1.0,0.8333333333333334,0.592591404914856,9,4,0,10,9,30342
3,4,lr_1em03_sched_cosine_img_224_ft_layer3_layer4_fc_loss_focal_1c2cfa6c7e,0.001,cosine,224,layer3_layer4_fc,focal,resnet18,imagenet,71,31,40,127,23,9,14,39,0.782608695652174,0.7857142857142857,0.6584516847674743,0.7777777777777778,0.7857142857142857,0.7,0.7777777777777778,0.7368421052631579,0.5680485963821411,11,3,2,7,10,30442
3,1,lr_1em03_sched_cosine_img_224_ft_full_loss_weighted_cross_entropy_39e37e168b,0.001,cosine,224,full,weighted_cross_entropy,resnet18,imagenet,70,28,42,125,24,12,12,41,0.8333333333333334,0.7638888888888888,0.8516203703703704,0.75,0.9166666666666666,0.9,0.75,0.8181818181818182,0.2122901380062103,11,1,3,9,10,30142
3,2,lr_1em03_sched_cosine_img_224_ft_full_loss_weighted_cross_entropy_39e37e168b,0.001,cosine,224,full,weighted_cross_entropy,resnet18,imagenet,70,31,39,122,24,9,15,44,0.8333333333333334,0.8444444444444444,0.7531927461752024,0.8888888888888888,0.8,0.7272727272727273,0.8888888888888888,0.8,0.3435132503509521,12,3,1,8,7,30242
3,3,lr_1em03_sched_cosine_img_224_ft_full_loss_weighted_cross_entropy_39e37e168b,0.001,cosine,224,full,weighted_cross_entropy,resnet18,imagenet,71,30,41,124,23,10,13,42,0.9130434782608696,0.9076923076923076,0.9247863247863248,0.8,1.0,1.0,0.8,0.8888888888888888,0.4538825452327728,13,0,2,8,20,30342
3,4,lr_1em03_sched_cosine_img_224_ft_full_loss_weighted_cross_entropy_39e37e168b,0.001,cosine,224,full,weighted_cross_entropy,resnet18,imagenet,71,31,40,127,23,9,14,39,0.782608695652174,0.8015873015873016,0.7452963216121111,0.8888888888888888,0.7142857142857143,0.6666666666666666,0.8888888888888888,0.7619047619047619,0.1444222331047058,10,4,1,8,10,30442
3,1,lr_1em03_sched_cosine_img_224_ft_full_loss_focal_6f8c3142a9,0.001,cosine,224,full,focal,resnet18,imagenet,70,28,42,125,24,12,12,41,0.7916666666666666,0.7777777777777778,0.8455357142857143,0.5833333333333334,1.0,1.0,0.5833333333333334,0.7368421052631579,0.4520514905452728,12,0,5,7,12,30142
3,2,lr_1em03_sched_cosine_img_224_ft_full_loss_focal_6f8c3142a9,0.001,cosine,224,full,focal,resnet18,imagenet,70,31,39,122,24,9,15,44,0.7083333333333334,0.8222222222222222,0.7926994301994301,1.0,0.5333333333333333,0.5625,1.0,0.72,3.255107401400892e-07,8,7,0,9,2,30242
3,3,lr_1em03_sched_cosine_img_224_ft_full_loss_focal_6f8c3142a9,0.001,cosine,224,full,focal,resnet18,imagenet,71,30,41,124,23,10,13,42,0.782608695652174,0.7692307692307693,0.7628373015873015,0.7,0.8461538461538461,0.7777777777777778,0.7,0.7368421052631579,0.996200144290924,11,2,3,7,4,30342
3,4,lr_1em03_sched_cosine_img_224_ft_full_loss_focal_6f8c3142a9,0.001,cosine,224,full,focal,resnet18,imagenet,71,31,40,127,23,9,14,39,0.8695652173913043,0.8571428571428572,0.8339807852965748,0.7777777777777778,0.9285714285714286,0.875,0.7777777777777778,0.8235294117647058,0.2417918741703033,13,1,2,7,19,30442
3,1,lr_1em03_sched_cosine_img_320_ft_fc_only_loss_weighted_cross_entropy_bc21784528,0.001,cosine,320,fc_only,weighted_cross_entropy,resnet18,imagenet,70,28,42,125,24,12,12,41,0.7083333333333334,0.736111111111111,0.7984180171680171,0.5833333333333334,0.8333333333333334,0.7777777777777778,0.5833333333333334,0.6666666666666666,0.2509419322013855,10,2,5,7,20,30142
3,2,lr_1em03_sched_cosine_img_320_ft_fc_only_loss_weighted_cross_entropy_bc21784528,0.001,cosine,320,fc_only,weighted_cross_entropy,resnet18,imagenet,70,31,39,122,24,9,15,44,0.6666666666666666,0.5925925925925926,0.5801767676767676,0.6666666666666666,0.6666666666666666,0.5454545454545454,0.6666666666666666,0.6,0.2272519916296005,10,5,3,6,2,30242
3,3,lr_1em03_sched_cosine_img_320_ft_fc_only_loss_weighted_cross_entropy_bc21784528,0.001,cosine,320,fc_only,weighted_cross_entropy,resnet18,imagenet,71,30,41,124,23,10,13,42,0.8260869565217391,0.8923076923076922,0.889508547008547,0.8,0.8461538461538461,0.8,0.8,0.8,0.2156764566898346,11,2,2,8,28,30342
3,4,lr_1em03_sched_cosine_img_320_ft_fc_only_loss_weighted_cross_entropy_bc21784528,0.001,cosine,320,fc_only,weighted_cross_entropy,resnet18,imagenet,71,31,40,127,23,9,14,39,0.8695652173913043,0.7063492063492063,0.7982246038512024,0.6666666666666666,1.0,1.0,0.6666666666666666,0.8,0.2644550800323486,14,0,3,6,10,30442
3,1,lr_1em03_sched_cosine_img_320_ft_fc_only_loss_focal_57dc43c36e,0.001,cosine,320,fc_only,focal,resnet18,imagenet,70,28,42,125,24,12,12,41,0.6666666666666666,0.6666666666666667,0.6947345209493547,0.4166666666666667,0.9166666666666666,0.8333333333333334,0.4166666666666667,0.5555555555555556,0.4337888062000274,11,1,7,5,14,30142
3,2,lr_1em03_sched_cosine_img_320_ft_fc_only_loss_focal_57dc43c36e,0.001,cosine,320,fc_only,focal,resnet18,imagenet,70,31,39,122,24,9,15,44,0.6666666666666666,0.5777777777777777,0.5593318809005083,0.5555555555555556,0.7333333333333333,0.5555555555555556,0.5555555555555556,0.5555555555555556,0.6434289216995239,11,4,4,5,2,30242
3,3,lr_1em03_sched_cosine_img_320_ft_fc_only_loss_focal_57dc43c36e,0.001,cosine,320,fc_only,focal,resnet18,imagenet,71,30,41,124,23,10,13,42,0.8695652173913043,0.8769230769230769,0.8111294261294261,1.0,0.7692307692307693,0.7692307692307693,1.0,0.8695652173913043,0.3754480481147766,10,3,0,10,27,30342
3,4,lr_1em03_sched_cosine_img_320_ft_fc_only_loss_focal_57dc43c36e,0.001,cosine,320,fc_only,focal,resnet18,imagenet,71,31,40,127,23,9,14,39,0.782608695652174,0.7063492063492063,0.7298980139559852,0.5555555555555556,0.9285714285714286,0.8333333333333334,0.5555555555555556,0.6666666666666666,0.2591410279273987,13,1,4,5,8,30442
3,1,lr_1em03_sched_cosine_img_320_ft_layer4_fc_loss_weighted_cross_entropy_6c9df830c6,0.001,cosine,320,layer4_fc,weighted_cross_entropy,resnet18,imagenet,70,28,42,125,24,12,12,41,0.875,0.8402777777777778,0.9109025032938076,0.75,1.0,1.0,0.75,0.8571428571428571,0.116875872015953,12,0,3,9,3,30142
3,2,lr_1em03_sched_cosine_img_320_ft_layer4_fc_loss_weighted_cross_entropy_6c9df830c6,0.001,cosine,320,layer4_fc,weighted_cross_entropy,resnet18,imagenet,70,31,39,122,24,9,15,44,0.875,0.8814814814814815,0.840172735760971,0.7777777777777778,0.9333333333333332,0.875,0.7777777777777778,0.8235294117647058,0.3403126001358032,14,1,2,7,17,30242
3,3,lr_1em03_sched_cosine_img_320_ft_layer4_fc_loss_weighted_cross_entropy_6c9df830c6,0.001,cosine,320,layer4_fc,weighted_cross_entropy,resnet18,imagenet,71,30,41,124,23,10,13,42,0.8695652173913043,0.8615384615384616,0.8548737373737373,0.9,0.8461538461538461,0.8181818181818182,0.9,0.8571428571428571,0.6620117425918579,11,2,1,9,9,30342
3,4,lr_1em03_sched_cosine_img_320_ft_layer4_fc_loss_weighted_cross_entropy_6c9df830c6,0.001,cosine,320,layer4_fc,weighted_cross_entropy,resnet18,imagenet,71,31,40,127,23,9,14,39,0.8695652173913043,0.8333333333333333,0.8057599807599809,0.7777777777777778,0.9285714285714286,0.875,0.7777777777777778,0.8235294117647058,0.5094158053398132,13,1,2,7,7,30442
3,1,lr_1em03_sched_cosine_img_320_ft_layer4_fc_loss_focal_341f170a81,0.001,cosine,320,layer4_fc,focal,resnet18,imagenet,70,28,42,125,24,12,12,41,0.8333333333333334,0.8541666666666666,0.8971966629861367,0.6666666666666666,1.0,1.0,0.6666666666666666,0.8,0.5247430205345154,12,0,4,8,22,30142
3,2,lr_1em03_sched_cosine_img_320_ft_layer4_fc_loss_focal_341f170a81,0.001,cosine,320,layer4_fc,focal,resnet18,imagenet,70,31,39,122,24,9,15,44,0.875,0.8888888888888888,0.8359567901234568,0.8888888888888888,0.8666666666666667,0.8,0.8888888888888888,0.8421052631578947,0.3602139949798584,13,2,1,8,15,30242
3,3,lr_1em03_sched_cosine_img_320_ft_layer4_fc_loss_focal_341f170a81,0.001,cosine,320,layer4_fc,focal,resnet18,imagenet,71,30,41,124,23,10,13,42,0.782608695652174,0.8692307692307693,0.8512834387834387,0.9,0.6923076923076923,0.6923076923076923,0.9,0.782608695652174,0.4289335608482361,9,4,1,9,5,30342
3,4,lr_1em03_sched_cosine_img_320_ft_layer4_fc_loss_focal_341f170a81,0.001,cosine,320,layer4_fc,focal,resnet18,imagenet,71,31,40,127,23,9,14,39,0.8260869565217391,0.7777777777777778,0.7823100283884599,0.7777777777777778,0.8571428571428571,0.7777777777777778,0.7777777777777778,0.7777777777777778,0.4295087456703186,12,2,2,7,20,30442
3,1,lr_1em03_sched_cosine_img_320_ft_layer3_layer4_fc_loss_weighted_cross_entropy_1377c12b1a,0.001,cosine,320,layer3_layer4_fc,weighted_cross_entropy,resnet18,imagenet,70,28,42,125,24,12,12,41,0.8333333333333334,0.8819444444444444,0.8908552096052096,0.75,0.9166666666666666,0.9,0.75,0.8181818181818182,0.5928980112075806,11,1,3,9,10,30142
3,2,lr_1em03_sched_cosine_img_320_ft_layer3_layer4_fc_loss_weighted_cross_entropy_1377c12b1a,0.001,cosine,320,layer3_layer4_fc,weighted_cross_entropy,resnet18,imagenet,70,31,39,122,24,9,15,44,0.875,0.8814814814814814,0.8668291098115659,0.8888888888888888,0.8666666666666667,0.8,0.8888888888888888,0.8421052631578947,0.3481200635433197,13,2,1,8,14,30242
3,3,lr_1em03_sched_cosine_img_320_ft_layer3_layer4_fc_loss_weighted_cross_entropy_1377c12b1a,0.001,cosine,320,layer3_layer4_fc,weighted_cross_entropy,resnet18,imagenet,71,30,41,124,23,10,13,42,0.9130434782608696,0.9538461538461538,0.941540404040404,1.0,0.8461538461538461,0.8333333333333334,1.0,0.9090909090909092,0.9986257553100586,11,2,0,10,1,30342
3,4,lr_1em03_sched_cosine_img_320_ft_layer3_layer4_fc_loss_weighted_cross_entropy_1377c12b1a,0.001,cosine,320,layer3_layer4_fc,weighted_cross_entropy,resnet18,imagenet,71,31,40,127,23,9,14,39,0.8695652173913043,0.8571428571428571,0.721947496947497,0.7777777777777778,0.9285714285714286,0.875,0.7777777777777778,0.8235294117647058,0.5244235396385193,13,1,2,7,21,30442
3,1,lr_1em03_sched_cosine_img_320_ft_layer3_layer4_fc_loss_focal_e4d2aaa6dc,0.001,cosine,320,layer3_layer4_fc,focal,resnet18,imagenet,70,28,42,125,24,12,12,41,0.875,0.9097222222222222,0.9322916666666669,0.75,1.0,1.0,0.75,0.8571428571428571,0.5367323160171509,12,0,3,9,23,30142
3,2,lr_1em03_sched_cosine_img_320_ft_layer3_layer4_fc_loss_focal_e4d2aaa6dc,0.001,cosine,320,layer3_layer4_fc,focal,resnet18,imagenet,70,31,39,122,24,9,15,44,0.75,0.7703703703703704,0.7142255892255892,0.7777777777777778,0.7333333333333333,0.6363636363636364,0.7777777777777778,0.7,0.4626795351505279,11,4,2,7,27,30242
3,3,lr_1em03_sched_cosine_img_320_ft_layer3_layer4_fc_loss_focal_e4d2aaa6dc,0.001,cosine,320,layer3_layer4_fc,focal,resnet18,imagenet,71,30,41,124,23,10,13,42,0.9130434782608696,0.9153846153846154,0.928054298642534,0.8,1.0,1.0,0.8,0.8888888888888888,0.651759922504425,13,0,2,8,4,30342
3,4,lr_1em03_sched_cosine_img_320_ft_layer3_layer4_fc_loss_focal_e4d2aaa6dc,0.001,cosine,320,layer3_layer4_fc,focal,resnet18,imagenet,71,31,40,127,23,9,14,39,0.8260869565217391,0.8095238095238094,0.8054192720859388,0.7777777777777778,0.8571428571428571,0.7777777777777778,0.7777777777777778,0.7777777777777778,0.3614200353622436,12,2,2,7,16,30442
3,1,lr_1em03_sched_cosine_img_320_ft_full_loss_weighted_cross_entropy_7dfecf0062,0.001,cosine,320,full,weighted_cross_entropy,resnet18,imagenet,70,28,42,125,24,12,12,41,0.6666666666666666,0.6319444444444444,0.6761617220498799,0.5,0.8333333333333334,0.75,0.5,0.6,0.0012010731734335,10,2,6,6,1,30142
3,2,lr_1em03_sched_cosine_img_320_ft_full_loss_weighted_cross_entropy_7dfecf0062,0.001,cosine,320,full,weighted_cross_entropy,resnet18,imagenet,70,31,39,122,24,9,15,44,0.625,0.6888888888888889,0.6731078904991948,0.8888888888888888,0.4666666666666667,0.5,0.8888888888888888,0.64,0.7781749963760376,7,8,1,8,1,30242
3,3,lr_1em03_sched_cosine_img_320_ft_full_loss_weighted_cross_entropy_7dfecf0062,0.001,cosine,320,full,weighted_cross_entropy,resnet18,imagenet,71,30,41,124,23,10,13,42,0.8260869565217391,0.8692307692307693,0.8132034632034632,1.0,0.6923076923076923,0.7142857142857143,1.0,0.8333333333333334,0.4027043581008911,9,4,0,10,7,30342
3,4,lr_1em03_sched_cosine_img_320_ft_full_loss_weighted_cross_entropy_7dfecf0062,0.001,cosine,320,full,weighted_cross_entropy,resnet18,imagenet,71,31,40,127,23,9,14,39,0.782608695652174,0.7698412698412698,0.6990000253158148,0.6666666666666666,0.8571428571428571,0.75,0.6666666666666666,0.7058823529411765,0.3023324906826019,12,2,3,6,14,30442
3,1,lr_1em03_sched_cosine_img_320_ft_full_loss_focal_18d6d88640,0.001,cosine,320,full,focal,resnet18,imagenet,70,28,42,125,24,12,12,41,0.7916666666666666,0.7430555555555557,0.7925255099168143,0.8333333333333334,0.75,0.7692307692307693,0.8333333333333334,0.8,0.0055600451305508,9,3,2,10,3,30142
3,2,lr_1em03_sched_cosine_img_320_ft_full_loss_focal_18d6d88640,0.001,cosine,320,full,focal,resnet18,imagenet,70,31,39,122,24,9,15,44,0.7916666666666666,0.8148148148148148,0.7554565260447613,0.6666666666666666,0.8666666666666667,0.75,0.6666666666666666,0.7058823529411765,0.4899927973747253,13,2,3,6,18,30242
3,3,lr_1em03_sched_cosine_img_320_ft_full_loss_focal_18d6d88640,0.001,cosine,320,full,focal,resnet18,imagenet,71,30,41,124,23,10,13,42,0.9130434782608696,0.8769230769230769,0.911904761904762,0.8,1.0,1.0,0.8,0.8888888888888888,0.576678991317749,13,0,2,8,12,30342
3,4,lr_1em03_sched_cosine_img_320_ft_full_loss_focal_18d6d88640,0.001,cosine,320,full,focal,resnet18,imagenet,71,31,40,127,23,9,14,39,0.782608695652174,0.8015873015873016,0.7191544566544568,0.6666666666666666,0.8571428571428571,0.75,0.6666666666666666,0.7058823529411765,0.5521793365478516,12,2,3,6,9,30442
3,1,lr_1em03_sched_none_img_224_ft_fc_only_loss_weighted_cross_entropy_b7e54e70a9,0.001,none,224,fc_only,weighted_cross_entropy,resnet18,imagenet,70,28,42,125,24,12,12,41,0.75,0.7361111111111112,0.7043891293891293,0.75,0.75,0.75,0.75,0.75,0.2287706136703491,9,3,3,9,9,30142
3,2,lr_1em03_sched_none_img_224_ft_fc_only_loss_weighted_cross_entropy_b7e54e70a9,0.001,none,224,fc_only,weighted_cross_entropy,resnet18,imagenet,70,31,39,122,24,9,15,44,0.5416666666666666,0.4740740740740741,0.3887968512968512,0.7777777777777778,0.4,0.4375,0.7777777777777778,0.56,0.0596597082912921,6,9,2,7,1,30242
3,3,lr_1em03_sched_none_img_224_ft_fc_only_loss_weighted_cross_entropy_b7e54e70a9,0.001,none,224,fc_only,weighted_cross_entropy,resnet18,imagenet,71,30,41,124,23,10,13,42,0.8260869565217391,0.8692307692307693,0.8433333333333333,0.8,0.8461538461538461,0.8,0.8,0.8,0.4151241779327392,11,2,2,8,19,30342
3,4,lr_1em03_sched_none_img_224_ft_fc_only_loss_weighted_cross_entropy_b7e54e70a9,0.001,none,224,fc_only,weighted_cross_entropy,resnet18,imagenet,71,31,40,127,23,9,14,39,0.7391304347826086,0.6904761904761905,0.7134925058838102,0.6666666666666666,0.7857142857142857,0.6666666666666666,0.6666666666666666,0.6666666666666666,0.2876708507537842,11,3,3,6,26,30442
3,1,lr_1em03_sched_none_img_224_ft_fc_only_loss_focal_05666f2b69,0.001,none,224,fc_only,focal,resnet18,imagenet,70,28,42,125,24,12,12,41,0.8333333333333334,0.8402777777777779,0.8203856328856329,1.0,0.6666666666666666,0.75,1.0,0.8571428571428571,0.1440849900245666,8,4,0,12,25,30142
3,2,lr_1em03_sched_none_img_224_ft_fc_only_loss_focal_05666f2b69,0.001,none,224,fc_only,focal,resnet18,imagenet,70,31,39,122,24,9,15,44,0.75,0.6888888888888889,0.5204373331824312,0.7777777777777778,0.7333333333333333,0.6363636363636364,0.7777777777777778,0.7,0.5754680633544922,11,4,2,7,1,30242
3,3,lr_1em03_sched_none_img_224_ft_fc_only_loss_focal_05666f2b69,0.001,none,224,fc_only,focal,resnet18,imagenet,71,30,41,124,23,10,13,42,0.782608695652174,0.7923076923076923,0.7755050505050505,0.8,0.7692307692307693,0.7272727272727273,0.8,0.7619047619047619,0.465077131986618,10,3,2,8,29,30342
3,4,lr_1em03_sched_none_img_224_ft_fc_only_loss_focal_05666f2b69,0.001,none,224,fc_only,focal,resnet18,imagenet,71,31,40,127,23,9,14,39,0.6956521739130435,0.6666666666666667,0.6996951920864964,0.6666666666666666,0.7142857142857143,0.6,0.6666666666666666,0.631578947368421,0.2277990281581878,10,4,3,6,19,30442
3,1,lr_1em03_sched_none_img_224_ft_layer4_fc_loss_weighted_cross_entropy_35a6db6239,0.001,none,224,layer4_fc,weighted_cross_entropy,resnet18,imagenet,70,28,42,125,24,12,12,41,0.875,0.8749999999999999,0.916089466089466,0.75,1.0,1.0,0.75,0.8571428571428571,0.7086611986160278,12,0,3,9,9,30142
3,2,lr_1em03_sched_none_img_224_ft_layer4_fc_loss_weighted_cross_entropy_35a6db6239,0.001,none,224,layer4_fc,weighted_cross_entropy,resnet18,imagenet,70,31,39,122,24,9,15,44,0.875,0.9185185185185184,0.8935185185185184,0.7777777777777778,0.9333333333333332,0.875,0.7777777777777778,0.8235294117647058,0.0864508375525474,14,1,2,7,5,30242
3,3,lr_1em03_sched_none_img_224_ft_layer4_fc_loss_weighted_cross_entropy_35a6db6239,0.001,none,224,layer4_fc,weighted_cross_entropy,resnet18,imagenet,71,30,41,124,23,10,13,42,0.9130434782608696,0.9153846153846156,0.9305555555555556,0.8,1.0,1.0,0.8,0.8888888888888888,0.0123328361660242,13,0,2,8,3,30342
3,4,lr_1em03_sched_none_img_224_ft_layer4_fc_loss_weighted_cross_entropy_35a6db6239,0.001,none,224,layer4_fc,weighted_cross_entropy,resnet18,imagenet,71,31,40,127,23,9,14,39,0.782608695652174,0.8095238095238095,0.8053830227743273,0.8888888888888888,0.7142857142857143,0.6666666666666666,0.8888888888888888,0.7619047619047619,0.0980271026492118,10,4,1,8,17,30442
3,1,lr_1em03_sched_none_img_224_ft_layer4_fc_loss_focal_1801ecd509,0.001,none,224,layer4_fc,focal,resnet18,imagenet,70,28,42,125,24,12,12,41,0.8333333333333334,0.875,0.9015376984126984,0.6666666666666666,1.0,1.0,0.6666666666666666,0.8,0.3908942937850952,12,0,4,8,6,30142
3,2,lr_1em03_sched_none_img_224_ft_layer4_fc_loss_focal_1801ecd509,0.001,none,224,layer4_fc,focal,resnet18,imagenet,70,31,39,122,24,9,15,44,0.8333333333333334,0.888888888888889,0.807787274453941,1.0,0.7333333333333333,0.6923076923076923,1.0,0.8181818181818182,0.2598370313644409,11,4,0,9,16,30242
3,3,lr_1em03_sched_none_img_224_ft_layer4_fc_loss_focal_1801ecd509,0.001,none,224,layer4_fc,focal,resnet18,imagenet,71,30,41,124,23,10,13,42,0.8260869565217391,0.8692307692307694,0.8852272727272726,0.9,0.7692307692307693,0.75,0.9,0.8181818181818182,1.883680056380399e-07,10,3,1,9,2,30342
3,4,lr_1em03_sched_none_img_224_ft_layer4_fc_loss_focal_1801ecd509,0.001,none,224,layer4_fc,focal,resnet18,imagenet,71,31,40,127,23,9,14,39,0.9565217391304348,0.8888888888888888,0.9323671497584544,0.8888888888888888,1.0,1.0,0.8888888888888888,0.9411764705882352,0.4041058719158172,14,0,1,8,12,30442
3,1,lr_1em03_sched_none_img_224_ft_layer3_layer4_fc_loss_weighted_cross_entropy_85e7d70c96,0.001,none,224,layer3_layer4_fc,weighted_cross_entropy,resnet18,imagenet,70,28,42,125,24,12,12,41,0.7916666666666666,0.8333333333333333,0.8625105218855218,0.75,0.8333333333333334,0.8181818181818182,0.75,0.782608695652174,0.038007915019989,10,2,3,9,3,30142
3,2,lr_1em03_sched_none_img_224_ft_layer3_layer4_fc_loss_weighted_cross_entropy_85e7d70c96,0.001,none,224,layer3_layer4_fc,weighted_cross_entropy,resnet18,imagenet,70,31,39,122,24,9,15,44,0.8333333333333334,0.8444444444444444,0.8298059964726632,0.7777777777777778,0.8666666666666667,0.7777777777777778,0.7777777777777778,0.7777777777777778,0.4618063271045685,13,2,2,7,8,30242
3,3,lr_1em03_sched_none_img_224_ft_layer3_layer4_fc_loss_weighted_cross_entropy_85e7d70c96,0.001,none,224,layer3_layer4_fc,weighted_cross_entropy,resnet18,imagenet,71,30,41,124,23,10,13,42,0.9130434782608696,0.9153846153846154,0.9267857142857142,0.8,1.0,1.0,0.8,0.8888888888888888,0.5477832555770874,13,0,2,8,7,30342
3,4,lr_1em03_sched_none_img_224_ft_layer3_layer4_fc_loss_weighted_cross_entropy_85e7d70c96,0.001,none,224,layer3_layer4_fc,weighted_cross_entropy,resnet18,imagenet,71,31,40,127,23,9,14,39,0.9130434782608696,0.873015873015873,0.8560405643738977,0.8888888888888888,0.9285714285714286,0.8888888888888888,0.8888888888888888,0.8888888888888888,0.1679339855909347,13,1,1,8,13,30442
3,1,lr_1em03_sched_none_img_224_ft_layer3_layer4_fc_loss_focal_d5e4723b9f,0.001,none,224,layer3_layer4_fc,focal,resnet18,imagenet,70,28,42,125,24,12,12,41,0.875,0.9166666666666666,0.9143890831390832,0.9166666666666666,0.8333333333333334,0.8461538461538461,0.9166666666666666,0.88,0.5369455814361572,10,2,1,11,5,30142
3,2,lr_1em03_sched_none_img_224_ft_layer3_layer4_fc_loss_focal_d5e4723b9f,0.001,none,224,layer3_layer4_fc,focal,resnet18,imagenet,70,31,39,122,24,9,15,44,0.8333333333333334,0.8444444444444444,0.7005611672278339,0.8888888888888888,0.8,0.7272727272727273,0.8888888888888888,0.8,0.3128663897514343,12,3,1,8,17,30242
3,3,lr_1em03_sched_none_img_224_ft_layer3_layer4_fc_loss_focal_d5e4723b9f,0.001,none,224,layer3_layer4_fc,focal,resnet18,imagenet,71,30,41,124,23,10,13,42,0.8260869565217391,0.8384615384615386,0.8699675324675323,0.7,0.9230769230769232,0.875,0.7,0.7777777777777778,0.7381365299224854,12,1,3,7,2,30342
3,4,lr_1em03_sched_none_img_224_ft_layer3_layer4_fc_loss_focal_d5e4723b9f,0.001,none,224,layer3_layer4_fc,focal,resnet18,imagenet,71,31,40,127,23,9,14,39,0.8260869565217391,0.7698412698412698,0.792010821422586,0.6666666666666666,0.9285714285714286,0.8571428571428571,0.6666666666666666,0.75,0.3660283088684082,13,1,3,6,4,30442
3,1,lr_1em03_sched_none_img_224_ft_full_loss_weighted_cross_entropy_006105b93c,0.001,none,224,full,weighted_cross_entropy,resnet18,imagenet,70,28,42,125,24,12,12,41,0.7916666666666666,0.7638888888888888,0.8136574074074076,0.6666666666666666,0.9166666666666666,0.8888888888888888,0.6666666666666666,0.7619047619047619,1.3505308558145035e-25,11,1,4,8,5,30142
3,2,lr_1em03_sched_none_img_224_ft_full_loss_weighted_cross_entropy_006105b93c,0.001,none,224,full,weighted_cross_entropy,resnet18,imagenet,70,31,39,122,24,9,15,44,0.75,0.7111111111111111,0.6793233082706767,0.6666666666666666,0.8,0.6666666666666666,0.6666666666666666,0.6666666666666666,0.014788506552577,12,3,3,6,3,30242
3,3,lr_1em03_sched_none_img_224_ft_full_loss_weighted_cross_entropy_006105b93c,0.001,none,224,full,weighted_cross_entropy,resnet18,imagenet,71,30,41,124,23,10,13,42,0.782608695652174,0.7846153846153846,0.720089355089355,0.9,0.6923076923076923,0.6923076923076923,0.9,0.782608695652174,0.9965993762016296,9,4,1,9,1,30342
3,4,lr_1em03_sched_none_img_224_ft_full_loss_weighted_cross_entropy_006105b93c,0.001,none,224,full,weighted_cross_entropy,resnet18,imagenet,71,31,40,127,23,9,14,39,0.8260869565217391,0.7698412698412699,0.804933084344849,0.6666666666666666,0.9285714285714286,0.8571428571428571,0.6666666666666666,0.75,0.999652862548828,13,1,3,6,1,30442
3,1,lr_1em03_sched_none_img_224_ft_full_loss_focal_245c243886,0.001,none,224,full,focal,resnet18,imagenet,70,28,42,125,24,12,12,41,0.75,0.7708333333333334,0.7994691590086327,0.6666666666666666,0.8333333333333334,0.8,0.6666666666666666,0.7272727272727273,0.5590006113052368,10,2,4,8,4,30142
3,2,lr_1em03_sched_none_img_224_ft_full_loss_focal_245c243886,0.001,none,224,full,focal,resnet18,imagenet,70,31,39,122,24,9,15,44,0.7083333333333334,0.6592592592592592,0.5233675356482373,0.6666666666666666,0.7333333333333333,0.6,0.6666666666666666,0.631578947368421,0.0039315996691584,11,4,3,6,1,30242
3,3,lr_1em03_sched_none_img_224_ft_full_loss_focal_245c243886,0.001,none,224,full,focal,resnet18,imagenet,71,30,41,124,23,10,13,42,0.9130434782608696,0.946153846153846,0.9464285714285716,0.8,1.0,1.0,0.8,0.8888888888888888,0.420869767665863,13,0,2,8,3,30342
3,4,lr_1em03_sched_none_img_224_ft_full_loss_focal_245c243886,0.001,none,224,full,focal,resnet18,imagenet,71,31,40,127,23,9,14,39,0.9130434782608696,0.873015873015873,0.8939014202172098,0.7777777777777778,1.0,1.0,0.7777777777777778,0.875,0.4046463966369629,14,0,2,7,8,30442
3,1,lr_1em03_sched_none_img_320_ft_fc_only_loss_weighted_cross_entropy_836cdb394a,0.001,none,320,fc_only,weighted_cross_entropy,resnet18,imagenet,70,28,42,125,24,12,12,41,0.7916666666666666,0.8402777777777777,0.8405800830433183,0.75,0.8333333333333334,0.8181818181818182,0.75,0.782608695652174,0.259900152683258,10,2,3,9,12,30142
3,2,lr_1em03_sched_none_img_320_ft_fc_only_loss_weighted_cross_entropy_836cdb394a,0.001,none,320,fc_only,weighted_cross_entropy,resnet18,imagenet,70,31,39,122,24,9,15,44,0.5833333333333334,0.6518518518518519,0.6376383931208492,1.0,0.3333333333333333,0.4736842105263157,1.0,0.6428571428571429,0.4598108232021332,5,10,0,9,3,30242
3,3,lr_1em03_sched_none_img_320_ft_fc_only_loss_weighted_cross_entropy_836cdb394a,0.001,none,320,fc_only,weighted_cross_entropy,resnet18,imagenet,71,30,41,124,23,10,13,42,0.9565217391304348,0.9692307692307692,0.9572979797979798,1.0,0.9230769230769232,0.9090909090909092,1.0,0.9523809523809524,0.2366576045751571,12,1,0,10,23,30342
3,4,lr_1em03_sched_none_img_320_ft_fc_only_loss_weighted_cross_entropy_836cdb394a,0.001,none,320,fc_only,weighted_cross_entropy,resnet18,imagenet,71,31,40,127,23,9,14,39,0.782608695652174,0.6904761904761905,0.6977340440727169,0.5555555555555556,0.9285714285714286,0.8333333333333334,0.5555555555555556,0.6666666666666666,0.1462097913026809,13,1,4,5,8,30442
3,1,lr_1em03_sched_none_img_320_ft_fc_only_loss_focal_00c9594df0,0.001,none,320,fc_only,focal,resnet18,imagenet,70,28,42,125,24,12,12,41,0.75,0.7569444444444444,0.7365906084656084,1.0,0.5,0.6666666666666666,1.0,0.8,0.2478048652410507,6,6,0,12,29,30142
3,2,lr_1em03_sched_none_img_320_ft_fc_only_loss_focal_00c9594df0,0.001,none,320,fc_only,focal,resnet18,imagenet,70,31,39,122,24,9,15,44,0.6666666666666666,0.6296296296296297,0.6140737439757047,0.6666666666666666,0.6666666666666666,0.5454545454545454,0.6666666666666666,0.6,0.3387453854084015,10,5,3,6,2,30242
3,3,lr_1em03_sched_none_img_320_ft_fc_only_loss_focal_00c9594df0,0.001,none,320,fc_only,focal,resnet18,imagenet,71,30,41,124,23,10,13,42,0.8695652173913043,0.9153846153846154,0.8915190365190365,1.0,0.7692307692307693,0.7692307692307693,1.0,0.8695652173913043,0.2454941421747207,10,3,0,10,16,30342
3,4,lr_1em03_sched_none_img_320_ft_fc_only_loss_focal_00c9594df0,0.001,none,320,fc_only,focal,resnet18,imagenet,71,31,40,127,23,9,14,39,0.8260869565217391,0.7142857142857143,0.7630036630036632,0.5555555555555556,1.0,1.0,0.5555555555555556,0.7142857142857143,0.5003640055656433,14,0,4,5,12,30442
3,1,lr_1em03_sched_none_img_320_ft_layer4_fc_loss_weighted_cross_entropy_578e824dcb,0.001,none,320,layer4_fc,weighted_cross_entropy,resnet18,imagenet,70,28,42,125,24,12,12,41,0.8333333333333334,0.8263888888888888,0.8778171797479578,0.75,0.9166666666666666,0.9,0.75,0.8181818181818182,0.8446947932243347,11,1,3,9,3,30142
3,2,lr_1em03_sched_none_img_320_ft_layer4_fc_loss_weighted_cross_entropy_578e824dcb,0.001,none,320,layer4_fc,weighted_cross_entropy,resnet18,imagenet,70,31,39,122,24,9,15,44,0.7916666666666666,0.7925925925925925,0.7038942052099946,0.8888888888888888,0.7333333333333333,0.6666666666666666,0.8888888888888888,0.7619047619047619,0.5371739268302917,11,4,1,8,4,30242
3,3,lr_1em03_sched_none_img_320_ft_layer4_fc_loss_weighted_cross_entropy_578e824dcb,0.001,none,320,layer4_fc,weighted_cross_entropy,resnet18,imagenet,71,30,41,124,23,10,13,42,0.8695652173913043,0.9076923076923076,0.9138235294117646,0.7,1.0,1.0,0.7,0.8235294117647058,0.7279951572418213,13,0,3,7,7,30342
3,4,lr_1em03_sched_none_img_320_ft_layer4_fc_loss_weighted_cross_entropy_578e824dcb,0.001,none,320,layer4_fc,weighted_cross_entropy,resnet18,imagenet,71,31,40,127,23,9,14,39,0.8260869565217391,0.8968253968253967,0.8805214846881515,0.8888888888888888,0.7857142857142857,0.7272727272727273,0.8888888888888888,0.8,0.2466791868209839,11,3,1,8,19,30442
3,1,lr_1em03_sched_none_img_320_ft_layer4_fc_loss_focal_e507192914,0.001,none,320,layer4_fc,focal,resnet18,imagenet,70,28,42,125,24,12,12,41,0.875,0.8333333333333334,0.901602564102564,0.75,1.0,1.0,0.75,0.8571428571428571,0.4666493833065033,12,0,3,9,11,30142
3,2,lr_1em03_sched_none_img_320_ft_layer4_fc_loss_focal_e507192914,0.001,none,320,layer4_fc,focal,resnet18,imagenet,70,31,39,122,24,9,15,44,0.8333333333333334,0.8888888888888888,0.8475308641975309,0.7777777777777778,0.8666666666666667,0.7777777777777778,0.7777777777777778,0.7777777777777778,0.5788114070892334,13,2,2,7,14,30242
3,3,lr_1em03_sched_none_img_320_ft_layer4_fc_loss_focal_e507192914,0.001,none,320,layer4_fc,focal,resnet18,imagenet,71,30,41,124,23,10,13,42,0.782608695652174,0.8846153846153847,0.8786247086247085,1.0,0.6153846153846154,0.6666666666666666,1.0,0.8,0.3071936666965484,8,5,0,10,8,30342
3,4,lr_1em03_sched_none_img_320_ft_layer4_fc_loss_focal_e507192914,0.001,none,320,layer4_fc,focal,resnet18,imagenet,71,31,40,127,23,9,14,39,0.782608695652174,0.8095238095238095,0.7447089947089947,0.8888888888888888,0.7142857142857143,0.6666666666666666,0.8888888888888888,0.7619047619047619,0.5308997631072998,10,4,1,8,10,30442
3,1,lr_1em03_sched_none_img_320_ft_layer3_layer4_fc_loss_weighted_cross_entropy_65901fafb2,0.001,none,320,layer3_layer4_fc,weighted_cross_entropy,resnet18,imagenet,70,28,42,125,24,12,12,41,0.8333333333333334,0.8333333333333334,0.8290674603174603,0.8333333333333334,0.8333333333333334,0.8333333333333334,0.8333333333333334,0.8333333333333334,0.2664420902729034,10,2,2,10,12,30142
3,2,lr_1em03_sched_none_img_320_ft_layer3_layer4_fc_loss_weighted_cross_entropy_65901fafb2,0.001,none,320,layer3_layer4_fc,weighted_cross_entropy,resnet18,imagenet,70,31,39,122,24,9,15,44,0.875,0.8666666666666667,0.8102153531978094,0.8888888888888888,0.8666666666666667,0.8,0.8888888888888888,0.8421052631578947,0.0460837334394454,13,2,1,8,23,30242
3,3,lr_1em03_sched_none_img_320_ft_layer3_layer4_fc_loss_weighted_cross_entropy_65901fafb2,0.001,none,320,layer3_layer4_fc,weighted_cross_entropy,resnet18,imagenet,71,30,41,124,23,10,13,42,0.9130434782608696,0.9461538461538462,0.9484848484848484,0.8,1.0,1.0,0.8,0.8888888888888888,0.4873123466968536,13,0,2,8,7,30342
3,4,lr_1em03_sched_none_img_320_ft_layer3_layer4_fc_loss_weighted_cross_entropy_65901fafb2,0.001,none,320,layer3_layer4_fc,weighted_cross_entropy,resnet18,imagenet,71,31,40,127,23,9,14,39,0.8695652173913043,0.8730158730158729,0.8923160173160174,0.7777777777777778,0.9285714285714286,0.875,0.7777777777777778,0.8235294117647058,0.5776531100273132,13,1,2,7,8,30442
3,1,lr_1em03_sched_none_img_320_ft_layer3_layer4_fc_loss_focal_706f56cbf3,0.001,none,320,layer3_layer4_fc,focal,resnet18,imagenet,70,28,42,125,24,12,12,41,0.7083333333333334,0.7361111111111112,0.7547180767575504,0.5833333333333334,0.8333333333333334,0.7777777777777778,0.5833333333333334,0.6666666666666666,0.0521858036518096,10,2,5,7,3,30142
3,2,lr_1em03_sched_none_img_320_ft_layer3_layer4_fc_loss_focal_706f56cbf3,0.001,none,320,layer3_layer4_fc,focal,resnet18,imagenet,70,31,39,122,24,9,15,44,0.8333333333333334,0.8666666666666667,0.817989417989418,0.6666666666666666,0.9333333333333332,0.8571428571428571,0.6666666666666666,0.75,0.5907935500144958,14,1,3,6,3,30242
3,3,lr_1em03_sched_none_img_320_ft_layer3_layer4_fc_loss_focal_706f56cbf3,0.001,none,320,layer3_layer4_fc,focal,resnet18,imagenet,71,30,41,124,23,10,13,42,0.8695652173913043,0.946153846153846,0.942135642135642,0.9,0.8461538461538461,0.8181818181818182,0.9,0.8571428571428571,0.0639205202460289,11,2,1,9,1,30342
3,4,lr_1em03_sched_none_img_320_ft_layer3_layer4_fc_loss_focal_706f56cbf3,0.001,none,320,layer3_layer4_fc,focal,resnet18,imagenet,71,31,40,127,23,9,14,39,0.6956521739130435,0.7698412698412698,0.7223765432098765,1.0,0.5,0.5625,1.0,0.72,0.2570522725582123,7,7,0,9,12,30442
3,1,lr_1em03_sched_none_img_320_ft_full_loss_weighted_cross_entropy_fe6fdc5ff9,0.001,none,320,full,weighted_cross_entropy,resnet18,imagenet,70,28,42,125,24,12,12,41,0.8333333333333334,0.8333333333333334,0.8916264090177134,0.6666666666666666,1.0,1.0,0.6666666666666666,0.8,0.5196704268455505,12,0,4,8,11,30142
3,2,lr_1em03_sched_none_img_320_ft_full_loss_weighted_cross_entropy_fe6fdc5ff9,0.001,none,320,full,weighted_cross_entropy,resnet18,imagenet,70,31,39,122,24,9,15,44,0.8333333333333334,0.874074074074074,0.8409289784289784,0.6666666666666666,0.9333333333333332,0.8571428571428571,0.6666666666666666,0.75,0.2669300436973572,14,1,3,6,4,30242
3,3,lr_1em03_sched_none_img_320_ft_full_loss_weighted_cross_entropy_fe6fdc5ff9,0.001,none,320,full,weighted_cross_entropy,resnet18,imagenet,71,30,41,124,23,10,13,42,0.8260869565217391,0.8153846153846154,0.8483134920634919,0.6,1.0,1.0,0.6,0.75,0.0057602059096097,13,0,4,6,1,30342
3,4,lr_1em03_sched_none_img_320_ft_full_loss_weighted_cross_entropy_fe6fdc5ff9,0.001,none,320,full,weighted_cross_entropy,resnet18,imagenet,71,31,40,127,23,9,14,39,0.782608695652174,0.8095238095238095,0.7609399315281669,0.7777777777777778,0.7857142857142857,0.7,0.7777777777777778,0.7368421052631579,0.2379947453737259,11,3,2,7,22,30442
3,1,lr_1em03_sched_none_img_320_ft_full_loss_focal_7c6d6444f2,0.001,none,320,full,focal,resnet18,imagenet,70,28,42,125,24,12,12,41,0.75,0.7500000000000001,0.8251635140222098,0.5833333333333334,0.9166666666666666,0.875,0.5833333333333334,0.7,0.4363707900047302,11,1,5,7,6,30142
3,2,lr_1em03_sched_none_img_320_ft_full_loss_focal_7c6d6444f2,0.001,none,320,full,focal,resnet18,imagenet,70,31,39,122,24,9,15,44,0.8333333333333334,0.8296296296296297,0.7372525078407431,0.6666666666666666,0.9333333333333332,0.8571428571428571,0.6666666666666666,0.75,0.2222431898117065,14,1,3,6,4,30242
3,3,lr_1em03_sched_none_img_320_ft_full_loss_focal_7c6d6444f2,0.001,none,320,full,focal,resnet18,imagenet,71,30,41,124,23,10,13,42,0.9130434782608696,0.9230769230769232,0.9344444444444444,0.9,0.9230769230769232,0.9,0.9,0.9,0.377925306558609,12,1,1,9,18,30342
3,4,lr_1em03_sched_none_img_320_ft_full_loss_focal_7c6d6444f2,0.001,none,320,full,focal,resnet18,imagenet,71,31,40,127,23,9,14,39,0.782608695652174,0.8174603174603174,0.7823333586491481,0.8888888888888888,0.7142857142857143,0.6666666666666666,0.8888888888888888,0.7619047619047619,0.5353232026100159,10,4,1,8,27,30442
4,1,lr_1em05_sched_step_img_224_ft_fc_only_loss_weighted_cross_entropy_e744e19af3,1e-05,step,224,fc_only,weighted_cross_entropy,resnet18,imagenet,70,29,41,125,24,11,13,41,0.5416666666666666,0.3496503496503496,0.3830698017934156,0.9090909090909092,0.2307692307692307,0.5,0.9090909090909092,0.6451612903225806,0.313770592212677,3,10,1,10,22,40142
4,2,lr_1em05_sched_step_img_224_ft_fc_only_loss_weighted_cross_entropy_e744e19af3,1e-05,step,224,fc_only,weighted_cross_entropy,resnet18,imagenet,70,29,41,124,24,11,13,42,0.625,0.5524475524475525,0.5470429822702549,1.0,0.3076923076923077,0.55,1.0,0.7096774193548387,0.2291139811277389,4,9,0,11,16,40242
4,3,lr_1em05_sched_step_img_224_ft_fc_only_loss_weighted_cross_entropy_e744e19af3,1e-05,step,224,fc_only,weighted_cross_entropy,resnet18,imagenet,71,33,38,126,23,7,16,40,0.8260869565217391,0.8214285714285714,0.7281746031746033,0.8571428571428571,0.8125,0.6666666666666666,0.8571428571428571,0.75,0.5932350158691406,13,3,1,6,10,40342
4,4,lr_1em05_sched_step_img_224_ft_fc_only_loss_weighted_cross_entropy_e744e19af3,1e-05,step,224,fc_only,weighted_cross_entropy,resnet18,imagenet,71,29,42,123,23,11,12,43,0.6956521739130435,0.5378787878787878,0.6546304526437666,0.4545454545454545,0.9166666666666666,0.8333333333333334,0.4545454545454545,0.5882352941176471,0.6417320966720581,11,1,6,5,12,40442
4,1,lr_1em05_sched_step_img_224_ft_fc_only_loss_focal_7d44ac8191,1e-05,step,224,fc_only,focal,resnet18,imagenet,70,29,41,125,24,11,13,41,0.5416666666666666,0.3496503496503496,0.3831863519099657,0.9090909090909092,0.2307692307692307,0.5,0.9090909090909092,0.6451612903225806,0.3222309350967407,3,10,1,10,26,40142
4,2,lr_1em05_sched_step_img_224_ft_fc_only_loss_focal_7d44ac8191,1e-05,step,224,fc_only,focal,resnet18,imagenet,70,29,41,124,24,11,13,42,0.6666666666666666,0.5594405594405595,0.5500138675940816,0.9090909090909092,0.4615384615384615,0.5882352941176471,0.9090909090909092,0.7142857142857143,0.2762176394462585,6,7,1,10,17,40242
4,3,lr_1em05_sched_step_img_224_ft_fc_only_loss_focal_7d44ac8191,1e-05,step,224,fc_only,focal,resnet18,imagenet,71,33,38,126,23,7,16,40,0.8260869565217391,0.8035714285714286,0.6931405895691609,0.8571428571428571,0.8125,0.6666666666666666,0.8571428571428571,0.75,0.5826560258865356,13,3,1,6,10,40342
4,4,lr_1em05_sched_step_img_224_ft_fc_only_loss_focal_7d44ac8191,1e-05,step,224,fc_only,focal,resnet18,imagenet,71,29,42,123,23,11,12,43,0.6956521739130435,0.553030303030303,0.6637213617346757,0.4545454545454545,0.9166666666666666,0.8333333333333334,0.4545454545454545,0.5882352941176471,0.6100524663925171,11,1,6,5,12,40442
4,1,lr_1em05_sched_step_img_224_ft_layer4_fc_loss_weighted_cross_entropy_091065855a,1e-05,step,224,layer4_fc,weighted_cross_entropy,resnet18,imagenet,70,29,41,125,24,11,13,41,0.5833333333333334,0.5244755244755245,0.5230393516535663,0.9090909090909092,0.3076923076923077,0.5263157894736842,0.9090909090909092,0.6666666666666666,0.2990424931049347,4,9,1,10,26,40142
4,2,lr_1em05_sched_step_img_224_ft_layer4_fc_loss_weighted_cross_entropy_091065855a,1e-05,step,224,layer4_fc,weighted_cross_entropy,resnet18,imagenet,70,29,41,124,24,11,13,42,0.7916666666666666,0.8041958041958042,0.8206592583386842,0.6363636363636364,0.9230769230769232,0.875,0.6363636363636364,0.7368421052631579,0.3353362381458282,12,1,4,7,19,40242
4,3,lr_1em05_sched_step_img_224_ft_layer4_fc_loss_weighted_cross_entropy_091065855a,1e-05,step,224,layer4_fc,weighted_cross_entropy,resnet18,imagenet,71,33,38,126,23,7,16,40,0.7391304347826086,0.8660714285714286,0.7242019884877027,1.0,0.625,0.5384615384615384,1.0,0.7,0.504225492477417,10,6,0,7,10,40342
4,4,lr_1em05_sched_step_img_224_ft_layer4_fc_loss_weighted_cross_entropy_091065855a,1e-05,step,224,layer4_fc,weighted_cross_entropy,resnet18,imagenet,71,29,42,123,23,11,12,43,0.782608695652174,0.803030303030303,0.8191636865549909,0.9090909090909092,0.6666666666666666,0.7142857142857143,0.9090909090909092,0.8,0.419708639383316,8,4,1,10,28,40442
4,1,lr_1em05_sched_step_img_224_ft_layer4_fc_loss_focal_862eb530de,1e-05,step,224,layer4_fc,focal,resnet18,imagenet,70,29,41,125,24,11,13,41,0.625,0.6083916083916083,0.5959709880762513,0.6363636363636364,0.6153846153846154,0.5833333333333334,0.6363636363636364,0.6086956521739131,0.377340018749237,8,5,4,7,20,40142
4,2,lr_1em05_sched_step_img_224_ft_layer4_fc_loss_focal_862eb530de,1e-05,step,224,layer4_fc,focal,resnet18,imagenet,70,29,41,124,24,11,13,42,0.7916666666666666,0.8111888111888111,0.8331457543144849,0.7272727272727273,0.8461538461538461,0.8,0.7272727272727273,0.7619047619047619,0.3791061043739319,11,2,3,8,30,40242
4,3,lr_1em05_sched_step_img_224_ft_layer4_fc_loss_focal_862eb530de,1e-05,step,224,layer4_fc,focal,resnet18,imagenet,71,33,38,126,23,7,16,40,0.7391304347826086,0.8482142857142857,0.7580197580197578,1.0,0.625,0.5384615384615384,1.0,0.7,0.5047911405563354,10,6,0,7,10,40342
4,4,lr_1em05_sched_step_img_224_ft_layer4_fc_loss_focal_862eb530de,1e-05,step,224,layer4_fc,focal,resnet18,imagenet,71,29,42,123,23,11,12,43,0.782608695652174,0.7575757575757576,0.7940681938124394,0.7272727272727273,0.8333333333333334,0.8,0.7272727272727273,0.7619047619047619,0.5354666113853455,10,2,3,8,25,40442
4,1,lr_1em05_sched_step_img_224_ft_layer3_layer4_fc_loss_weighted_cross_entropy_2ad1b25df8,1e-05,step,224,layer3_layer4_fc,weighted_cross_entropy,resnet18,imagenet,70,29,41,125,24,11,13,41,0.5833333333333334,0.4685314685314685,0.4655501283959782,0.7272727272727273,0.4615384615384615,0.5333333333333333,0.7272727272727273,0.6153846153846154,0.3531907498836517,6,7,3,8,29,40142
4,2,lr_1em05_sched_step_img_224_ft_layer3_layer4_fc_loss_weighted_cross_entropy_2ad1b25df8,1e-05,step,224,layer3_layer4_fc,weighted_cross_entropy,resnet18,imagenet,70,29,41,124,24,11,13,42,0.8333333333333334,0.8881118881118881,0.9039256198347108,0.8181818181818182,0.8461538461538461,0.8181818181818182,0.8181818181818182,0.8181818181818182,0.2775977551937103,11,2,2,9,21,40242
4,3,lr_1em05_sched_step_img_224_ft_layer3_layer4_fc_loss_weighted_cross_entropy_2ad1b25df8,1e-05,step,224,layer3_layer4_fc,weighted_cross_entropy,resnet18,imagenet,71,33,38,126,23,7,16,40,0.782608695652174,0.8482142857142857,0.7139455782312925,0.8571428571428571,0.75,0.6,0.8571428571428571,0.7058823529411765,0.5764140486717224,12,4,1,6,10,40342
4,4,lr_1em05_sched_step_img_224_ft_layer3_layer4_fc_loss_weighted_cross_entropy_2ad1b25df8,1e-05,step,224,layer3_layer4_fc,weighted_cross_entropy,resnet18,imagenet,71,29,42,123,23,11,12,43,0.782608695652174,0.7348484848484848,0.8085883958326414,0.6363636363636364,0.9166666666666666,0.875,0.6363636363636364,0.7368421052631579,0.554711639881134,11,1,4,7,22,40442
4,1,lr_1em05_sched_step_img_224_ft_layer3_layer4_fc_loss_focal_ac42961866,1e-05,step,224,layer3_layer4_fc,focal,resnet18,imagenet,70,29,41,125,24,11,13,41,0.5833333333333334,0.4405594405594406,0.4394793179901294,0.6363636363636364,0.5384615384615384,0.5384615384615384,0.6363636363636364,0.5833333333333334,0.3754274845123291,7,6,4,7,30,40142
4,2,lr_1em05_sched_step_img_224_ft_layer3_layer4_fc_loss_focal_ac42961866,1e-05,step,224,layer3_layer4_fc,focal,resnet18,imagenet,70,29,41,124,24,11,13,42,0.7916666666666666,0.8041958041958042,0.8306404379933792,0.6363636363636364,0.9230769230769232,0.875,0.6363636363636364,0.7368421052631579,0.3498147130012512,12,1,4,7,18,40242
4,3,lr_1em05_sched_step_img_224_ft_layer3_layer4_fc_loss_focal_ac42961866,1e-05,step,224,layer3_layer4_fc,focal,resnet18,imagenet,71,33,38,126,23,7,16,40,0.782608695652174,0.8660714285714286,0.7464285714285714,1.0,0.6875,0.5833333333333334,1.0,0.7368421052631579,0.457450121641159,11,5,0,7,10,40342
4,4,lr_1em05_sched_step_img_224_ft_layer3_layer4_fc_loss_focal_ac42961866,1e-05,step,224,layer3_layer4_fc,focal,resnet18,imagenet,71,29,42,123,23,11,12,43,0.782608695652174,0.75,0.7654967652410107,0.7272727272727273,0.8333333333333334,0.8,0.7272727272727273,0.7619047619047619,0.471182644367218,10,2,3,8,26,40442
4,1,lr_1em05_sched_step_img_224_ft_full_loss_weighted_cross_entropy_98beac15b4,1e-05,step,224,full,weighted_cross_entropy,resnet18,imagenet,70,29,41,125,24,11,13,41,0.5416666666666666,0.3846153846153846,0.4122763070972789,0.3636363636363636,0.6923076923076923,0.5,0.3636363636363636,0.4210526315789473,0.3953898847103119,9,4,7,4,13,40142
4,2,lr_1em05_sched_step_img_224_ft_full_loss_weighted_cross_entropy_98beac15b4,1e-05,step,224,full,weighted_cross_entropy,resnet18,imagenet,70,29,41,124,24,11,13,42,0.8333333333333334,0.881118881118881,0.8985911749069644,0.7272727272727273,0.9230769230769232,0.8888888888888888,0.7272727272727273,0.8,0.3176352381706238,12,1,3,8,17,40242
4,3,lr_1em05_sched_step_img_224_ft_full_loss_weighted_cross_entropy_98beac15b4,1e-05,step,224,full,weighted_cross_entropy,resnet18,imagenet,71,33,38,126,23,7,16,40,0.8260869565217391,0.8392857142857142,0.706547619047619,0.8571428571428571,0.8125,0.6666666666666666,0.8571428571428571,0.75,0.6230698823928833,13,3,1,6,7,40342
4,4,lr_1em05_sched_step_img_224_ft_full_loss_weighted_cross_entropy_98beac15b4,1e-05,step,224,full,weighted_cross_entropy,resnet18,imagenet,71,29,42,123,23,11,12,43,0.8695652173913043,0.8484848484848484,0.865181031090122,0.9090909090909092,0.8333333333333334,0.8333333333333334,0.9090909090909092,0.8695652173913043,0.3857245743274688,10,2,1,10,30,40442
4,1,lr_1em05_sched_step_img_224_ft_full_loss_focal_e7ad1ca13a,1e-05,step,224,full,focal,resnet18,imagenet,70,29,41,125,24,11,13,41,0.5833333333333334,0.5244755244755245,0.4905616931204615,0.6363636363636364,0.5384615384615384,0.5384615384615384,0.6363636363636364,0.5833333333333334,0.3901019990444183,7,6,4,7,29,40142
4,2,lr_1em05_sched_step_img_224_ft_full_loss_focal_e7ad1ca13a,1e-05,step,224,full,focal,resnet18,imagenet,70,29,41,124,24,11,13,42,0.7916666666666666,0.7972027972027972,0.8150233538391434,0.7272727272727273,0.8461538461538461,0.8,0.7272727272727273,0.7619047619047619,0.3499621450901031,11,2,3,8,30,40242
4,3,lr_1em05_sched_step_img_224_ft_full_loss_focal_e7ad1ca13a,1e-05,step,224,full,focal,resnet18,imagenet,71,33,38,126,23,7,16,40,0.8260869565217391,0.7857142857142857,0.6801302707317745,0.7142857142857143,0.875,0.7142857142857143,0.7142857142857143,0.7142857142857143,0.5749838948249817,14,2,2,5,11,40342
4,4,lr_1em05_sched_step_img_224_ft_full_loss_focal_e7ad1ca13a,1e-05,step,224,full,focal,resnet18,imagenet,71,29,42,123,23,11,12,43,0.6956521739130435,0.6363636363636364,0.7454066355252127,0.6363636363636364,0.75,0.7,0.6363636363636364,0.6666666666666666,0.407279908657074,9,3,4,7,8,40442
4,1,lr_1em05_sched_step_img_320_ft_fc_only_loss_weighted_cross_entropy_ba27b92124,1e-05,step,320,fc_only,weighted_cross_entropy,resnet18,imagenet,70,29,41,125,24,11,13,41,0.625,0.5524475524475525,0.4980228503553862,0.8181818181818182,0.4615384615384615,0.5625,0.8181818181818182,0.6666666666666666,0.3167677819728851,6,7,2,9,10,40142
4,2,lr_1em05_sched_step_img_320_ft_fc_only_loss_weighted_cross_entropy_ba27b92124,1e-05,step,320,fc_only,weighted_cross_entropy,resnet18,imagenet,70,29,41,124,24,11,13,42,0.6666666666666666,0.5944055944055944,0.5400202468982374,0.4545454545454545,0.8461538461538461,0.7142857142857143,0.4545454545454545,0.5555555555555556,0.332600474357605,11,2,6,5,16,40242
4,3,lr_1em05_sched_step_img_320_ft_fc_only_loss_weighted_cross_entropy_ba27b92124,1e-05,step,320,fc_only,weighted_cross_entropy,resnet18,imagenet,71,33,38,126,23,7,16,40,0.8695652173913043,0.8303571428571428,0.7856292517006802,0.7142857142857143,0.9375,0.8333333333333334,0.7142857142857143,0.7692307692307693,0.7185852527618408,15,1,2,5,3,40342
4,4,lr_1em05_sched_step_img_320_ft_fc_only_loss_weighted_cross_entropy_ba27b92124,1e-05,step,320,fc_only,weighted_cross_entropy,resnet18,imagenet,71,29,42,123,23,11,12,43,0.5652173913043478,0.4848484848484848,0.5387080709319112,0.9090909090909092,0.25,0.5263157894736842,0.9090909090909092,0.6666666666666666,0.3107206523418426,3,9,1,10,4,40442
4,1,lr_1em05_sched_step_img_320_ft_fc_only_loss_focal_d49e6a8277,1e-05,step,320,fc_only,focal,resnet18,imagenet,70,29,41,125,24,11,13,41,0.625,0.5594405594405594,0.5482475857475857,0.8181818181818182,0.4615384615384615,0.5625,0.8181818181818182,0.6666666666666666,0.3310103118419647,6,7,2,9,11,40142
4,2,lr_1em05_sched_step_img_320_ft_fc_only_loss_focal_d49e6a8277,1e-05,step,320,fc_only,focal,resnet18,imagenet,70,29,41,124,24,11,13,42,0.6666666666666666,0.5944055944055944,0.5400202468982374,0.4545454545454545,0.8461538461538461,0.7142857142857143,0.4545454545454545,0.5555555555555556,0.3674721419811249,11,2,6,5,16,40242
4,3,lr_1em05_sched_step_img_320_ft_fc_only_loss_focal_d49e6a8277,1e-05,step,320,fc_only,focal,resnet18,imagenet,71,33,38,126,23,7,16,40,0.8695652173913043,0.8303571428571428,0.7856292517006802,0.7142857142857143,0.9375,0.8333333333333334,0.7142857142857143,0.7692307692307693,0.724956214427948,15,1,2,5,3,40342
4,4,lr_1em05_sched_step_img_320_ft_fc_only_loss_focal_d49e6a8277,1e-05,step,320,fc_only,focal,resnet18,imagenet,71,29,42,123,23,11,12,43,0.5652173913043478,0.4848484848484848,0.5387080709319112,0.9090909090909092,0.25,0.5263157894736842,0.9090909090909092,0.6666666666666666,0.3174695372581482,3,9,1,10,4,40442
4,1,lr_1em05_sched_step_img_320_ft_layer4_fc_loss_weighted_cross_entropy_ca78caaccc,1e-05,step,320,layer4_fc,weighted_cross_entropy,resnet18,imagenet,70,29,41,125,24,11,13,41,0.7916666666666666,0.7272727272727273,0.7968917399328319,0.5454545454545454,1.0,1.0,0.5454545454545454,0.7058823529411765,0.4430981874465942,13,0,5,6,15,40142
4,2,lr_1em05_sched_step_img_320_ft_layer4_fc_loss_weighted_cross_entropy_ca78caaccc,1e-05,step,320,layer4_fc,weighted_cross_entropy,resnet18,imagenet,70,29,41,124,24,11,13,42,0.7916666666666666,0.8741258741258742,0.8671897546897547,1.0,0.6153846153846154,0.6875,1.0,0.8148148148148148,0.2321991175413131,8,5,0,11,27,40242
4,3,lr_1em05_sched_step_img_320_ft_layer4_fc_loss_weighted_cross_entropy_ca78caaccc,1e-05,step,320,layer4_fc,weighted_cross_entropy,resnet18,imagenet,71,33,38,126,23,7,16,40,0.8260869565217391,0.8482142857142857,0.7326330532212886,0.8571428571428571,0.8125,0.6666666666666666,0.8571428571428571,0.75,0.6514926552772522,13,3,1,6,4,40342
4,4,lr_1em05_sched_step_img_320_ft_layer4_fc_loss_weighted_cross_entropy_ca78caaccc,1e-05,step,320,layer4_fc,weighted_cross_entropy,resnet18,imagenet,71,29,42,123,23,11,12,43,0.782608695652174,0.7803030303030304,0.7884187707717119,0.7272727272727273,0.8333333333333334,0.8,0.7272727272727273,0.7619047619047619,0.3929997682571411,10,2,3,8,28,40442
4,1,lr_1em05_sched_step_img_320_ft_layer4_fc_loss_focal_e098405847,1e-05,step,320,layer4_fc,focal,resnet18,imagenet,70,29,41,125,24,11,13,41,0.7083333333333334,0.6083916083916084,0.6473743647656691,0.4545454545454545,0.9230769230769232,0.8333333333333334,0.4545454545454545,0.5882352941176471,0.5076321959495544,12,1,6,5,10,40142
4,2,lr_1em05_sched_step_img_320_ft_layer4_fc_loss_focal_e098405847,1e-05,step,320,layer4_fc,focal,resnet18,imagenet,70,29,41,124,24,11,13,42,0.8333333333333334,0.8671328671328672,0.8450104188740553,0.9090909090909092,0.7692307692307693,0.7692307692307693,0.9090909090909092,0.8333333333333334,0.3072732985019684,10,3,1,10,22,40242
4,3,lr_1em05_sched_step_img_320_ft_layer4_fc_loss_focal_e098405847,1e-05,step,320,layer4_fc,focal,resnet18,imagenet,71,33,38,126,23,7,16,40,0.8260869565217391,0.7946428571428572,0.6816126450580231,0.7142857142857143,0.875,0.7142857142857143,0.7142857142857143,0.7142857142857143,0.7344050407409668,14,2,2,5,3,40342
4,4,lr_1em05_sched_step_img_320_ft_layer4_fc_loss_focal_e098405847,1e-05,step,320,layer4_fc,focal,resnet18,imagenet,71,29,42,123,23,11,12,43,0.6956521739130435,0.7575757575757576,0.7680735930735931,0.9090909090909092,0.5,0.625,0.9090909090909092,0.7407407407407407,0.412567675113678,6,6,1,10,27,40442
4,1,lr_1em05_sched_step_img_320_ft_layer3_layer4_fc_loss_weighted_cross_entropy_a07a8610a4,1e-05,step,320,layer3_layer4_fc,weighted_cross_entropy,resnet18,imagenet,70,29,41,125,24,11,13,41,0.6666666666666666,0.5944055944055944,0.6506945341356556,0.3636363636363636,0.9230769230769232,0.8,0.3636363636363636,0.5,0.5343860387802124,12,1,7,4,21,40142
4,2,lr_1em05_sched_step_img_320_ft_layer3_layer4_fc_loss_weighted_cross_entropy_a07a8610a4,1e-05,step,320,layer3_layer4_fc,weighted_cross_entropy,resnet18,imagenet,70,29,41,124,24,11,13,42,0.875,0.888111888111888,0.8690905054541418,1.0,0.7692307692307693,0.7857142857142857,1.0,0.88,0.2683127224445343,10,3,0,11,30,40242
4,3,lr_1em05_sched_step_img_320_ft_layer3_layer4_fc_loss_weighted_cross_entropy_a07a8610a4,1e-05,step,320,layer3_layer4_fc,weighted_cross_entropy,resnet18,imagenet,71,33,38,126,23,7,16,40,0.8695652173913043,0.8303571428571429,0.7357142857142858,0.8571428571428571,0.875,0.75,0.8571428571428571,0.8,0.6149177551269531,14,2,1,6,4,40342
4,4,lr_1em05_sched_step_img_320_ft_layer3_layer4_fc_loss_weighted_cross_entropy_a07a8610a4,1e-05,step,320,layer3_layer4_fc,weighted_cross_entropy,resnet18,imagenet,71,29,42,123,23,11,12,43,0.6956521739130435,0.7651515151515151,0.791705250373981,0.8181818181818182,0.5833333333333334,0.6428571428571429,0.8181818181818182,0.72,0.4284252226352691,7,5,2,9,11,40442
4,1,lr_1em05_sched_step_img_320_ft_layer3_layer4_fc_loss_focal_f0fa6a864c,1e-05,step,320,layer3_layer4_fc,focal,resnet18,imagenet,70,29,41,125,24,11,13,41,0.75,0.6853146853146853,0.7655894829807873,0.5454545454545454,0.9230769230769232,0.8571428571428571,0.5454545454545454,0.6666666666666666,0.4894050359725952,12,1,5,6,13,40142
4,2,lr_1em05_sched_step_img_320_ft_layer3_layer4_fc_loss_focal_f0fa6a864c,1e-05,step,320,layer3_layer4_fc,focal,resnet18,imagenet,70,29,41,124,24,11,13,42,0.8333333333333334,0.902097902097902,0.8907221566312475,1.0,0.6923076923076923,0.7333333333333333,1.0,0.8461538461538461,0.2795336246490478,9,4,0,11,24,40242
4,3,lr_1em05_sched_step_img_320_ft_layer3_layer4_fc_loss_focal_f0fa6a864c,1e-05,step,320,layer3_layer4_fc,focal,resnet18,imagenet,71,33,38,126,23,7,16,40,0.8695652173913043,0.8125,0.702295918367347,0.7142857142857143,0.9375,0.8333333333333334,0.7142857142857143,0.7692307692307693,0.7133716344833374,15,1,2,5,3,40342
4,4,lr_1em05_sched_step_img_320_ft_layer3_layer4_fc_loss_focal_f0fa6a864c,1e-05,step,320,layer3_layer4_fc,focal,resnet18,imagenet,71,29,42,123,23,11,12,43,0.782608695652174,0.75,0.8037199728376199,0.6363636363636364,0.9166666666666666,0.875,0.6363636363636364,0.7368421052631579,0.5025194883346558,11,1,4,7,21,40442
4,1,lr_1em05_sched_step_img_320_ft_full_loss_weighted_cross_entropy_d9bbe53e91,1e-05,step,320,full,weighted_cross_entropy,resnet18,imagenet,70,29,41,125,24,11,13,41,0.75,0.7202797202797203,0.7625865222121906,0.4545454545454545,1.0,1.0,0.4545454545454545,0.625,0.550041913986206,13,0,6,5,14,40142
4,2,lr_1em05_sched_step_img_320_ft_full_loss_weighted_cross_entropy_d9bbe53e91,1e-05,step,320,full,weighted_cross_entropy,resnet18,imagenet,70,29,41,124,24,11,13,42,0.8333333333333334,0.902097902097902,0.8936674436674437,1.0,0.6923076923076923,0.7333333333333333,1.0,0.8461538461538461,0.2293387651443481,9,4,0,11,24,40242
4,3,lr_1em05_sched_step_img_320_ft_full_loss_weighted_cross_entropy_d9bbe53e91,1e-05,step,320,full,weighted_cross_entropy,resnet18,imagenet,71,33,38,126,23,7,16,40,0.782608695652174,0.8035714285714285,0.6972789115646258,0.8571428571428571,0.75,0.6,0.8571428571428571,0.7058823529411765,0.6557134985923767,12,4,1,6,4,40342
4,4,lr_1em05_sched_step_img_320_ft_full_loss_weighted_cross_entropy_d9bbe53e91,1e-05,step,320,full,weighted_cross_entropy,resnet18,imagenet,71,29,42,123,23,11,12,43,0.782608695652174,0.803030303030303,0.8225592589228954,0.9090909090909092,0.6666666666666666,0.7142857142857143,0.9090909090909092,0.8,0.370510071516037,8,4,1,10,30,40442
4,1,lr_1em05_sched_step_img_320_ft_full_loss_focal_0357c79945,1e-05,step,320,full,focal,resnet18,imagenet,70,29,41,125,24,11,13,41,0.75,0.6573426573426573,0.6782785841609371,0.5454545454545454,0.9230769230769232,0.8571428571428571,0.5454545454545454,0.6666666666666666,0.5110391974449158,12,1,5,6,11,40142
4,2,lr_1em05_sched_step_img_320_ft_full_loss_focal_0357c79945,1e-05,step,320,full,focal,resnet18,imagenet,70,29,41,124,24,11,13,42,0.7916666666666666,0.8391608391608392,0.8039403778040142,1.0,0.6153846153846154,0.6875,1.0,0.8148148148148148,0.3025498986244201,8,5,0,11,30,40242
4,3,lr_1em05_sched_step_img_320_ft_full_loss_focal_0357c79945,1e-05,step,320,full,focal,resnet18,imagenet,71,33,38,126,23,7,16,40,0.9130434782608696,0.8660714285714286,0.7598439375750299,0.8571428571428571,0.9375,0.8571428571428571,0.8571428571428571,0.8571428571428571,0.6639261245727539,15,1,1,6,3,40342
4,4,lr_1em05_sched_step_img_320_ft_full_loss_focal_0357c79945,1e-05,step,320,full,focal,resnet18,imagenet,71,29,42,123,23,11,12,43,0.782608695652174,0.7803030303030303,0.8022628886265251,0.8181818181818182,0.75,0.75,0.8181818181818182,0.782608695652174,0.4373524188995361,9,3,2,9,12,40442
4,1,lr_1em05_sched_cosine_img_224_ft_fc_only_loss_weighted_cross_entropy_a94de4024a,1e-05,cosine,224,fc_only,weighted_cross_entropy,resnet18,imagenet,70,29,41,125,24,11,13,41,0.5416666666666666,0.3496503496503496,0.3831863519099657,0.9090909090909092,0.2307692307692307,0.5,0.9090909090909092,0.6451612903225806,0.3053228557109833,3,10,1,10,26,40142
4,2,lr_1em05_sched_cosine_img_224_ft_fc_only_loss_weighted_cross_entropy_a94de4024a,1e-05,cosine,224,fc_only,weighted_cross_entropy,resnet18,imagenet,70,29,41,124,24,11,13,42,0.7083333333333334,0.5664335664335665,0.5521258969788381,1.0,0.4615384615384615,0.6111111111111112,1.0,0.7586206896551724,0.2373347282409668,6,7,0,11,30,40242
4,3,lr_1em05_sched_cosine_img_224_ft_fc_only_loss_weighted_cross_entropy_a94de4024a,1e-05,cosine,224,fc_only,weighted_cross_entropy,resnet18,imagenet,71,33,38,126,23,7,16,40,0.8260869565217391,0.8035714285714286,0.6931405895691609,0.8571428571428571,0.8125,0.6666666666666666,0.8571428571428571,0.75,0.5804935097694397,13,3,1,6,10,40342
4,4,lr_1em05_sched_cosine_img_224_ft_fc_only_loss_weighted_cross_entropy_a94de4024a,1e-05,cosine,224,fc_only,weighted_cross_entropy,resnet18,imagenet,71,29,42,123,23,11,12,43,0.6956521739130435,0.5378787878787878,0.6546304526437666,0.4545454545454545,0.9166666666666666,0.8333333333333334,0.4545454545454545,0.5882352941176471,0.6223419308662415,11,1,6,5,12,40442
4,1,lr_1em05_sched_cosine_img_224_ft_fc_only_loss_focal_69cc1d1fb6,1e-05,cosine,224,fc_only,focal,resnet18,imagenet,70,29,41,125,24,11,13,41,0.5416666666666666,0.3496503496503496,0.3831863519099657,0.9090909090909092,0.2307692307692307,0.5,0.9090909090909092,0.6451612903225806,0.3244096040725708,3,10,1,10,26,40142
4,2,lr_1em05_sched_cosine_img_224_ft_fc_only_loss_focal_69cc1d1fb6,1e-05,cosine,224,fc_only,focal,resnet18,imagenet,70,29,41,124,24,11,13,42,0.6666666666666666,0.5594405594405595,0.5500138675940816,0.9090909090909092,0.4615384615384615,0.5882352941176471,0.9090909090909092,0.7142857142857143,0.2625181078910827,6,7,1,10,19,40242
4,3,lr_1em05_sched_cosine_img_224_ft_fc_only_loss_focal_69cc1d1fb6,1e-05,cosine,224,fc_only,focal,resnet18,imagenet,71,33,38,126,23,7,16,40,0.8260869565217391,0.8035714285714286,0.6931405895691609,0.8571428571428571,0.8125,0.6666666666666666,0.8571428571428571,0.75,0.5868253707885742,13,3,1,6,10,40342
4,4,lr_1em05_sched_cosine_img_224_ft_fc_only_loss_focal_69cc1d1fb6,1e-05,cosine,224,fc_only,focal,resnet18,imagenet,71,29,42,123,23,11,12,43,0.6956521739130435,0.5378787878787878,0.6546304526437666,0.4545454545454545,0.9166666666666666,0.8333333333333334,0.4545454545454545,0.5882352941176471,0.6201103329658508,11,1,6,5,12,40442
4,1,lr_1em05_sched_cosine_img_224_ft_layer4_fc_loss_weighted_cross_entropy_f48c4e7772,1e-05,cosine,224,layer4_fc,weighted_cross_entropy,resnet18,imagenet,70,29,41,125,24,11,13,41,0.6666666666666666,0.5664335664335665,0.5530532598714417,0.6363636363636364,0.6923076923076923,0.6363636363636364,0.6363636363636364,0.6363636363636364,0.4064624607563019,9,4,4,7,30,40142
4,2,lr_1em05_sched_cosine_img_224_ft_layer4_fc_loss_weighted_cross_entropy_f48c4e7772,1e-05,cosine,224,layer4_fc,weighted_cross_entropy,resnet18,imagenet,70,29,41,124,24,11,13,42,0.7916666666666666,0.7972027972027972,0.8024774401568661,0.6363636363636364,0.9230769230769232,0.875,0.6363636363636364,0.7368421052631579,0.3531809151172638,12,1,4,7,24,40242
4,3,lr_1em05_sched_cosine_img_224_ft_layer4_fc_loss_weighted_cross_entropy_f48c4e7772,1e-05,cosine,224,layer4_fc,weighted_cross_entropy,resnet18,imagenet,71,33,38,126,23,7,16,40,0.6956521739130435,0.7678571428571428,0.6165223665223665,1.0,0.5625,0.5,1.0,0.6666666666666666,0.5688643455505371,9,7,0,7,8,40342
4,4,lr_1em05_sched_cosine_img_224_ft_layer4_fc_loss_weighted_cross_entropy_f48c4e7772,1e-05,cosine,224,layer4_fc,weighted_cross_entropy,resnet18,imagenet,71,29,42,123,23,11,12,43,0.8260869565217391,0.8181818181818181,0.8435438518442471,0.8181818181818182,0.8333333333333334,0.8181818181818182,0.8181818181818182,0.8181818181818182,0.4810939431190491,10,2,2,9,20,40442
4,1,lr_1em05_sched_cosine_img_224_ft_layer4_fc_loss_focal_e2d1df9234,1e-05,cosine,224,layer4_fc,focal,resnet18,imagenet,70,29,41,125,24,11,13,41,0.625,0.5594405594405595,0.5397815150418583,1.0,0.3076923076923077,0.55,1.0,0.7096774193548387,0.2966357171535492,4,9,0,11,24,40142
4,2,lr_1em05_sched_cosine_img_224_ft_layer4_fc_loss_focal_e2d1df9234,1e-05,cosine,224,layer4_fc,focal,resnet18,imagenet,70,29,41,124,24,11,13,42,0.8333333333333334,0.8111888111888113,0.817169818485608,0.7272727272727273,0.9230769230769232,0.8888888888888888,0.7272727272727273,0.8,0.3810929954051971,12,1,3,8,21,40242
4,3,lr_1em05_sched_cosine_img_224_ft_layer4_fc_loss_focal_e2d1df9234,1e-05,cosine,224,layer4_fc,focal,resnet18,imagenet,71,33,38,126,23,7,16,40,0.782608695652174,0.8928571428571428,0.7877551020408162,1.0,0.6875,0.5833333333333334,1.0,0.7368421052631579,0.5249321460723877,11,5,0,7,10,40342
4,4,lr_1em05_sched_cosine_img_224_ft_layer4_fc_loss_focal_e2d1df9234,1e-05,cosine,224,layer4_fc,focal,resnet18,imagenet,71,29,42,123,23,11,12,43,0.7391304347826086,0.7575757575757576,0.7786277073826482,0.8181818181818182,0.6666666666666666,0.6923076923076923,0.8181818181818182,0.75,0.4511818289756775,8,4,2,9,26,40442
4,1,lr_1em05_sched_cosine_img_224_ft_layer3_layer4_fc_loss_weighted_cross_entropy_592be35a6e,1e-05,cosine,224,layer3_layer4_fc,weighted_cross_entropy,resnet18,imagenet,70,29,41,125,24,11,13,41,0.5416666666666666,0.3846153846153846,0.4137656601771434,0.4545454545454545,0.6153846153846154,0.5,0.4545454545454545,0.4761904761904761,0.3986805379390716,8,5,6,5,14,40142
4,2,lr_1em05_sched_cosine_img_224_ft_layer3_layer4_fc_loss_weighted_cross_entropy_592be35a6e,1e-05,cosine,224,layer3_layer4_fc,weighted_cross_entropy,resnet18,imagenet,70,29,41,124,24,11,13,42,0.8333333333333334,0.8531468531468531,0.8652279398057614,0.8181818181818182,0.8461538461538461,0.8181818181818182,0.8181818181818182,0.8181818181818182,0.3108283579349518,11,2,2,9,15,40242
4,3,lr_1em05_sched_cosine_img_224_ft_layer3_layer4_fc_loss_weighted_cross_entropy_592be35a6e,1e-05,cosine,224,layer3_layer4_fc,weighted_cross_entropy,resnet18,imagenet,71,33,38,126,23,7,16,40,0.782608695652174,0.8839285714285714,0.7782312925170067,1.0,0.6875,0.5833333333333334,1.0,0.7368421052631579,0.5338650345802307,11,5,0,7,8,40342
4,4,lr_1em05_sched_cosine_img_224_ft_layer3_layer4_fc_loss_weighted_cross_entropy_592be35a6e,1e-05,cosine,224,layer3_layer4_fc,weighted_cross_entropy,resnet18,imagenet,71,29,42,123,23,11,12,43,0.8260869565217391,0.803030303030303,0.7978895061899014,0.9090909090909092,0.75,0.7692307692307693,0.9090909090909092,0.8333333333333334,0.4102730453014374,9,3,1,10,20,40442
4,1,lr_1em05_sched_cosine_img_224_ft_layer3_layer4_fc_loss_focal_8b72869888,1e-05,cosine,224,layer3_layer4_fc,focal,resnet18,imagenet,70,29,41,125,24,11,13,41,0.5833333333333334,0.4895104895104895,0.4689358442218854,0.5454545454545454,0.6153846153846154,0.5454545454545454,0.5454545454545454,0.5454545454545454,0.4270693063735962,8,5,5,6,26,40142
4,2,lr_1em05_sched_cosine_img_224_ft_layer3_layer4_fc_loss_focal_8b72869888,1e-05,cosine,224,layer3_layer4_fc,focal,resnet18,imagenet,70,29,41,124,24,11,13,42,0.7083333333333334,0.6923076923076923,0.6401067292778523,0.8181818181818182,0.6153846153846154,0.6428571428571429,0.8181818181818182,0.72,0.3544729351997375,8,5,2,9,7,40242
4,3,lr_1em05_sched_cosine_img_224_ft_layer3_layer4_fc_loss_focal_8b72869888,1e-05,cosine,224,layer3_layer4_fc,focal,resnet18,imagenet,71,33,38,126,23,7,16,40,0.8260869565217391,0.8214285714285714,0.7246031746031747,0.5714285714285714,0.9375,0.8,0.5714285714285714,0.6666666666666666,0.6269327402114868,15,1,3,4,10,40342
4,4,lr_1em05_sched_cosine_img_224_ft_layer3_layer4_fc_loss_focal_8b72869888,1e-05,cosine,224,layer3_layer4_fc,focal,resnet18,imagenet,71,29,42,123,23,11,12,43,0.782608695652174,0.7651515151515151,0.7719677007226415,0.8181818181818182,0.75,0.75,0.8181818181818182,0.782608695652174,0.4112229943275451,9,3,2,9,20,40442
4,1,lr_1em05_sched_cosine_img_224_ft_full_loss_weighted_cross_entropy_7dff142670,1e-05,cosine,224,full,weighted_cross_entropy,resnet18,imagenet,70,29,41,125,24,11,13,41,0.5416666666666666,0.5104895104895104,0.4825765190808815,1.0,0.1538461538461538,0.5,1.0,0.6666666666666666,0.2512755990028381,2,11,0,11,25,40142
4,2,lr_1em05_sched_cosine_img_224_ft_full_loss_weighted_cross_entropy_7dff142670,1e-05,cosine,224,full,weighted_cross_entropy,resnet18,imagenet,70,29,41,124,24,11,13,42,0.8333333333333334,0.8601398601398602,0.8716089466089466,0.7272727272727273,0.9230769230769232,0.8888888888888888,0.7272727272727273,0.8,0.2963036000728607,12,1,3,8,24,40242
4,3,lr_1em05_sched_cosine_img_224_ft_full_loss_weighted_cross_entropy_7dff142670,1e-05,cosine,224,full,weighted_cross_entropy,resnet18,imagenet,71,33,38,126,23,7,16,40,0.6956521739130435,0.8035714285714286,0.6476499690785404,1.0,0.5625,0.5,1.0,0.6666666666666666,0.4746087193489074,9,7,0,7,10,40342
4,4,lr_1em05_sched_cosine_img_224_ft_full_loss_weighted_cross_entropy_7dff142670,1e-05,cosine,224,full,weighted_cross_entropy,resnet18,imagenet,71,29,42,123,23,11,12,43,0.782608695652174,0.8181818181818182,0.8648395721925135,0.8181818181818182,0.75,0.75,0.8181818181818182,0.782608695652174,0.4221181571483612,9,3,2,9,15,40442
4,1,lr_1em05_sched_cosine_img_224_ft_full_loss_focal_06ad66cce6,1e-05,cosine,224,full,focal,resnet18,imagenet,70,29,41,125,24,11,13,41,0.5833333333333334,0.4755244755244755,0.4477643123365048,0.8181818181818182,0.3846153846153846,0.5294117647058824,0.8181818181818182,0.6428571428571429,0.3329483866691589,5,8,2,9,25,40142
4,2,lr_1em05_sched_cosine_img_224_ft_full_loss_focal_06ad66cce6,1e-05,cosine,224,full,focal,resnet18,imagenet,70,29,41,124,24,11,13,42,0.8333333333333334,0.8531468531468532,0.875583373845406,0.8181818181818182,0.8461538461538461,0.8181818181818182,0.8181818181818182,0.8181818181818182,0.3305841982364654,11,2,2,9,29,40242
4,3,lr_1em05_sched_cosine_img_224_ft_full_loss_focal_06ad66cce6,1e-05,cosine,224,full,focal,resnet18,imagenet,71,33,38,126,23,7,16,40,0.8260869565217391,0.8839285714285714,0.7635281385281385,1.0,0.75,0.6363636363636364,1.0,0.7777777777777778,0.5226913690567017,12,4,0,7,9,40342
4,4,lr_1em05_sched_cosine_img_224_ft_full_loss_focal_06ad66cce6,1e-05,cosine,224,full,focal,resnet18,imagenet,71,29,42,123,23,11,12,43,0.782608695652174,0.7651515151515152,0.8108172056701468,0.7272727272727273,0.8333333333333334,0.8,0.7272727272727273,0.7619047619047619,0.4640807807445526,10,2,3,8,26,40442
4,1,lr_1em05_sched_cosine_img_320_ft_fc_only_loss_weighted_cross_entropy_aa70610f9a,1e-05,cosine,320,fc_only,weighted_cross_entropy,resnet18,imagenet,70,29,41,125,24,11,13,41,0.625,0.5524475524475525,0.4923951447276806,0.8181818181818182,0.4615384615384615,0.5625,0.8181818181818182,0.6666666666666666,0.3400214910507202,6,7,2,9,10,40142
4,2,lr_1em05_sched_cosine_img_320_ft_fc_only_loss_weighted_cross_entropy_aa70610f9a,1e-05,cosine,320,fc_only,weighted_cross_entropy,resnet18,imagenet,70,29,41,124,24,11,13,42,0.6666666666666666,0.5944055944055944,0.5400202468982374,0.4545454545454545,0.8461538461538461,0.7142857142857143,0.4545454545454545,0.5555555555555556,0.3394849300384521,11,2,6,5,16,40242
4,3,lr_1em05_sched_cosine_img_320_ft_fc_only_loss_weighted_cross_entropy_aa70610f9a,1e-05,cosine,320,fc_only,weighted_cross_entropy,resnet18,imagenet,71,33,38,126,23,7,16,40,0.8695652173913043,0.8303571428571428,0.7856292517006802,0.7142857142857143,0.9375,0.8333333333333334,0.7142857142857143,0.7692307692307693,0.7215707898139954,15,1,2,5,3,40342
4,4,lr_1em05_sched_cosine_img_320_ft_fc_only_loss_weighted_cross_entropy_aa70610f9a,1e-05,cosine,320,fc_only,weighted_cross_entropy,resnet18,imagenet,71,29,42,123,23,11,12,43,0.5652173913043478,0.4848484848484848,0.5387080709319112,0.9090909090909092,0.25,0.5263157894736842,0.9090909090909092,0.6666666666666666,0.3184573650360107,3,9,1,10,4,40442
4,1,lr_1em05_sched_cosine_img_320_ft_fc_only_loss_focal_bf64bac14a,1e-05,cosine,320,fc_only,focal,resnet18,imagenet,70,29,41,125,24,11,13,41,0.625,0.5524475524475525,0.544115354342627,0.8181818181818182,0.4615384615384615,0.5625,0.8181818181818182,0.6666666666666666,0.3365586698055267,6,7,2,9,11,40142
4,2,lr_1em05_sched_cosine_img_320_ft_fc_only_loss_focal_bf64bac14a,1e-05,cosine,320,fc_only,focal,resnet18,imagenet,70,29,41,124,24,11,13,42,0.6666666666666666,0.6013986013986015,0.5449789245841877,0.4545454545454545,0.8461538461538461,0.7142857142857143,0.4545454545454545,0.5555555555555556,0.3927657306194305,11,2,6,5,16,40242
4,3,lr_1em05_sched_cosine_img_320_ft_fc_only_loss_focal_bf64bac14a,1e-05,cosine,320,fc_only,focal,resnet18,imagenet,71,33,38,126,23,7,16,40,0.8695652173913043,0.8303571428571428,0.7856292517006802,0.7142857142857143,0.9375,0.8333333333333334,0.7142857142857143,0.7692307692307693,0.7196962237358093,15,1,2,5,3,40342
4,4,lr_1em05_sched_cosine_img_320_ft_fc_only_loss_focal_bf64bac14a,1e-05,cosine,320,fc_only,focal,resnet18,imagenet,71,29,42,123,23,11,12,43,0.5652173913043478,0.4848484848484848,0.5387080709319112,0.9090909090909092,0.25,0.5263157894736842,0.9090909090909092,0.6666666666666666,0.318500816822052,3,9,1,10,4,40442
4,1,lr_1em05_sched_cosine_img_320_ft_layer4_fc_loss_weighted_cross_entropy_ccef921f82,1e-05,cosine,320,layer4_fc,weighted_cross_entropy,resnet18,imagenet,70,29,41,125,24,11,13,41,0.75,0.6293706293706294,0.66818688557819,0.5454545454545454,0.9230769230769232,0.8571428571428571,0.5454545454545454,0.6666666666666666,0.5037032961845398,12,1,5,6,11,40142
4,2,lr_1em05_sched_cosine_img_320_ft_layer4_fc_loss_weighted_cross_entropy_ccef921f82,1e-05,cosine,320,layer4_fc,weighted_cross_entropy,resnet18,imagenet,70,29,41,124,24,11,13,42,0.7916666666666666,0.8321678321678323,0.786790860654497,1.0,0.6153846153846154,0.6875,1.0,0.8148148148148148,0.2652820944786072,8,5,0,11,30,40242
4,3,lr_1em05_sched_cosine_img_320_ft_layer4_fc_loss_weighted_cross_entropy_ccef921f82,1e-05,cosine,320,layer4_fc,weighted_cross_entropy,resnet18,imagenet,71,33,38,126,23,7,16,40,0.9130434782608696,0.8392857142857142,0.7510204081632652,0.8571428571428571,0.9375,0.8571428571428571,0.8571428571428571,0.8571428571428571,0.6845454573631287,15,1,1,6,4,40342
4,4,lr_1em05_sched_cosine_img_320_ft_layer4_fc_loss_weighted_cross_entropy_ccef921f82,1e-05,cosine,320,layer4_fc,weighted_cross_entropy,resnet18,imagenet,71,29,42,123,23,11,12,43,0.7391304347826086,0.7727272727272727,0.7957883026064845,0.8181818181818182,0.6666666666666666,0.6923076923076923,0.8181818181818182,0.75,0.416459172964096,8,4,2,9,27,40442
4,1,lr_1em05_sched_cosine_img_320_ft_layer4_fc_loss_focal_201eedc164,1e-05,cosine,320,layer4_fc,focal,resnet18,imagenet,70,29,41,125,24,11,13,41,0.75,0.6433566433566433,0.7412809632177221,0.5454545454545454,0.9230769230769232,0.8571428571428571,0.5454545454545454,0.6666666666666666,0.5212028622627258,12,1,5,6,12,40142
4,2,lr_1em05_sched_cosine_img_320_ft_layer4_fc_loss_focal_201eedc164,1e-05,cosine,320,layer4_fc,focal,resnet18,imagenet,70,29,41,124,24,11,13,42,0.7916666666666666,0.8531468531468532,0.8508379247015612,1.0,0.6153846153846154,0.6875,1.0,0.8148148148148148,0.2977507412433624,8,5,0,11,30,40242
4,3,lr_1em05_sched_cosine_img_320_ft_layer4_fc_loss_focal_201eedc164,1e-05,cosine,320,layer4_fc,focal,resnet18,imagenet,71,33,38,126,23,7,16,40,0.8695652173913043,0.8571428571428572,0.7445378151260504,0.8571428571428571,0.875,0.75,0.8571428571428571,0.8,0.6544933915138245,14,2,1,6,4,40342
4,4,lr_1em05_sched_cosine_img_320_ft_layer4_fc_loss_focal_201eedc164,1e-05,cosine,320,layer4_fc,focal,resnet18,imagenet,71,29,42,123,23,11,12,43,0.7391304347826086,0.7803030303030303,0.7978216228216228,0.8181818181818182,0.6666666666666666,0.6923076923076923,0.8181818181818182,0.75,0.4074713885784149,8,4,2,9,17,40442
4,1,lr_1em05_sched_cosine_img_320_ft_layer3_layer4_fc_loss_weighted_cross_entropy_032ecb1a2d,1e-05,cosine,320,layer3_layer4_fc,weighted_cross_entropy,resnet18,imagenet,70,29,41,125,24,11,13,41,0.7083333333333334,0.6713286713286714,0.7335383914331282,0.5454545454545454,0.8461538461538461,0.75,0.5454545454545454,0.631578947368421,0.540869414806366,11,2,5,6,11,40142
4,2,lr_1em05_sched_cosine_img_320_ft_layer3_layer4_fc_loss_weighted_cross_entropy_032ecb1a2d,1e-05,cosine,320,layer3_layer4_fc,weighted_cross_entropy,resnet18,imagenet,70,29,41,124,24,11,13,42,0.8333333333333334,0.8671328671328672,0.8271325896325896,0.7272727272727273,0.9230769230769232,0.8888888888888888,0.7272727272727273,0.8,0.338443249464035,12,1,3,8,30,40242
4,3,lr_1em05_sched_cosine_img_320_ft_layer3_layer4_fc_loss_weighted_cross_entropy_032ecb1a2d,1e-05,cosine,320,layer3_layer4_fc,weighted_cross_entropy,resnet18,imagenet,71,33,38,126,23,7,16,40,0.8695652173913043,0.8035714285714286,0.6982142857142857,0.7142857142857143,0.9375,0.8333333333333334,0.7142857142857143,0.7692307692307693,0.7378811240196228,15,1,2,5,3,40342
4,4,lr_1em05_sched_cosine_img_320_ft_layer3_layer4_fc_loss_weighted_cross_entropy_032ecb1a2d,1e-05,cosine,320,layer3_layer4_fc,weighted_cross_entropy,resnet18,imagenet,71,29,42,123,23,11,12,43,0.7391304347826086,0.7424242424242424,0.7314111327269223,0.9090909090909092,0.5833333333333334,0.6666666666666666,0.9090909090909092,0.7692307692307693,0.3631413877010345,7,5,1,10,11,40442
4,1,lr_1em05_sched_cosine_img_320_ft_layer3_layer4_fc_loss_focal_888063df31,1e-05,cosine,320,layer3_layer4_fc,focal,resnet18,imagenet,70,29,41,125,24,11,13,41,0.7083333333333334,0.6433566433566434,0.7124062626923039,0.3636363636363636,1.0,1.0,0.3636363636363636,0.5333333333333333,0.5899023413658142,13,0,7,4,25,40142
4,2,lr_1em05_sched_cosine_img_320_ft_layer3_layer4_fc_loss_focal_888063df31,1e-05,cosine,320,layer3_layer4_fc,focal,resnet18,imagenet,70,29,41,124,24,11,13,42,0.8333333333333334,0.8601398601398601,0.8485791985791986,1.0,0.6923076923076923,0.7333333333333333,1.0,0.8461538461538461,0.2722267806529999,9,4,0,11,18,40242
4,3,lr_1em05_sched_cosine_img_320_ft_layer3_layer4_fc_loss_focal_888063df31,1e-05,cosine,320,layer3_layer4_fc,focal,resnet18,imagenet,71,33,38,126,23,7,16,40,0.9130434782608696,0.8660714285714286,0.7598439375750299,0.8571428571428571,0.9375,0.8571428571428571,0.8571428571428571,0.8571428571428571,0.6386597752571106,15,1,1,6,4,40342
4,4,lr_1em05_sched_cosine_img_320_ft_layer3_layer4_fc_loss_focal_888063df31,1e-05,cosine,320,layer3_layer4_fc,focal,resnet18,imagenet,71,29,42,123,23,11,12,43,0.782608695652174,0.803030303030303,0.8167610167610169,0.9090909090909092,0.6666666666666666,0.7142857142857143,0.9090909090909092,0.8,0.4001661837100982,8,4,1,10,17,40442
4,1,lr_1em05_sched_cosine_img_320_ft_full_loss_weighted_cross_entropy_b498446835,1e-05,cosine,320,full,weighted_cross_entropy,resnet18,imagenet,70,29,41,125,24,11,13,41,0.75,0.7272727272727273,0.7884115884115884,0.5454545454545454,0.9230769230769232,0.8571428571428571,0.5454545454545454,0.6666666666666666,0.4251303374767303,12,1,5,6,11,40142
4,2,lr_1em05_sched_cosine_img_320_ft_full_loss_weighted_cross_entropy_b498446835,1e-05,cosine,320,full,weighted_cross_entropy,resnet18,imagenet,70,29,41,124,24,11,13,42,0.7916666666666666,0.8251748251748252,0.7919454283090648,0.9090909090909092,0.6923076923076923,0.7142857142857143,0.9090909090909092,0.8,0.2694431841373443,9,4,1,10,10,40242
4,3,lr_1em05_sched_cosine_img_320_ft_full_loss_weighted_cross_entropy_b498446835,1e-05,cosine,320,full,weighted_cross_entropy,resnet18,imagenet,71,33,38,126,23,7,16,40,0.8695652173913043,0.8125,0.7091250854408748,0.7142857142857143,0.9375,0.8333333333333334,0.7142857142857143,0.7692307692307693,0.6629397869110107,15,1,2,5,4,40342
4,4,lr_1em05_sched_cosine_img_320_ft_full_loss_weighted_cross_entropy_b498446835,1e-05,cosine,320,full,weighted_cross_entropy,resnet18,imagenet,71,29,42,123,23,11,12,43,0.782608695652174,0.8333333333333334,0.8443966320760581,0.8181818181818182,0.75,0.75,0.8181818181818182,0.782608695652174,0.4631433486938476,9,3,2,9,17,40442
4,1,lr_1em05_sched_cosine_img_320_ft_full_loss_focal_b8db75afb3,1e-05,cosine,320,full,focal,resnet18,imagenet,70,29,41,125,24,11,13,41,0.75,0.6363636363636364,0.7327647366604035,0.4545454545454545,1.0,1.0,0.4545454545454545,0.625,0.5574991106987,13,0,6,5,13,40142
4,2,lr_1em05_sched_cosine_img_320_ft_full_loss_focal_b8db75afb3,1e-05,cosine,320,full,focal,resnet18,imagenet,70,29,41,124,24,11,13,42,0.8333333333333334,0.902097902097902,0.8907221566312475,1.0,0.6923076923076923,0.7333333333333333,1.0,0.8461538461538461,0.2957551479339599,9,4,0,11,24,40242
4,3,lr_1em05_sched_cosine_img_320_ft_full_loss_focal_b8db75afb3,1e-05,cosine,320,full,focal,resnet18,imagenet,71,33,38,126,23,7,16,40,0.8695652173913043,0.8125,0.7055555555555555,0.7142857142857143,0.9375,0.8333333333333334,0.7142857142857143,0.7692307692307693,0.7077803611755371,15,1,2,5,4,40342
4,4,lr_1em05_sched_cosine_img_320_ft_full_loss_focal_b8db75afb3,1e-05,cosine,320,full,focal,resnet18,imagenet,71,29,42,123,23,11,12,43,0.7391304347826086,0.7727272727272727,0.8060146923783289,0.7272727272727273,0.75,0.7272727272727273,0.7272727272727273,0.7272727272727273,0.4211242198944092,9,3,3,8,28,40442
4,1,lr_1em05_sched_none_img_224_ft_fc_only_loss_weighted_cross_entropy_7114484a86,1e-05,none,224,fc_only,weighted_cross_entropy,resnet18,imagenet,70,29,41,125,24,11,13,41,0.5416666666666666,0.3566433566433566,0.3863165550401689,0.9090909090909092,0.2307692307692307,0.5,0.9090909090909092,0.6451612903225806,0.2964378297328949,3,10,1,10,24,40142
4,2,lr_1em05_sched_none_img_224_ft_fc_only_loss_weighted_cross_entropy_7114484a86,1e-05,none,224,fc_only,weighted_cross_entropy,resnet18,imagenet,70,29,41,124,24,11,13,42,0.6666666666666666,0.5594405594405595,0.5500138675940816,0.9090909090909092,0.4615384615384615,0.5882352941176471,0.9090909090909092,0.7142857142857143,0.2139500379562378,6,7,1,10,16,40242
4,3,lr_1em05_sched_none_img_224_ft_fc_only_loss_weighted_cross_entropy_7114484a86,1e-05,none,224,fc_only,weighted_cross_entropy,resnet18,imagenet,71,33,38,126,23,7,16,40,0.8260869565217391,0.8035714285714286,0.6931405895691609,0.8571428571428571,0.8125,0.6666666666666666,0.8571428571428571,0.75,0.570458173751831,13,3,1,6,10,40342
4,4,lr_1em05_sched_none_img_224_ft_fc_only_loss_weighted_cross_entropy_7114484a86,1e-05,none,224,fc_only,weighted_cross_entropy,resnet18,imagenet,71,29,42,123,23,11,12,43,0.6956521739130435,0.5378787878787878,0.6546304526437666,0.4545454545454545,0.9166666666666666,0.8333333333333334,0.4545454545454545,0.5882352941176471,0.6292306780815125,11,1,6,5,12,40442
4,1,lr_1em05_sched_none_img_224_ft_fc_only_loss_focal_751634e7bb,1e-05,none,224,fc_only,focal,resnet18,imagenet,70,29,41,125,24,11,13,41,0.5416666666666666,0.3496503496503496,0.3831863519099657,0.9090909090909092,0.2307692307692307,0.5,0.9090909090909092,0.6451612903225806,0.3207283914089203,3,10,1,10,25,40142
4,2,lr_1em05_sched_none_img_224_ft_fc_only_loss_focal_751634e7bb,1e-05,none,224,fc_only,focal,resnet18,imagenet,70,29,41,124,24,11,13,42,0.6666666666666666,0.5664335664335665,0.553510371090585,0.9090909090909092,0.4615384615384615,0.5882352941176471,0.9090909090909092,0.7142857142857143,0.2906815707683563,6,7,1,10,19,40242
4,3,lr_1em05_sched_none_img_224_ft_fc_only_loss_focal_751634e7bb,1e-05,none,224,fc_only,focal,resnet18,imagenet,71,33,38,126,23,7,16,40,0.8260869565217391,0.8035714285714286,0.6931405895691609,0.8571428571428571,0.8125,0.6666666666666666,0.8571428571428571,0.75,0.577507734298706,13,3,1,6,10,40342
4,4,lr_1em05_sched_none_img_224_ft_fc_only_loss_focal_751634e7bb,1e-05,none,224,fc_only,focal,resnet18,imagenet,71,29,42,123,23,11,12,43,0.6956521739130435,0.553030303030303,0.6637213617346757,0.4545454545454545,0.9166666666666666,0.8333333333333334,0.4545454545454545,0.5882352941176471,0.6046572327613831,11,1,6,5,12,40442
4,1,lr_1em05_sched_none_img_224_ft_layer4_fc_loss_weighted_cross_entropy_5723caf607,1e-05,none,224,layer4_fc,weighted_cross_entropy,resnet18,imagenet,70,29,41,125,24,11,13,41,0.6666666666666666,0.5804195804195804,0.5779768656774005,0.6363636363636364,0.6923076923076923,0.6363636363636364,0.6363636363636364,0.6363636363636364,0.4135673940181732,9,4,4,7,24,40142
4,2,lr_1em05_sched_none_img_224_ft_layer4_fc_loss_weighted_cross_entropy_5723caf607,1e-05,none,224,layer4_fc,weighted_cross_entropy,resnet18,imagenet,70,29,41,124,24,11,13,42,0.875,0.9090909090909092,0.9194805194805196,0.8181818181818182,0.9230769230769232,0.9,0.8181818181818182,0.8571428571428571,0.2663153409957886,12,1,2,9,29,40242
4,3,lr_1em05_sched_none_img_224_ft_layer4_fc_loss_weighted_cross_entropy_5723caf607,1e-05,none,224,layer4_fc,weighted_cross_entropy,resnet18,imagenet,71,33,38,126,23,7,16,40,0.8695652173913043,0.8392857142857143,0.7833333333333332,0.8571428571428571,0.875,0.75,0.8571428571428571,0.8,0.5669691562652588,14,2,1,6,21,40342
4,4,lr_1em05_sched_none_img_224_ft_layer4_fc_loss_weighted_cross_entropy_5723caf607,1e-05,none,224,layer4_fc,weighted_cross_entropy,resnet18,imagenet,71,29,42,123,23,11,12,43,0.8695652173913043,0.856060606060606,0.8803325462416371,0.9090909090909092,0.8333333333333334,0.8333333333333334,0.9090909090909092,0.8695652173913043,0.4314509928226471,10,2,1,10,28,40442
4,1,lr_1em05_sched_none_img_224_ft_layer4_fc_loss_focal_d9901b0cc7,1e-05,none,224,layer4_fc,focal,resnet18,imagenet,70,29,41,125,24,11,13,41,0.625,0.5314685314685315,0.5629442812925234,0.6363636363636364,0.6153846153846154,0.5833333333333334,0.6363636363636364,0.6086956521739131,0.4070693850517273,8,5,4,7,22,40142
4,2,lr_1em05_sched_none_img_224_ft_layer4_fc_loss_focal_d9901b0cc7,1e-05,none,224,layer4_fc,focal,resnet18,imagenet,70,29,41,124,24,11,13,42,0.7916666666666666,0.8321678321678322,0.849447137126563,0.8181818181818182,0.7692307692307693,0.75,0.8181818181818182,0.782608695652174,0.3249290585517883,10,3,2,9,24,40242
4,3,lr_1em05_sched_none_img_224_ft_layer4_fc_loss_focal_d9901b0cc7,1e-05,none,224,layer4_fc,focal,resnet18,imagenet,71,33,38,126,23,7,16,40,0.7391304347826086,0.7946428571428572,0.635003885003885,1.0,0.625,0.5384615384615384,1.0,0.7,0.5176407694816589,10,6,0,7,9,40342
4,4,lr_1em05_sched_none_img_224_ft_layer4_fc_loss_focal_d9901b0cc7,1e-05,none,224,layer4_fc,focal,resnet18,imagenet,71,29,42,123,23,11,12,43,0.8260869565217391,0.7954545454545454,0.8535353535353536,0.6363636363636364,1.0,1.0,0.6363636363636364,0.7777777777777778,0.5341480374336243,12,0,4,7,27,40442
4,1,lr_1em05_sched_none_img_224_ft_layer3_layer4_fc_loss_weighted_cross_entropy_6af0542b68,1e-05,none,224,layer3_layer4_fc,weighted_cross_entropy,resnet18,imagenet,70,29,41,125,24,11,13,41,0.625,0.5944055944055944,0.5885352865229027,0.6363636363636364,0.6153846153846154,0.5833333333333334,0.6363636363636364,0.6086956521739131,0.3915106058120727,8,5,4,7,26,40142
4,2,lr_1em05_sched_none_img_224_ft_layer3_layer4_fc_loss_weighted_cross_entropy_6af0542b68,1e-05,none,224,layer3_layer4_fc,weighted_cross_entropy,resnet18,imagenet,70,29,41,124,24,11,13,42,0.8333333333333334,0.8601398601398602,0.8846447669977082,0.7272727272727273,0.9230769230769232,0.8888888888888888,0.7272727272727273,0.8,0.3331103026866913,12,1,3,8,24,40242
4,3,lr_1em05_sched_none_img_224_ft_layer3_layer4_fc_loss_weighted_cross_entropy_6af0542b68,1e-05,none,224,layer3_layer4_fc,weighted_cross_entropy,resnet18,imagenet,71,33,38,126,23,7,16,40,0.8695652173913043,0.8660714285714286,0.7357142857142858,0.7142857142857143,0.9375,0.8333333333333334,0.7142857142857143,0.7692307692307693,0.653819739818573,15,1,2,5,10,40342
4,4,lr_1em05_sched_none_img_224_ft_layer3_layer4_fc_loss_weighted_cross_entropy_6af0542b68,1e-05,none,224,layer3_layer4_fc,weighted_cross_entropy,resnet18,imagenet,71,29,42,123,23,11,12,43,0.9130434782608696,0.9166666666666666,0.9258264462809918,0.9090909090909092,0.9166666666666666,0.9090909090909092,0.9090909090909092,0.9090909090909092,0.3576619625091553,11,1,1,10,30,40442
4,1,lr_1em05_sched_none_img_224_ft_layer3_layer4_fc_loss_focal_d284010fbb,1e-05,none,224,layer3_layer4_fc,focal,resnet18,imagenet,70,29,41,125,24,11,13,41,0.6666666666666666,0.6223776223776224,0.6830995208000556,0.6363636363636364,0.6923076923076923,0.6363636363636364,0.6363636363636364,0.6363636363636364,0.461487352848053,9,4,4,7,29,40142
4,2,lr_1em05_sched_none_img_224_ft_layer3_layer4_fc_loss_focal_d284010fbb,1e-05,none,224,layer3_layer4_fc,focal,resnet18,imagenet,70,29,41,124,24,11,13,42,0.8333333333333334,0.8461538461538461,0.8664056836305641,0.8181818181818182,0.8461538461538461,0.8181818181818182,0.8181818181818182,0.8181818181818182,0.3450905084609985,11,2,2,9,21,40242
4,3,lr_1em05_sched_none_img_224_ft_layer3_layer4_fc_loss_focal_d284010fbb,1e-05,none,224,layer3_layer4_fc,focal,resnet18,imagenet,71,33,38,126,23,7,16,40,0.782608695652174,0.8571428571428571,0.7037724180581324,1.0,0.6875,0.5833333333333334,1.0,0.7368421052631579,0.4976884126663208,11,5,0,7,8,40342
4,4,lr_1em05_sched_none_img_224_ft_layer3_layer4_fc_loss_focal_d284010fbb,1e-05,none,224,layer3_layer4_fc,focal,resnet18,imagenet,71,29,42,123,23,11,12,43,0.8260869565217391,0.8257575757575757,0.8597188384737793,0.9090909090909092,0.75,0.7692307692307693,0.9090909090909092,0.8333333333333334,0.3850376009941101,9,3,1,10,26,40442
4,1,lr_1em05_sched_none_img_224_ft_full_loss_weighted_cross_entropy_3ef0c041f6,1e-05,none,224,full,weighted_cross_entropy,resnet18,imagenet,70,29,41,125,24,11,13,41,0.7083333333333334,0.6433566433566433,0.7333581888605811,0.5454545454545454,0.8461538461538461,0.75,0.5454545454545454,0.631578947368421,0.4007849395275116,11,2,5,6,25,40142
4,2,lr_1em05_sched_none_img_224_ft_full_loss_weighted_cross_entropy_3ef0c041f6,1e-05,none,224,full,weighted_cross_entropy,resnet18,imagenet,70,29,41,124,24,11,13,42,0.7083333333333334,0.7132867132867132,0.6721861471861472,0.9090909090909092,0.5384615384615384,0.625,0.9090909090909092,0.7407407407407407,0.2751119136810303,7,6,1,10,8,40242
4,3,lr_1em05_sched_none_img_224_ft_full_loss_weighted_cross_entropy_3ef0c041f6,1e-05,none,224,full,weighted_cross_entropy,resnet18,imagenet,71,33,38,126,23,7,16,40,0.8695652173913043,0.8303571428571428,0.7564425770308123,0.7142857142857143,0.9375,0.8333333333333334,0.7142857142857143,0.7692307692307693,0.5592449903488159,15,1,2,5,20,40342
4,4,lr_1em05_sched_none_img_224_ft_full_loss_weighted_cross_entropy_3ef0c041f6,1e-05,none,224,full,weighted_cross_entropy,resnet18,imagenet,71,29,42,123,23,11,12,43,0.782608695652174,0.803030303030303,0.8493896181061957,0.8181818181818182,0.75,0.75,0.8181818181818182,0.782608695652174,0.3070156574249267,9,3,2,9,29,40442
4,1,lr_1em05_sched_none_img_224_ft_full_loss_focal_de5ddaaf37,1e-05,none,224,full,focal,resnet18,imagenet,70,29,41,125,24,11,13,41,0.5833333333333334,0.5594405594405594,0.550081461590413,0.8181818181818182,0.3846153846153846,0.5294117647058824,0.8181818181818182,0.6428571428571429,0.302083283662796,5,8,2,9,24,40142
4,2,lr_1em05_sched_none_img_224_ft_full_loss_focal_de5ddaaf37,1e-05,none,224,full,focal,resnet18,imagenet,70,29,41,124,24,11,13,42,0.8333333333333334,0.8461538461538461,0.8715269578905942,0.6363636363636364,1.0,1.0,0.6363636363636364,0.7777777777777778,0.3486429452896118,13,0,4,7,20,40242
4,3,lr_1em05_sched_none_img_224_ft_full_loss_focal_de5ddaaf37,1e-05,none,224,full,focal,resnet18,imagenet,71,33,38,126,23,7,16,40,0.782608695652174,0.8571428571428571,0.7472789115646259,0.8571428571428571,0.75,0.6,0.8571428571428571,0.7058823529411765,0.4997870922088623,12,4,1,6,11,40342
4,4,lr_1em05_sched_none_img_224_ft_full_loss_focal_de5ddaaf37,1e-05,none,224,full,focal,resnet18,imagenet,71,29,42,123,23,11,12,43,0.9130434782608696,0.8863636363636364,0.9264069264069266,0.8181818181818182,1.0,1.0,0.8181818181818182,0.9,0.3924995064735412,12,0,2,9,27,40442
4,1,lr_1em05_sched_none_img_320_ft_fc_only_loss_weighted_cross_entropy_589fa61b61,1e-05,none,320,fc_only,weighted_cross_entropy,resnet18,imagenet,70,29,41,125,24,11,13,41,0.625,0.5524475524475525,0.4923951447276806,0.8181818181818182,0.4615384615384615,0.5625,0.8181818181818182,0.6666666666666666,0.3322860896587372,6,7,2,9,10,40142
4,2,lr_1em05_sched_none_img_320_ft_fc_only_loss_weighted_cross_entropy_589fa61b61,1e-05,none,320,fc_only,weighted_cross_entropy,resnet18,imagenet,70,29,41,124,24,11,13,42,0.6666666666666666,0.5944055944055944,0.5400202468982374,0.4545454545454545,0.8461538461538461,0.7142857142857143,0.4545454545454545,0.5555555555555556,0.3165096044540405,11,2,6,5,16,40242
4,3,lr_1em05_sched_none_img_320_ft_fc_only_loss_weighted_cross_entropy_589fa61b61,1e-05,none,320,fc_only,weighted_cross_entropy,resnet18,imagenet,71,33,38,126,23,7,16,40,0.8695652173913043,0.8303571428571428,0.7856292517006802,0.7142857142857143,0.9375,0.8333333333333334,0.7142857142857143,0.7692307692307693,0.7175432443618774,15,1,2,5,3,40342
4,4,lr_1em05_sched_none_img_320_ft_fc_only_loss_weighted_cross_entropy_589fa61b61,1e-05,none,320,fc_only,weighted_cross_entropy,resnet18,imagenet,71,29,42,123,23,11,12,43,0.5652173913043478,0.4848484848484848,0.5387080709319112,0.9090909090909092,0.25,0.5263157894736842,0.9090909090909092,0.6666666666666666,0.3142480850219726,3,9,1,10,4,40442
4,1,lr_1em05_sched_none_img_320_ft_fc_only_loss_focal_cd25028d9c,1e-05,none,320,fc_only,focal,resnet18,imagenet,70,29,41,125,24,11,13,41,0.625,0.5594405594405594,0.5465076988402346,0.8181818181818182,0.4615384615384615,0.5625,0.8181818181818182,0.6666666666666666,0.3478460609912872,6,7,2,9,11,40142
4,2,lr_1em05_sched_none_img_320_ft_fc_only_loss_focal_cd25028d9c,1e-05,none,320,fc_only,focal,resnet18,imagenet,70,29,41,124,24,11,13,42,0.6666666666666666,0.5944055944055944,0.5400202468982374,0.4545454545454545,0.8461538461538461,0.7142857142857143,0.4545454545454545,0.5555555555555556,0.3768046200275421,11,2,6,5,16,40242
4,3,lr_1em05_sched_none_img_320_ft_fc_only_loss_focal_cd25028d9c,1e-05,none,320,fc_only,focal,resnet18,imagenet,71,33,38,126,23,7,16,40,0.8695652173913043,0.8303571428571428,0.7856292517006802,0.7142857142857143,0.9375,0.8333333333333334,0.7142857142857143,0.7692307692307693,0.7219467759132385,15,1,2,5,3,40342
4,4,lr_1em05_sched_none_img_320_ft_fc_only_loss_focal_cd25028d9c,1e-05,none,320,fc_only,focal,resnet18,imagenet,71,29,42,123,23,11,12,43,0.5652173913043478,0.4848484848484848,0.5387080709319112,0.9090909090909092,0.25,0.5263157894736842,0.9090909090909092,0.6666666666666666,0.3166367709636688,3,9,1,10,4,40442
4,1,lr_1em05_sched_none_img_320_ft_layer4_fc_loss_weighted_cross_entropy_c4d0a72aef,1e-05,none,320,layer4_fc,weighted_cross_entropy,resnet18,imagenet,70,29,41,125,24,11,13,41,0.7083333333333334,0.6223776223776224,0.6988299626070523,0.4545454545454545,0.9230769230769232,0.8333333333333334,0.4545454545454545,0.5882352941176471,0.547322154045105,12,1,6,5,11,40142
4,2,lr_1em05_sched_none_img_320_ft_layer4_fc_loss_weighted_cross_entropy_c4d0a72aef,1e-05,none,320,layer4_fc,weighted_cross_entropy,resnet18,imagenet,70,29,41,124,24,11,13,42,0.8333333333333334,0.8741258741258742,0.8628314866951231,0.9090909090909092,0.7692307692307693,0.7692307692307693,0.9090909090909092,0.8333333333333334,0.2782672643661499,10,3,1,10,18,40242
4,3,lr_1em05_sched_none_img_320_ft_layer4_fc_loss_weighted_cross_entropy_c4d0a72aef,1e-05,none,320,layer4_fc,weighted_cross_entropy,resnet18,imagenet,71,33,38,126,23,7,16,40,0.8695652173913043,0.7946428571428572,0.6953514739229025,0.7142857142857143,0.9375,0.8333333333333334,0.7142857142857143,0.7692307692307693,0.7206951975822449,15,1,2,5,3,40342
4,4,lr_1em05_sched_none_img_320_ft_layer4_fc_loss_weighted_cross_entropy_c4d0a72aef,1e-05,none,320,layer4_fc,weighted_cross_entropy,resnet18,imagenet,71,29,42,123,23,11,12,43,0.782608695652174,0.7954545454545454,0.7946871310507675,0.9090909090909092,0.6666666666666666,0.7142857142857143,0.9090909090909092,0.8,0.3196986615657806,8,4,1,10,28,40442
4,1,lr_1em05_sched_none_img_320_ft_layer4_fc_loss_focal_2440d60379,1e-05,none,320,layer4_fc,focal,resnet18,imagenet,70,29,41,125,24,11,13,41,0.75,0.6713286713286714,0.7455027070116584,0.4545454545454545,1.0,1.0,0.4545454545454545,0.625,0.5470333695411682,13,0,6,5,21,40142
4,2,lr_1em05_sched_none_img_320_ft_layer4_fc_loss_focal_2440d60379,1e-05,none,320,layer4_fc,focal,resnet18,imagenet,70,29,41,124,24,11,13,42,0.875,0.895104895104895,0.8757020757020757,1.0,0.7692307692307693,0.7857142857142857,1.0,0.88,0.3191556632518768,10,3,0,11,17,40242
4,3,lr_1em05_sched_none_img_320_ft_layer4_fc_loss_focal_2440d60379,1e-05,none,320,layer4_fc,focal,resnet18,imagenet,71,33,38,126,23,7,16,40,0.8260869565217391,0.8303571428571428,0.6871057513914656,0.7142857142857143,0.875,0.7142857142857143,0.7142857142857143,0.7142857142857143,0.677954375743866,14,2,2,5,4,40342
4,4,lr_1em05_sched_none_img_320_ft_layer4_fc_loss_focal_2440d60379,1e-05,none,320,layer4_fc,focal,resnet18,imagenet,71,29,42,123,23,11,12,43,0.782608695652174,0.803030303030303,0.8144769231456539,0.8181818181818182,0.75,0.75,0.8181818181818182,0.782608695652174,0.3823716342449188,9,3,2,9,28,40442
4,1,lr_1em05_sched_none_img_320_ft_layer3_layer4_fc_loss_weighted_cross_entropy_c4016f6283,1e-05,none,320,layer3_layer4_fc,weighted_cross_entropy,resnet18,imagenet,70,29,41,125,24,11,13,41,0.7083333333333334,0.6713286713286714,0.7232142857142857,0.5454545454545454,0.8461538461538461,0.75,0.5454545454545454,0.631578947368421,0.4631130993366241,11,2,5,6,10,40142
4,2,lr_1em05_sched_none_img_320_ft_layer3_layer4_fc_loss_weighted_cross_entropy_c4016f6283,1e-05,none,320,layer3_layer4_fc,weighted_cross_entropy,resnet18,imagenet,70,29,41,124,24,11,13,42,0.8333333333333334,0.8881118881118881,0.8655289155289155,1.0,0.6923076923076923,0.7333333333333333,1.0,0.8461538461538461,0.2063285708427429,9,4,0,11,22,40242
4,3,lr_1em05_sched_none_img_320_ft_layer3_layer4_fc_loss_weighted_cross_entropy_c4016f6283,1e-05,none,320,layer3_layer4_fc,weighted_cross_entropy,resnet18,imagenet,71,33,38,126,23,7,16,40,0.8260869565217391,0.8392857142857143,0.7156262505002,0.8571428571428571,0.8125,0.6666666666666666,0.8571428571428571,0.75,0.6653741598129272,13,3,1,6,4,40342
4,4,lr_1em05_sched_none_img_320_ft_layer3_layer4_fc_loss_weighted_cross_entropy_c4016f6283,1e-05,none,320,layer3_layer4_fc,weighted_cross_entropy,resnet18,imagenet,71,29,42,123,23,11,12,43,0.8695652173913043,0.8787878787878787,0.8852453102453104,0.9090909090909092,0.8333333333333334,0.8333333333333334,0.9090909090909092,0.8695652173913043,0.4314713478088379,10,2,1,10,27,40442
4,1,lr_1em05_sched_none_img_320_ft_layer3_layer4_fc_loss_focal_43e790596e,1e-05,none,320,layer3_layer4_fc,focal,resnet18,imagenet,70,29,41,125,24,11,13,41,0.75,0.6503496503496504,0.7034965034965035,0.5454545454545454,0.9230769230769232,0.8571428571428571,0.5454545454545454,0.6666666666666666,0.5225366353988647,12,1,5,6,11,40142
4,2,lr_1em05_sched_none_img_320_ft_layer3_layer4_fc_loss_focal_43e790596e,1e-05,none,320,layer3_layer4_fc,focal,resnet18,imagenet,70,29,41,124,24,11,13,42,0.7916666666666666,0.8671328671328672,0.8466269841269841,1.0,0.6153846153846154,0.6875,1.0,0.8148148148148148,0.2670291364192962,8,5,0,11,24,40242
4,3,lr_1em05_sched_none_img_320_ft_layer3_layer4_fc_loss_focal_43e790596e,1e-05,none,320,layer3_layer4_fc,focal,resnet18,imagenet,71,33,38,126,23,7,16,40,0.782608695652174,0.8303571428571428,0.7511904761904762,0.7142857142857143,0.8125,0.625,0.7142857142857143,0.6666666666666666,0.6935667395591736,13,3,2,5,2,40342
4,4,lr_1em05_sched_none_img_320_ft_layer3_layer4_fc_loss_focal_43e790596e,1e-05,none,320,layer3_layer4_fc,focal,resnet18,imagenet,71,29,42,123,23,11,12,43,0.782608695652174,0.8106060606060606,0.8419755682913579,0.7272727272727273,0.8333333333333334,0.8,0.7272727272727273,0.7619047619047619,0.4989491701126098,10,2,3,8,11,40442
4,1,lr_1em05_sched_none_img_320_ft_full_loss_weighted_cross_entropy_32f76c3c3c,1e-05,none,320,full,weighted_cross_entropy,resnet18,imagenet,70,29,41,125,24,11,13,41,0.7083333333333334,0.6643356643356643,0.7058961460147231,0.5454545454545454,0.8461538461538461,0.75,0.5454545454545454,0.631578947368421,0.5435690879821777,11,2,5,6,11,40142
4,2,lr_1em05_sched_none_img_320_ft_full_loss_weighted_cross_entropy_32f76c3c3c,1e-05,none,320,full,weighted_cross_entropy,resnet18,imagenet,70,29,41,124,24,11,13,42,0.875,0.916083916083916,0.9180521795495058,0.9090909090909092,0.8461538461538461,0.8333333333333334,0.9090909090909092,0.8695652173913043,0.2816598117351532,11,2,1,10,28,40242
4,3,lr_1em05_sched_none_img_320_ft_full_loss_weighted_cross_entropy_32f76c3c3c,1e-05,none,320,full,weighted_cross_entropy,resnet18,imagenet,71,33,38,126,23,7,16,40,0.8695652173913043,0.8035714285714286,0.6986194477791117,0.7142857142857143,0.9375,0.8333333333333334,0.7142857142857143,0.7692307692307693,0.6986970901489258,15,1,2,5,3,40342
4,4,lr_1em05_sched_none_img_320_ft_full_loss_weighted_cross_entropy_32f76c3c3c,1e-05,none,320,full,weighted_cross_entropy,resnet18,imagenet,71,29,42,123,23,11,12,43,0.9130434782608696,0.8787878787878787,0.8897514102059558,0.9090909090909092,0.9166666666666666,0.9090909090909092,0.9090909090909092,0.9090909090909092,0.4197340011596679,11,1,1,10,25,40442
4,1,lr_1em05_sched_none_img_320_ft_full_loss_focal_906b334381,1e-05,none,320,full,focal,resnet18,imagenet,70,29,41,125,24,11,13,41,0.7083333333333334,0.6363636363636364,0.7110107284020327,0.5454545454545454,0.8461538461538461,0.75,0.5454545454545454,0.631578947368421,0.4992684423923492,11,2,5,6,11,40142
4,2,lr_1em05_sched_none_img_320_ft_full_loss_focal_906b334381,1e-05,none,320,full,focal,resnet18,imagenet,70,29,41,124,24,11,13,42,0.875,0.9090909090909092,0.8903072937163846,0.9090909090909092,0.8461538461538461,0.8333333333333334,0.9090909090909092,0.8695652173913043,0.3474984169006347,11,2,1,10,29,40242
4,3,lr_1em05_sched_none_img_320_ft_full_loss_focal_906b334381,1e-05,none,320,full,focal,resnet18,imagenet,71,33,38,126,23,7,16,40,0.9130434782608696,0.8392857142857142,0.7510204081632652,0.8571428571428571,0.9375,0.8571428571428571,0.8571428571428571,0.8571428571428571,0.6546004414558411,15,1,1,6,4,40342
4,4,lr_1em05_sched_none_img_320_ft_full_loss_focal_906b334381,1e-05,none,320,full,focal,resnet18,imagenet,71,29,42,123,23,11,12,43,0.782608695652174,0.7272727272727273,0.7924422799422799,0.6363636363636364,0.9166666666666666,0.875,0.6363636363636364,0.7368421052631579,0.5020714998245239,11,1,4,7,11,40442
4,1,lr_1em04_sched_step_img_224_ft_fc_only_loss_weighted_cross_entropy_3528f314c6,0.0001,step,224,fc_only,weighted_cross_entropy,resnet18,imagenet,70,29,41,125,24,11,13,41,0.5,0.3286713286713287,0.3788220684153698,0.5454545454545454,0.4615384615384615,0.4615384615384615,0.5454545454545454,0.5,0.2613908648490906,6,7,5,6,11,40142
4,2,lr_1em04_sched_step_img_224_ft_fc_only_loss_weighted_cross_entropy_3528f314c6,0.0001,step,224,fc_only,weighted_cross_entropy,resnet18,imagenet,70,29,41,124,24,11,13,42,0.6666666666666666,0.5874125874125874,0.5631016569976603,1.0,0.3846153846153846,0.5789473684210527,1.0,0.7333333333333333,0.1121907755732536,5,8,0,11,16,40242
4,3,lr_1em04_sched_step_img_224_ft_fc_only_loss_weighted_cross_entropy_3528f314c6,0.0001,step,224,fc_only,weighted_cross_entropy,resnet18,imagenet,71,33,38,126,23,7,16,40,0.7391304347826086,0.7678571428571428,0.608080808080808,0.8571428571428571,0.6875,0.5454545454545454,0.8571428571428571,0.6666666666666666,0.278623878955841,11,5,1,6,10,40342
4,4,lr_1em04_sched_step_img_224_ft_fc_only_loss_weighted_cross_entropy_3528f314c6,0.0001,step,224,fc_only,weighted_cross_entropy,resnet18,imagenet,71,29,42,123,23,11,12,43,0.6956521739130435,0.6363636363636364,0.7469217870403642,0.6363636363636364,0.75,0.7,0.6363636363636364,0.6666666666666666,0.2360869646072387,9,3,4,7,19,40442
4,1,lr_1em04_sched_step_img_224_ft_fc_only_loss_focal_01d1647617,0.0001,step,224,fc_only,focal,resnet18,imagenet,70,29,41,125,24,11,13,41,0.5416666666666666,0.3636363636363636,0.3893135580371719,0.9090909090909092,0.2307692307692307,0.5,0.9090909090909092,0.6451612903225806,0.277402251958847,3,10,1,10,13,40142
4,2,lr_1em04_sched_step_img_224_ft_fc_only_loss_focal_01d1647617,0.0001,step,224,fc_only,focal,resnet18,imagenet,70,29,41,124,24,11,13,42,0.7083333333333334,0.5874125874125875,0.5625624301426441,1.0,0.4615384615384615,0.6111111111111112,1.0,0.7586206896551724,0.2013251185417175,6,7,0,11,16,40242
4,3,lr_1em04_sched_step_img_224_ft_fc_only_loss_focal_01d1647617,0.0001,step,224,fc_only,focal,resnet18,imagenet,71,33,38,126,23,7,16,40,0.8260869565217391,0.7946428571428572,0.6353174603174603,0.8571428571428571,0.8125,0.6666666666666666,0.8571428571428571,0.75,0.4128277897834778,13,3,1,6,10,40342
4,4,lr_1em04_sched_step_img_224_ft_fc_only_loss_focal_01d1647617,0.0001,step,224,fc_only,focal,resnet18,imagenet,71,29,42,123,23,11,12,43,0.7391304347826086,0.6287878787878788,0.7463642637555682,0.6363636363636364,0.8333333333333334,0.7777777777777778,0.6363636363636364,0.7,0.2892106175422668,10,2,4,7,13,40442
4,1,lr_1em04_sched_step_img_224_ft_layer4_fc_loss_weighted_cross_entropy_d015fb22bf,0.0001,step,224,layer4_fc,weighted_cross_entropy,resnet18,imagenet,70,29,41,125,24,11,13,41,0.8333333333333334,0.8671328671328671,0.8160829069919979,1.0,0.6923076923076923,0.7333333333333333,1.0,0.8461538461538461,0.1217011362314224,9,4,0,11,9,40142
4,2,lr_1em04_sched_step_img_224_ft_layer4_fc_loss_weighted_cross_entropy_d015fb22bf,0.0001,step,224,layer4_fc,weighted_cross_entropy,resnet18,imagenet,70,29,41,124,24,11,13,42,0.875,0.8601398601398601,0.8946470196470196,0.7272727272727273,1.0,1.0,0.7272727272727273,0.8421052631578947,0.3819441497325897,13,0,3,8,27,40242
4,3,lr_1em04_sched_step_img_224_ft_layer4_fc_loss_weighted_cross_entropy_d015fb22bf,0.0001,step,224,layer4_fc,weighted_cross_entropy,resnet18,imagenet,71,33,38,126,23,7,16,40,0.9130434782608696,0.875,0.8655567490153955,0.8571428571428571,0.9375,0.8571428571428571,0.8571428571428571,0.8571428571428571,0.4030658900737762,15,1,1,6,6,40342
4,4,lr_1em04_sched_step_img_224_ft_layer4_fc_loss_weighted_cross_entropy_d015fb22bf,0.0001,step,224,layer4_fc,weighted_cross_entropy,resnet18,imagenet,71,29,42,123,23,11,12,43,0.8260869565217391,0.9015151515151516,0.9117105117105118,1.0,0.6666666666666666,0.7333333333333333,1.0,0.8461538461538461,0.1259833425283432,8,4,0,11,11,40442
4,1,lr_1em04_sched_step_img_224_ft_layer4_fc_loss_focal_80411213cb,0.0001,step,224,layer4_fc,focal,resnet18,imagenet,70,29,41,125,24,11,13,41,0.7916666666666666,0.8111888111888111,0.7660543860867531,0.8181818181818182,0.7692307692307693,0.75,0.8181818181818182,0.782608695652174,0.2662425339221954,10,3,2,9,12,40142
4,2,lr_1em04_sched_step_img_224_ft_layer4_fc_loss_focal_80411213cb,0.0001,step,224,layer4_fc,focal,resnet18,imagenet,70,29,41,124,24,11,13,42,0.8333333333333334,0.8461538461538461,0.8654401154401155,0.7272727272727273,0.9230769230769232,0.8888888888888888,0.7272727272727273,0.8,0.3905958235263824,12,1,3,8,11,40242
4,3,lr_1em04_sched_step_img_224_ft_layer4_fc_loss_focal_80411213cb,0.0001,step,224,layer4_fc,focal,resnet18,imagenet,71,33,38,126,23,7,16,40,0.8260869565217391,0.9107142857142856,0.8072356215213357,1.0,0.75,0.6363636363636364,1.0,0.7777777777777778,0.2724109292030334,12,4,0,7,7,40342
4,4,lr_1em04_sched_step_img_224_ft_layer4_fc_loss_focal_80411213cb,0.0001,step,224,layer4_fc,focal,resnet18,imagenet,71,29,42,123,23,11,12,43,0.8695652173913043,0.9090909090909092,0.9147693512666776,0.9090909090909092,0.8333333333333334,0.8333333333333334,0.9090909090909092,0.8695652173913043,0.2428363561630249,10,2,1,10,13,40442
4,1,lr_1em04_sched_step_img_224_ft_layer3_layer4_fc_loss_weighted_cross_entropy_ef5e104c47,0.0001,step,224,layer3_layer4_fc,weighted_cross_entropy,resnet18,imagenet,70,29,41,125,24,11,13,41,0.7916666666666666,0.8181818181818181,0.7576691282573635,0.7272727272727273,0.8461538461538461,0.8,0.7272727272727273,0.7619047619047619,0.3324252068996429,11,2,3,8,28,40142
4,2,lr_1em04_sched_step_img_224_ft_layer3_layer4_fc_loss_weighted_cross_entropy_ef5e104c47,0.0001,step,224,layer3_layer4_fc,weighted_cross_entropy,resnet18,imagenet,70,29,41,124,24,11,13,42,0.875,0.916083916083916,0.8944739603830513,0.9090909090909092,0.8461538461538461,0.8333333333333334,0.9090909090909092,0.8695652173913043,0.2120741009712219,11,2,1,10,22,40242
4,3,lr_1em04_sched_step_img_224_ft_layer3_layer4_fc_loss_weighted_cross_entropy_ef5e104c47,0.0001,step,224,layer3_layer4_fc,weighted_cross_entropy,resnet18,imagenet,71,33,38,126,23,7,16,40,0.9565217391304348,0.9375,0.9285714285714284,0.8571428571428571,1.0,1.0,0.8571428571428571,0.9230769230769232,0.6206328868865967,16,0,1,6,8,40342
4,4,lr_1em04_sched_step_img_224_ft_layer3_layer4_fc_loss_weighted_cross_entropy_ef5e104c47,0.0001,step,224,layer3_layer4_fc,weighted_cross_entropy,resnet18,imagenet,71,29,42,123,23,11,12,43,0.8695652173913043,0.9166666666666664,0.9184458218549127,0.9090909090909092,0.8333333333333334,0.8333333333333334,0.9090909090909092,0.8695652173913043,0.3520777523517608,10,2,1,10,10,40442
4,1,lr_1em04_sched_step_img_224_ft_layer3_layer4_fc_loss_focal_3046730bb6,0.0001,step,224,layer3_layer4_fc,focal,resnet18,imagenet,70,29,41,125,24,11,13,41,0.7083333333333334,0.6573426573426574,0.7008083039180459,0.7272727272727273,0.6923076923076923,0.6666666666666666,0.7272727272727273,0.6956521739130435,0.2510126531124115,9,4,3,8,2,40142
4,2,lr_1em04_sched_step_img_224_ft_layer3_layer4_fc_loss_focal_3046730bb6,0.0001,step,224,layer3_layer4_fc,focal,resnet18,imagenet,70,29,41,124,24,11,13,42,0.8333333333333334,0.7902097902097902,0.8512025627115141,0.6363636363636364,1.0,1.0,0.6363636363636364,0.7777777777777778,0.4181838929653168,13,0,4,7,9,40242
4,3,lr_1em04_sched_step_img_224_ft_layer3_layer4_fc_loss_focal_3046730bb6,0.0001,step,224,layer3_layer4_fc,focal,resnet18,imagenet,71,33,38,126,23,7,16,40,0.8695652173913043,0.8392857142857143,0.7833333333333332,0.8571428571428571,0.875,0.75,0.8571428571428571,0.8,0.6020634770393372,14,2,1,6,3,40342
4,4,lr_1em04_sched_step_img_224_ft_layer3_layer4_fc_loss_focal_3046730bb6,0.0001,step,224,layer3_layer4_fc,focal,resnet18,imagenet,71,29,42,123,23,11,12,43,0.8695652173913043,0.8939393939393939,0.8908008658008659,0.9090909090909092,0.8333333333333334,0.8333333333333334,0.9090909090909092,0.8695652173913043,0.2027782201766967,10,2,1,10,4,40442
4,1,lr_1em04_sched_step_img_224_ft_full_loss_weighted_cross_entropy_c5368ba9f8,0.0001,step,224,full,weighted_cross_entropy,resnet18,imagenet,70,29,41,125,24,11,13,41,0.7916666666666666,0.7412587412587414,0.8213708228530363,0.6363636363636364,0.9230769230769232,0.875,0.6363636363636364,0.7368421052631579,0.5716385245323181,12,1,4,7,4,40142
4,2,lr_1em04_sched_step_img_224_ft_full_loss_weighted_cross_entropy_c5368ba9f8,0.0001,step,224,full,weighted_cross_entropy,resnet18,imagenet,70,29,41,124,24,11,13,42,0.875,0.9090909090909092,0.9210824825798088,0.7272727272727273,1.0,1.0,0.7272727272727273,0.8421052631578947,0.350403755903244,13,0,3,8,18,40242
4,3,lr_1em04_sched_step_img_224_ft_full_loss_weighted_cross_entropy_c5368ba9f8,0.0001,step,224,full,weighted_cross_entropy,resnet18,imagenet,71,33,38,126,23,7,16,40,0.8260869565217391,0.8571428571428571,0.838345864661654,0.8571428571428571,0.8125,0.6666666666666666,0.8571428571428571,0.75,0.4832958281040191,13,3,1,6,5,40342
4,4,lr_1em04_sched_step_img_224_ft_full_loss_weighted_cross_entropy_c5368ba9f8,0.0001,step,224,full,weighted_cross_entropy,resnet18,imagenet,71,29,42,123,23,11,12,43,0.8695652173913043,0.946969696969697,0.9461760461760462,1.0,0.75,0.7857142857142857,1.0,0.88,0.1508672833442688,9,3,0,11,10,40442
4,1,lr_1em04_sched_step_img_224_ft_full_loss_focal_17f3442150,0.0001,step,224,full,focal,resnet18,imagenet,70,29,41,125,24,11,13,41,0.8333333333333334,0.8531468531468531,0.8760224623860988,0.6363636363636364,1.0,1.0,0.6363636363636364,0.7777777777777778,0.4304803907871246,13,0,4,7,18,40142
4,2,lr_1em04_sched_step_img_224_ft_full_loss_focal_17f3442150,0.0001,step,224,full,focal,resnet18,imagenet,70,29,41,124,24,11,13,42,0.875,0.8741258741258742,0.9074032247945292,0.8181818181818182,0.9230769230769232,0.9,0.8181818181818182,0.8571428571428571,0.5061181783676147,12,1,2,9,18,40242
4,3,lr_1em04_sched_step_img_224_ft_full_loss_focal_17f3442150,0.0001,step,224,full,focal,resnet18,imagenet,71,33,38,126,23,7,16,40,0.8695652173913043,0.8571428571428571,0.8216791979949873,0.8571428571428571,0.875,0.75,0.8571428571428571,0.8,0.5115645527839661,14,2,1,6,11,40342
4,4,lr_1em04_sched_step_img_224_ft_full_loss_focal_17f3442150,0.0001,step,224,full,focal,resnet18,imagenet,71,29,42,123,23,11,12,43,0.9130434782608696,0.9393939393939394,0.9328688987779898,1.0,0.8333333333333334,0.8461538461538461,1.0,0.9166666666666666,0.3648617565631866,10,2,0,11,29,40442
4,1,lr_1em04_sched_step_img_320_ft_fc_only_loss_weighted_cross_entropy_498b9f67ff,0.0001,step,320,fc_only,weighted_cross_entropy,resnet18,imagenet,70,29,41,125,24,11,13,41,0.625,0.5734265734265735,0.5331130127182758,0.8181818181818182,0.4615384615384615,0.5625,0.8181818181818182,0.6666666666666666,0.236788660287857,6,7,2,9,10,40142
4,2,lr_1em04_sched_step_img_320_ft_fc_only_loss_weighted_cross_entropy_498b9f67ff,0.0001,step,320,fc_only,weighted_cross_entropy,resnet18,imagenet,70,29,41,124,24,11,13,42,0.6666666666666666,0.6433566433566433,0.575146837391083,0.9090909090909092,0.4615384615384615,0.5882352941176471,0.9090909090909092,0.7142857142857143,0.2380613088607788,6,7,1,10,19,40242
4,3,lr_1em04_sched_step_img_320_ft_fc_only_loss_weighted_cross_entropy_498b9f67ff,0.0001,step,320,fc_only,weighted_cross_entropy,resnet18,imagenet,71,33,38,126,23,7,16,40,0.8260869565217391,0.8660714285714286,0.7839285714285713,0.8571428571428571,0.8125,0.6666666666666666,0.8571428571428571,0.75,0.4276995360851288,13,3,1,6,4,40342
4,4,lr_1em04_sched_step_img_320_ft_fc_only_loss_weighted_cross_entropy_498b9f67ff,0.0001,step,320,fc_only,weighted_cross_entropy,resnet18,imagenet,71,29,42,123,23,11,12,43,0.6086956521739131,0.5681818181818182,0.619845513963161,0.5454545454545454,0.6666666666666666,0.6,0.5454545454545454,0.5714285714285714,0.2503945827484131,8,4,5,6,4,40442
4,1,lr_1em04_sched_step_img_320_ft_fc_only_loss_focal_4ea8bce2fb,0.0001,step,320,fc_only,focal,resnet18,imagenet,70,29,41,125,24,11,13,41,0.625,0.5804195804195804,0.5812785253961724,0.7272727272727273,0.5384615384615384,0.5714285714285714,0.7272727272727273,0.64,0.2270644605159759,7,6,3,8,11,40142
4,2,lr_1em04_sched_step_img_320_ft_fc_only_loss_focal_4ea8bce2fb,0.0001,step,320,fc_only,focal,resnet18,imagenet,70,29,41,124,24,11,13,42,0.6666666666666666,0.6153846153846154,0.5479865051505368,0.4545454545454545,0.8461538461538461,0.7142857142857143,0.4545454545454545,0.5555555555555556,0.4320757091045379,11,2,6,5,22,40242
4,3,lr_1em04_sched_step_img_320_ft_fc_only_loss_focal_4ea8bce2fb,0.0001,step,320,fc_only,focal,resnet18,imagenet,71,33,38,126,23,7,16,40,0.8260869565217391,0.875,0.788095238095238,0.8571428571428571,0.8125,0.6666666666666666,0.8571428571428571,0.75,0.4743812978267669,13,3,1,6,4,40342
4,4,lr_1em04_sched_step_img_320_ft_fc_only_loss_focal_4ea8bce2fb,0.0001,step,320,fc_only,focal,resnet18,imagenet,71,29,42,123,23,11,12,43,0.6086956521739131,0.5757575757575758,0.6220100161276632,0.5454545454545454,0.6666666666666666,0.6,0.5454545454545454,0.5714285714285714,0.266776978969574,8,4,5,6,4,40442
4,1,lr_1em04_sched_step_img_320_ft_layer4_fc_loss_weighted_cross_entropy_75ba4e1d96,0.0001,step,320,layer4_fc,weighted_cross_entropy,resnet18,imagenet,70,29,41,125,24,11,13,41,0.7916666666666666,0.7552447552447552,0.8053095894004985,0.8181818181818182,0.7692307692307693,0.75,0.8181818181818182,0.782608695652174,0.1971778124570846,10,3,2,9,22,40142
4,2,lr_1em04_sched_step_img_320_ft_layer4_fc_loss_weighted_cross_entropy_75ba4e1d96,0.0001,step,320,layer4_fc,weighted_cross_entropy,resnet18,imagenet,70,29,41,124,24,11,13,42,0.8333333333333334,0.902097902097902,0.901424963924964,0.7272727272727273,0.9230769230769232,0.8888888888888888,0.7272727272727273,0.8,0.3731214106082916,12,1,3,8,16,40242
4,3,lr_1em04_sched_step_img_320_ft_layer4_fc_loss_weighted_cross_entropy_75ba4e1d96,0.0001,step,320,layer4_fc,weighted_cross_entropy,resnet18,imagenet,71,33,38,126,23,7,16,40,0.9130434782608696,0.875,0.8074629851940776,0.8571428571428571,0.9375,0.8571428571428571,0.8571428571428571,0.8571428571428571,0.4709650874137878,15,1,1,6,4,40342
4,4,lr_1em04_sched_step_img_320_ft_layer4_fc_loss_weighted_cross_entropy_75ba4e1d96,0.0001,step,320,layer4_fc,weighted_cross_entropy,resnet18,imagenet,71,29,42,123,23,11,12,43,0.9130434782608696,0.924242424242424,0.950826446280992,0.9090909090909092,0.9166666666666666,0.9090909090909092,0.9090909090909092,0.9090909090909092,0.1766692250967025,11,1,1,10,19,40442
4,1,lr_1em04_sched_step_img_320_ft_layer4_fc_loss_focal_130b3233c3,0.0001,step,320,layer4_fc,focal,resnet18,imagenet,70,29,41,125,24,11,13,41,0.875,0.8181818181818182,0.8635720559633603,0.8181818181818182,0.9230769230769232,0.9,0.8181818181818182,0.8571428571428571,0.3832106590270996,12,1,2,9,16,40142
4,2,lr_1em04_sched_step_img_320_ft_layer4_fc_loss_focal_130b3233c3,0.0001,step,320,layer4_fc,focal,resnet18,imagenet,70,29,41,124,24,11,13,42,0.8333333333333334,0.8461538461538461,0.8824015556635878,0.8181818181818182,0.8461538461538461,0.8181818181818182,0.8181818181818182,0.8181818181818182,0.5762942433357239,11,2,2,9,6,40242
4,3,lr_1em04_sched_step_img_320_ft_layer4_fc_loss_focal_130b3233c3,0.0001,step,320,layer4_fc,focal,resnet18,imagenet,71,33,38,126,23,7,16,40,0.9130434782608696,0.8392857142857142,0.7510204081632652,0.8571428571428571,0.9375,0.8571428571428571,0.8571428571428571,0.8571428571428571,0.5412520170211792,15,1,1,6,3,40342
4,4,lr_1em04_sched_step_img_320_ft_layer4_fc_loss_focal_130b3233c3,0.0001,step,320,layer4_fc,focal,resnet18,imagenet,71,29,42,123,23,11,12,43,0.8695652173913043,0.9166666666666669,0.926132987630314,0.9090909090909092,0.8333333333333334,0.8333333333333334,0.9090909090909092,0.8695652173913043,0.1940601468086242,10,2,1,10,15,40442
4,1,lr_1em04_sched_step_img_320_ft_layer3_layer4_fc_loss_weighted_cross_entropy_1af0675037,0.0001,step,320,layer3_layer4_fc,weighted_cross_entropy,resnet18,imagenet,70,29,41,125,24,11,13,41,0.875,0.8671328671328672,0.88502886002886,0.8181818181818182,0.9230769230769232,0.9,0.8181818181818182,0.8571428571428571,0.6711211800575256,12,1,2,9,7,40142
4,2,lr_1em04_sched_step_img_320_ft_layer3_layer4_fc_loss_weighted_cross_entropy_1af0675037,0.0001,step,320,layer3_layer4_fc,weighted_cross_entropy,resnet18,imagenet,70,29,41,124,24,11,13,42,0.9166666666666666,0.958041958041958,0.9543335452426362,1.0,0.8461538461538461,0.8461538461538461,1.0,0.9166666666666666,0.1153166890144348,11,2,0,11,25,40242
4,3,lr_1em04_sched_step_img_320_ft_layer3_layer4_fc_loss_weighted_cross_entropy_1af0675037,0.0001,step,320,layer3_layer4_fc,weighted_cross_entropy,resnet18,imagenet,71,33,38,126,23,7,16,40,0.8695652173913043,0.8660714285714286,0.7921568627450979,0.8571428571428571,0.875,0.75,0.8571428571428571,0.8,0.7926604151725769,14,2,1,6,7,40342
4,4,lr_1em04_sched_step_img_320_ft_layer3_layer4_fc_loss_weighted_cross_entropy_1af0675037,0.0001,step,320,layer3_layer4_fc,weighted_cross_entropy,resnet18,imagenet,71,29,42,123,23,11,12,43,0.8260869565217391,0.8787878787878789,0.8561854811854812,1.0,0.6666666666666666,0.7333333333333333,1.0,0.8461538461538461,0.1828234642744064,8,4,0,11,2,40442
4,1,lr_1em04_sched_step_img_320_ft_layer3_layer4_fc_loss_focal_41d524f6ac,0.0001,step,320,layer3_layer4_fc,focal,resnet18,imagenet,70,29,41,125,24,11,13,41,0.8333333333333334,0.8321678321678322,0.86316082906992,0.8181818181818182,0.8461538461538461,0.8181818181818182,0.8181818181818182,0.8181818181818182,0.5179702639579773,11,2,2,9,10,40142
4,2,lr_1em04_sched_step_img_320_ft_layer3_layer4_fc_loss_focal_41d524f6ac,0.0001,step,320,layer3_layer4_fc,focal,resnet18,imagenet,70,29,41,124,24,11,13,42,0.875,0.93006993006993,0.9332546241637152,0.7272727272727273,1.0,1.0,0.7272727272727273,0.8421052631578947,0.6865614056587219,13,0,3,8,12,40242
4,3,lr_1em04_sched_step_img_320_ft_layer3_layer4_fc_loss_focal_41d524f6ac,0.0001,step,320,layer3_layer4_fc,focal,resnet18,imagenet,71,33,38,126,23,7,16,40,0.9130434782608696,0.8392857142857142,0.7510204081632652,0.8571428571428571,0.9375,0.8571428571428571,0.8571428571428571,0.8571428571428571,0.4336672127246856,15,1,1,6,2,40342
4,4,lr_1em04_sched_step_img_320_ft_layer3_layer4_fc_loss_focal_41d524f6ac,0.0001,step,320,layer3_layer4_fc,focal,resnet18,imagenet,71,29,42,123,23,11,12,43,0.8695652173913043,0.8484848484848484,0.851147842056933,0.9090909090909092,0.8333333333333334,0.8333333333333334,0.9090909090909092,0.8695652173913043,0.3507534265518188,10,2,1,10,15,40442
4,1,lr_1em04_sched_step_img_320_ft_full_loss_weighted_cross_entropy_9d8dca3eb2,0.0001,step,320,full,weighted_cross_entropy,resnet18,imagenet,70,29,41,125,24,11,13,41,0.7916666666666666,0.8111888111888111,0.8332365003417637,0.8181818181818182,0.7692307692307693,0.75,0.8181818181818182,0.782608695652174,0.4887865483760834,10,3,2,9,6,40142
4,2,lr_1em04_sched_step_img_320_ft_full_loss_weighted_cross_entropy_9d8dca3eb2,0.0001,step,320,full,weighted_cross_entropy,resnet18,imagenet,70,29,41,124,24,11,13,42,0.9166666666666666,0.902097902097902,0.9272133095662508,0.8181818181818182,1.0,1.0,0.8181818181818182,0.9,0.4000008404254913,13,0,2,9,15,40242
4,3,lr_1em04_sched_step_img_320_ft_full_loss_weighted_cross_entropy_9d8dca3eb2,0.0001,step,320,full,weighted_cross_entropy,resnet18,imagenet,71,33,38,126,23,7,16,40,0.8695652173913043,0.8125,0.6373949579831932,0.7142857142857143,0.9375,0.8333333333333334,0.7142857142857143,0.7692307692307693,0.2340827584266662,15,1,2,5,4,40342
4,4,lr_1em04_sched_step_img_320_ft_full_loss_weighted_cross_entropy_9d8dca3eb2,0.0001,step,320,full,weighted_cross_entropy,resnet18,imagenet,71,29,42,123,23,11,12,43,0.9130434782608696,0.856060606060606,0.8466778171323626,0.9090909090909092,0.9166666666666666,0.9090909090909092,0.9090909090909092,0.9090909090909092,0.309525191783905,11,1,1,10,2,40442
4,1,lr_1em04_sched_step_img_320_ft_full_loss_focal_e52545cdfc,0.0001,step,320,full,focal,resnet18,imagenet,70,29,41,125,24,11,13,41,0.8333333333333334,0.8321678321678322,0.7893003757977021,0.8181818181818182,0.8461538461538461,0.8181818181818182,0.8181818181818182,0.8181818181818182,0.2570731341838836,11,2,2,9,6,40142
4,2,lr_1em04_sched_step_img_320_ft_full_loss_focal_e52545cdfc,0.0001,step,320,full,focal,resnet18,imagenet,70,29,41,124,24,11,13,42,0.875,0.93006993006993,0.9332546241637152,0.7272727272727273,1.0,1.0,0.7272727272727273,0.8421052631578947,0.5061882138252258,13,0,3,8,18,40242
4,3,lr_1em04_sched_step_img_320_ft_full_loss_focal_e52545cdfc,0.0001,step,320,full,focal,resnet18,imagenet,71,33,38,126,23,7,16,40,0.8695652173913043,0.8035714285714286,0.7852813852813851,0.7142857142857143,0.9375,0.8333333333333334,0.7142857142857143,0.7692307692307693,0.7475613355636597,15,1,2,5,4,40342
4,4,lr_1em04_sched_step_img_320_ft_full_loss_focal_e52545cdfc,0.0001,step,320,full,focal,resnet18,imagenet,71,29,42,123,23,11,12,43,0.8695652173913043,0.946969696969697,0.9461760461760462,1.0,0.75,0.7857142857142857,1.0,0.88,0.2490790039300918,9,3,0,11,13,40442
4,1,lr_1em04_sched_cosine_img_224_ft_fc_only_loss_weighted_cross_entropy_444ada7645,0.0001,cosine,224,fc_only,weighted_cross_entropy,resnet18,imagenet,70,29,41,125,24,11,13,41,0.5,0.3566433566433566,0.3913591300972142,0.7272727272727273,0.3076923076923077,0.4705882352941176,0.7272727272727273,0.5714285714285714,0.1918182224035263,4,9,3,8,11,40142
4,2,lr_1em04_sched_cosine_img_224_ft_fc_only_loss_weighted_cross_entropy_444ada7645,0.0001,cosine,224,fc_only,weighted_cross_entropy,resnet18,imagenet,70,29,41,124,24,11,13,42,0.6666666666666666,0.5804195804195804,0.5601307716738338,1.0,0.3846153846153846,0.5789473684210527,1.0,0.7333333333333333,0.1736028343439102,5,8,0,11,16,40242
4,3,lr_1em04_sched_cosine_img_224_ft_fc_only_loss_weighted_cross_entropy_444ada7645,0.0001,cosine,224,fc_only,weighted_cross_entropy,resnet18,imagenet,71,33,38,126,23,7,16,40,0.782608695652174,0.7946428571428572,0.6385487528344671,0.8571428571428571,0.75,0.6,0.8571428571428571,0.7058823529411765,0.3753235638141632,12,4,1,6,10,40342
4,4,lr_1em04_sched_cosine_img_224_ft_fc_only_loss_weighted_cross_entropy_444ada7645,0.0001,cosine,224,fc_only,weighted_cross_entropy,resnet18,imagenet,71,29,42,123,23,11,12,43,0.6956521739130435,0.6439393939393939,0.7420433321619093,0.6363636363636364,0.75,0.7,0.6363636363636364,0.6666666666666666,0.3340707719326019,9,3,4,7,20,40442
4,1,lr_1em04_sched_cosine_img_224_ft_fc_only_loss_focal_410b517dba,0.0001,cosine,224,fc_only,focal,resnet18,imagenet,70,29,41,125,24,11,13,41,0.5,0.3426573426573426,0.3813770501006639,0.9090909090909092,0.1538461538461538,0.4761904761904761,0.9090909090909092,0.625,0.2499738037586212,2,11,1,10,13,40142
4,2,lr_1em04_sched_cosine_img_224_ft_fc_only_loss_focal_410b517dba,0.0001,cosine,224,fc_only,focal,resnet18,imagenet,70,29,41,124,24,11,13,42,0.7083333333333334,0.5874125874125875,0.5625624301426441,1.0,0.4615384615384615,0.6111111111111112,1.0,0.7586206896551724,0.2968403398990631,6,7,0,11,19,40242
4,3,lr_1em04_sched_cosine_img_224_ft_fc_only_loss_focal_410b517dba,0.0001,cosine,224,fc_only,focal,resnet18,imagenet,71,33,38,126,23,7,16,40,0.7391304347826086,0.7767857142857142,0.6180014430014429,0.8571428571428571,0.6875,0.5454545454545454,0.8571428571428571,0.6666666666666666,0.3334024250507355,11,5,1,6,10,40342
4,4,lr_1em04_sched_cosine_img_224_ft_fc_only_loss_focal_410b517dba,0.0001,cosine,224,fc_only,focal,resnet18,imagenet,71,29,42,123,23,11,12,43,0.6956521739130435,0.5984848484848484,0.7211468489659608,0.5454545454545454,0.8333333333333334,0.75,0.5454545454545454,0.631578947368421,0.4303867816925049,10,2,5,6,19,40442
4,1,lr_1em04_sched_cosine_img_224_ft_layer4_fc_loss_weighted_cross_entropy_68e86ebf06,0.0001,cosine,224,layer4_fc,weighted_cross_entropy,resnet18,imagenet,70,29,41,125,24,11,13,41,0.7916666666666666,0.7692307692307692,0.8140182186234819,0.5454545454545454,1.0,1.0,0.5454545454545454,0.7058823529411765,0.3477047085762024,13,0,5,6,25,40142
4,2,lr_1em04_sched_cosine_img_224_ft_layer4_fc_loss_weighted_cross_entropy_68e86ebf06,0.0001,cosine,224,layer4_fc,weighted_cross_entropy,resnet18,imagenet,70,29,41,124,24,11,13,42,0.8333333333333334,0.7832167832167833,0.8452615738757884,0.7272727272727273,0.9230769230769232,0.8888888888888888,0.7272727272727273,0.8,0.3790479004383087,12,1,3,8,8,40242
4,3,lr_1em04_sched_cosine_img_224_ft_layer4_fc_loss_weighted_cross_entropy_68e86ebf06,0.0001,cosine,224,layer4_fc,weighted_cross_entropy,resnet18,imagenet,71,33,38,126,23,7,16,40,0.9130434782608696,0.8928571428571428,0.8153061224489795,0.8571428571428571,0.9375,0.8571428571428571,0.8571428571428571,0.8571428571428571,0.498902678489685,15,1,1,6,8,40342
4,4,lr_1em04_sched_cosine_img_224_ft_layer4_fc_loss_weighted_cross_entropy_68e86ebf06,0.0001,cosine,224,layer4_fc,weighted_cross_entropy,resnet18,imagenet,71,29,42,123,23,11,12,43,0.8695652173913043,0.9242424242424242,0.9066738816738816,1.0,0.75,0.7857142857142857,1.0,0.88,0.1320340186357498,9,3,0,11,12,40442
4,1,lr_1em04_sched_cosine_img_224_ft_layer4_fc_loss_focal_8eca8245ec,0.0001,cosine,224,layer4_fc,focal,resnet18,imagenet,70,29,41,125,24,11,13,41,0.75,0.6783216783216784,0.7643939393939394,0.5454545454545454,0.9230769230769232,0.8571428571428571,0.5454545454545454,0.6666666666666666,0.3883895874023437,12,1,5,6,26,40142
4,2,lr_1em04_sched_cosine_img_224_ft_layer4_fc_loss_focal_8eca8245ec,0.0001,cosine,224,layer4_fc,focal,resnet18,imagenet,70,29,41,124,24,11,13,42,0.75,0.8181818181818181,0.793265350217222,1.0,0.5384615384615384,0.6470588235294118,1.0,0.7857142857142857,0.1965396553277969,7,6,0,11,16,40242
4,3,lr_1em04_sched_cosine_img_224_ft_layer4_fc_loss_focal_8eca8245ec,0.0001,cosine,224,layer4_fc,focal,resnet18,imagenet,71,33,38,126,23,7,16,40,0.8695652173913043,0.8660714285714286,0.6697802197802197,0.7142857142857143,0.9375,0.8333333333333334,0.7142857142857143,0.7692307692307693,0.7216300964355469,15,1,2,5,2,40342
4,4,lr_1em04_sched_cosine_img_224_ft_layer4_fc_loss_focal_8eca8245ec,0.0001,cosine,224,layer4_fc,focal,resnet18,imagenet,71,29,42,123,23,11,12,43,0.9130434782608696,0.9166666666666666,0.9046323625869082,0.9090909090909092,0.9166666666666666,0.9090909090909092,0.9090909090909092,0.9090909090909092,0.2303285747766494,11,1,1,10,5,40442
4,1,lr_1em04_sched_cosine_img_224_ft_layer3_layer4_fc_loss_weighted_cross_entropy_691980fc50,0.0001,cosine,224,layer3_layer4_fc,weighted_cross_entropy,resnet18,imagenet,70,29,41,125,24,11,13,41,0.8333333333333334,0.8391608391608392,0.7766546881520144,0.9090909090909092,0.7692307692307693,0.7692307692307693,0.9090909090909092,0.8333333333333334,0.1197002753615379,10,3,1,10,11,40142
4,2,lr_1em04_sched_cosine_img_224_ft_layer3_layer4_fc_loss_weighted_cross_entropy_691980fc50,0.0001,cosine,224,layer3_layer4_fc,weighted_cross_entropy,resnet18,imagenet,70,29,41,124,24,11,13,42,0.875,0.8601398601398601,0.8965495289024701,0.7272727272727273,1.0,1.0,0.7272727272727273,0.8421052631578947,0.3325200378894806,13,0,3,8,18,40242
4,3,lr_1em04_sched_cosine_img_224_ft_layer3_layer4_fc_loss_weighted_cross_entropy_691980fc50,0.0001,cosine,224,layer3_layer4_fc,weighted_cross_entropy,resnet18,imagenet,71,33,38,126,23,7,16,40,0.8695652173913043,0.7946428571428571,0.7041125541125541,0.7142857142857143,0.9375,0.8333333333333334,0.7142857142857143,0.7692307692307693,0.409176766872406,15,1,2,5,3,40342
4,4,lr_1em04_sched_cosine_img_224_ft_layer3_layer4_fc_loss_weighted_cross_entropy_691980fc50,0.0001,cosine,224,layer3_layer4_fc,weighted_cross_entropy,resnet18,imagenet,71,29,42,123,23,11,12,43,0.9130434782608696,0.946969696969697,0.9596499756927566,0.9090909090909092,0.9166666666666666,0.9090909090909092,0.9090909090909092,0.9090909090909092,0.2119182795286178,11,1,1,10,15,40442
4,1,lr_1em04_sched_cosine_img_224_ft_layer3_layer4_fc_loss_focal_26653f65da,0.0001,cosine,224,layer3_layer4_fc,focal,resnet18,imagenet,70,29,41,125,24,11,13,41,0.75,0.7902097902097902,0.7937438749604525,0.7272727272727273,0.7692307692307693,0.7272727272727273,0.7272727272727273,0.7272727272727273,0.2725353240966797,10,3,3,8,10,40142
4,2,lr_1em04_sched_cosine_img_224_ft_layer3_layer4_fc_loss_focal_26653f65da,0.0001,cosine,224,layer3_layer4_fc,focal,resnet18,imagenet,70,29,41,124,24,11,13,42,0.875,0.8531468531468532,0.8857503607503607,0.8181818181818182,0.9230769230769232,0.9,0.8181818181818182,0.8571428571428571,0.3166981339454651,12,1,2,9,11,40242
4,3,lr_1em04_sched_cosine_img_224_ft_layer3_layer4_fc_loss_focal_26653f65da,0.0001,cosine,224,layer3_layer4_fc,focal,resnet18,imagenet,71,33,38,126,23,7,16,40,0.9130434782608696,0.8571428571428571,0.7565759637188207,0.8571428571428571,0.9375,0.8571428571428571,0.8571428571428571,0.8571428571428571,0.3139086067676544,15,1,1,6,11,40342
4,4,lr_1em04_sched_cosine_img_224_ft_layer3_layer4_fc_loss_focal_26653f65da,0.0001,cosine,224,layer3_layer4_fc,focal,resnet18,imagenet,71,29,42,123,23,11,12,43,0.9130434782608696,0.9318181818181818,0.9534580252283602,0.9090909090909092,0.9166666666666666,0.9090909090909092,0.9090909090909092,0.9090909090909092,0.1820330321788787,11,1,1,10,6,40442
4,1,lr_1em04_sched_cosine_img_224_ft_full_loss_weighted_cross_entropy_76e3fcc61d,0.0001,cosine,224,full,weighted_cross_entropy,resnet18,imagenet,70,29,41,125,24,11,13,41,0.7916666666666666,0.8321678321678322,0.8264512003148367,1.0,0.6153846153846154,0.6875,1.0,0.8148148148148148,0.2002023607492447,8,5,0,11,8,40142
4,2,lr_1em04_sched_cosine_img_224_ft_full_loss_weighted_cross_entropy_76e3fcc61d,0.0001,cosine,224,full,weighted_cross_entropy,resnet18,imagenet,70,29,41,124,24,11,13,42,0.875,0.8111888111888111,0.8713606654783126,0.7272727272727273,1.0,1.0,0.7272727272727273,0.8421052631578947,0.2980013191699981,13,0,3,8,10,40242
4,3,lr_1em04_sched_cosine_img_224_ft_full_loss_weighted_cross_entropy_76e3fcc61d,0.0001,cosine,224,full,weighted_cross_entropy,resnet18,imagenet,71,33,38,126,23,7,16,40,0.8695652173913043,0.8214285714285714,0.7333333333333334,0.8571428571428571,0.875,0.75,0.8571428571428571,0.8,0.2869555354118347,14,2,1,6,4,40342
4,4,lr_1em04_sched_cosine_img_224_ft_full_loss_weighted_cross_entropy_76e3fcc61d,0.0001,cosine,224,full,weighted_cross_entropy,resnet18,imagenet,71,29,42,123,23,11,12,43,0.8695652173913043,0.924242424242424,0.9298094582185492,0.9090909090909092,0.8333333333333334,0.8333333333333334,0.9090909090909092,0.8695652173913043,0.2415990829467773,10,2,1,10,19,40442
4,1,lr_1em04_sched_cosine_img_224_ft_full_loss_focal_13433d0a9c,0.0001,cosine,224,full,focal,resnet18,imagenet,70,29,41,125,24,11,13,41,0.75,0.7132867132867133,0.6802006027871493,0.7272727272727273,0.7692307692307693,0.7272727272727273,0.7272727272727273,0.7272727272727273,0.2519535720348358,10,3,3,8,7,40142
4,2,lr_1em04_sched_cosine_img_224_ft_full_loss_focal_13433d0a9c,0.0001,cosine,224,full,focal,resnet18,imagenet,70,29,41,124,24,11,13,42,0.875,0.881118881118881,0.9034474297632192,0.7272727272727273,1.0,1.0,0.7272727272727273,0.8421052631578947,0.4856404066085815,13,0,3,8,18,40242
4,3,lr_1em04_sched_cosine_img_224_ft_full_loss_focal_13433d0a9c,0.0001,cosine,224,full,focal,resnet18,imagenet,71,33,38,126,23,7,16,40,0.9130434782608696,0.9732142857142856,0.947845804988662,1.0,0.875,0.7777777777777778,1.0,0.875,0.5720160007476807,14,2,0,7,3,40342
4,4,lr_1em04_sched_cosine_img_224_ft_full_loss_focal_13433d0a9c,0.0001,cosine,224,full,focal,resnet18,imagenet,71,29,42,123,23,11,12,43,0.8260869565217391,0.8560606060606061,0.8728521478521478,0.9090909090909092,0.75,0.7692307692307693,0.9090909090909092,0.8333333333333334,0.1299243122339248,9,3,1,10,6,40442
4,1,lr_1em04_sched_cosine_img_320_ft_fc_only_loss_weighted_cross_entropy_ac7cf43cc1,0.0001,cosine,320,fc_only,weighted_cross_entropy,resnet18,imagenet,70,29,41,125,24,11,13,41,0.625,0.5664335664335665,0.5731946084218811,0.8181818181818182,0.4615384615384615,0.5625,0.8181818181818182,0.6666666666666666,0.2400234490633011,6,7,2,9,11,40142
4,2,lr_1em04_sched_cosine_img_320_ft_fc_only_loss_weighted_cross_entropy_ac7cf43cc1,0.0001,cosine,320,fc_only,weighted_cross_entropy,resnet18,imagenet,70,29,41,124,24,11,13,42,0.6666666666666666,0.6573426573426573,0.5729282226724681,0.9090909090909092,0.4615384615384615,0.5882352941176471,0.9090909090909092,0.7142857142857143,0.2081252187490463,6,7,1,10,19,40242
4,3,lr_1em04_sched_cosine_img_320_ft_fc_only_loss_weighted_cross_entropy_ac7cf43cc1,0.0001,cosine,320,fc_only,weighted_cross_entropy,resnet18,imagenet,71,33,38,126,23,7,16,40,0.8260869565217391,0.8660714285714286,0.7839285714285713,0.8571428571428571,0.8125,0.6666666666666666,0.8571428571428571,0.75,0.4868879318237304,13,3,1,6,4,40342
4,4,lr_1em04_sched_cosine_img_320_ft_fc_only_loss_weighted_cross_entropy_ac7cf43cc1,0.0001,cosine,320,fc_only,weighted_cross_entropy,resnet18,imagenet,71,29,42,123,23,11,12,43,0.6086956521739131,0.5378787878787878,0.6050505050505051,0.1818181818181818,1.0,1.0,0.1818181818181818,0.3076923076923077,0.4244063794612884,12,0,9,2,4,40442
4,1,lr_1em04_sched_cosine_img_320_ft_fc_only_loss_focal_a2392d1b17,0.0001,cosine,320,fc_only,focal,resnet18,imagenet,70,29,41,125,24,11,13,41,0.625,0.5944055944055944,0.5372671520398793,0.9090909090909092,0.3846153846153846,0.5555555555555556,0.9090909090909092,0.6896551724137931,0.2968774735927582,5,8,1,10,10,40142
4,2,lr_1em04_sched_cosine_img_320_ft_fc_only_loss_focal_a2392d1b17,0.0001,cosine,320,fc_only,focal,resnet18,imagenet,70,29,41,124,24,11,13,42,0.6666666666666666,0.6223776223776223,0.5509573904743633,0.9090909090909092,0.4615384615384615,0.5882352941176471,0.9090909090909092,0.7142857142857143,0.3478535413742065,6,7,1,10,16,40242
4,3,lr_1em04_sched_cosine_img_320_ft_fc_only_loss_focal_a2392d1b17,0.0001,cosine,320,fc_only,focal,resnet18,imagenet,71,33,38,126,23,7,16,40,0.8695652173913043,0.8571428571428572,0.7744047619047618,0.7142857142857143,0.9375,0.8333333333333334,0.7142857142857143,0.7692307692307693,0.5211058259010315,15,1,2,5,4,40342
4,4,lr_1em04_sched_cosine_img_320_ft_fc_only_loss_focal_a2392d1b17,0.0001,cosine,320,fc_only,focal,resnet18,imagenet,71,29,42,123,23,11,12,43,0.6086956521739131,0.5681818181818181,0.6195640616693248,0.5454545454545454,0.6666666666666666,0.6,0.5454545454545454,0.5714285714285714,0.275520771741867,8,4,5,6,4,40442
4,1,lr_1em04_sched_cosine_img_320_ft_layer4_fc_loss_weighted_cross_entropy_d1e124db05,0.0001,cosine,320,layer4_fc,weighted_cross_entropy,resnet18,imagenet,70,29,41,125,24,11,13,41,0.7916666666666666,0.8461538461538461,0.8337637407156124,0.9090909090909092,0.6923076923076923,0.7142857142857143,0.9090909090909092,0.8,0.300065279006958,9,4,1,10,10,40142
4,2,lr_1em04_sched_cosine_img_320_ft_layer4_fc_loss_weighted_cross_entropy_d1e124db05,0.0001,cosine,320,layer4_fc,weighted_cross_entropy,resnet18,imagenet,70,29,41,124,24,11,13,42,0.875,0.8951048951048951,0.905192906508696,0.8181818181818182,0.9230769230769232,0.9,0.8181818181818182,0.8571428571428571,0.3907388746738434,12,1,2,9,7,40242
4,3,lr_1em04_sched_cosine_img_320_ft_layer4_fc_loss_weighted_cross_entropy_d1e124db05,0.0001,cosine,320,layer4_fc,weighted_cross_entropy,resnet18,imagenet,71,33,38,126,23,7,16,40,0.8695652173913043,0.8482142857142857,0.7561024409763906,0.8571428571428571,0.875,0.75,0.8571428571428571,0.8,0.6940210461616516,14,2,1,6,3,40342
4,4,lr_1em04_sched_cosine_img_320_ft_layer4_fc_loss_weighted_cross_entropy_d1e124db05,0.0001,cosine,320,layer4_fc,weighted_cross_entropy,resnet18,imagenet,71,29,42,123,23,11,12,43,0.782608695652174,0.8636363636363636,0.8815508021390375,0.8181818181818182,0.75,0.75,0.8181818181818182,0.782608695652174,0.2177143096923828,9,3,2,9,8,40442
4,1,lr_1em04_sched_cosine_img_320_ft_layer4_fc_loss_focal_f702c93367,0.0001,cosine,320,layer4_fc,focal,resnet18,imagenet,70,29,41,125,24,11,13,41,0.9166666666666666,0.8321678321678322,0.9029823931009702,0.8181818181818182,1.0,1.0,0.8181818181818182,0.9,0.3850886225700378,13,0,2,9,14,40142
4,2,lr_1em04_sched_cosine_img_320_ft_layer4_fc_loss_focal_f702c93367,0.0001,cosine,320,layer4_fc,focal,resnet18,imagenet,70,29,41,124,24,11,13,42,0.875,0.888111888111888,0.8605505605505606,1.0,0.7692307692307693,0.7857142857142857,1.0,0.88,0.3283542692661285,10,3,0,11,26,40242
4,3,lr_1em04_sched_cosine_img_320_ft_layer4_fc_loss_focal_f702c93367,0.0001,cosine,320,layer4_fc,focal,resnet18,imagenet,71,33,38,126,23,7,16,40,0.9130434782608696,0.8660714285714286,0.7598439375750299,0.8571428571428571,0.9375,0.8571428571428571,0.8571428571428571,0.8571428571428571,0.7271807789802551,15,1,1,6,4,40342
4,4,lr_1em04_sched_cosine_img_320_ft_layer4_fc_loss_focal_f702c93367,0.0001,cosine,320,layer4_fc,focal,resnet18,imagenet,71,29,42,123,23,11,12,43,0.9565217391304348,0.9696969696969696,0.9757575757575758,0.9090909090909092,1.0,1.0,0.9090909090909092,0.9523809523809524,0.4582100808620453,12,0,1,10,18,40442
4,1,lr_1em04_sched_cosine_img_320_ft_layer3_layer4_fc_loss_weighted_cross_entropy_87bb184750,0.0001,cosine,320,layer3_layer4_fc,weighted_cross_entropy,resnet18,imagenet,70,29,41,125,24,11,13,41,0.7916666666666666,0.8041958041958043,0.8266249300938298,0.8181818181818182,0.7692307692307693,0.75,0.8181818181818182,0.782608695652174,0.4610012471675873,10,3,2,9,11,40142
4,2,lr_1em04_sched_cosine_img_320_ft_layer3_layer4_fc_loss_weighted_cross_entropy_87bb184750,0.0001,cosine,320,layer3_layer4_fc,weighted_cross_entropy,resnet18,imagenet,70,29,41,124,24,11,13,42,0.875,0.916083916083916,0.9348484848484848,0.9090909090909092,0.8461538461538461,0.8333333333333334,0.9090909090909092,0.8695652173913043,0.2625819146633148,11,2,1,10,6,40242
4,3,lr_1em04_sched_cosine_img_320_ft_layer3_layer4_fc_loss_weighted_cross_entropy_87bb184750,0.0001,cosine,320,layer3_layer4_fc,weighted_cross_entropy,resnet18,imagenet,71,33,38,126,23,7,16,40,0.8260869565217391,0.875,0.8445378151260503,0.8571428571428571,0.8125,0.6666666666666666,0.8571428571428571,0.75,0.3999406397342682,13,3,1,6,5,40342
4,4,lr_1em04_sched_cosine_img_320_ft_layer3_layer4_fc_loss_weighted_cross_entropy_87bb184750,0.0001,cosine,320,layer3_layer4_fc,weighted_cross_entropy,resnet18,imagenet,71,29,42,123,23,11,12,43,0.8695652173913043,0.8863636363636364,0.8955903878152682,0.9090909090909092,0.8333333333333334,0.8333333333333334,0.9090909090909092,0.8695652173913043,0.1996640563011169,10,2,1,10,15,40442
4,1,lr_1em04_sched_cosine_img_320_ft_layer3_layer4_fc_loss_focal_cc0803cc90,0.0001,cosine,320,layer3_layer4_fc,focal,resnet18,imagenet,70,29,41,125,24,11,13,41,0.7083333333333334,0.7202797202797202,0.7559440559440559,0.9090909090909092,0.5384615384615384,0.625,0.9090909090909092,0.7407407407407407,0.2080205976963043,7,6,1,10,11,40142
4,2,lr_1em04_sched_cosine_img_320_ft_layer3_layer4_fc_loss_focal_cc0803cc90,0.0001,cosine,320,layer3_layer4_fc,focal,resnet18,imagenet,70,29,41,124,24,11,13,42,0.8333333333333334,0.902097902097902,0.9089566998657908,0.9090909090909092,0.7692307692307693,0.7692307692307693,0.9090909090909092,0.8333333333333334,0.2378074377775192,10,3,1,10,18,40242
4,3,lr_1em04_sched_cosine_img_320_ft_layer3_layer4_fc_loss_focal_cc0803cc90,0.0001,cosine,320,layer3_layer4_fc,focal,resnet18,imagenet,71,33,38,126,23,7,16,40,0.8695652173913043,0.9464285714285714,0.9095238095238094,1.0,0.8125,0.7,1.0,0.8235294117647058,0.400801420211792,13,3,0,7,6,40342
4,4,lr_1em04_sched_cosine_img_320_ft_layer3_layer4_fc_loss_focal_cc0803cc90,0.0001,cosine,320,layer3_layer4_fc,focal,resnet18,imagenet,71,29,42,123,23,11,12,43,0.9130434782608696,0.8939393939393939,0.8598891007981917,1.0,0.8333333333333334,0.8461538461538461,1.0,0.9166666666666666,0.078643798828125,10,2,0,11,6,40442
4,1,lr_1em04_sched_cosine_img_320_ft_full_loss_weighted_cross_entropy_c4cc1f1985,0.0001,cosine,320,full,weighted_cross_entropy,resnet18,imagenet,70,29,41,125,24,11,13,41,0.75,0.7902097902097902,0.8184467048103412,0.8181818181818182,0.6923076923076923,0.6923076923076923,0.8181818181818182,0.75,0.4916620850563049,9,4,2,9,7,40142
4,2,lr_1em04_sched_cosine_img_320_ft_full_loss_weighted_cross_entropy_c4cc1f1985,0.0001,cosine,320,full,weighted_cross_entropy,resnet18,imagenet,70,29,41,124,24,11,13,42,0.875,0.8951048951048951,0.911096256684492,0.7272727272727273,1.0,1.0,0.7272727272727273,0.8421052631578947,0.5401387214660645,13,0,3,8,6,40242
4,3,lr_1em04_sched_cosine_img_320_ft_full_loss_weighted_cross_entropy_c4cc1f1985,0.0001,cosine,320,full,weighted_cross_entropy,resnet18,imagenet,71,33,38,126,23,7,16,40,0.8695652173913043,0.8392857142857143,0.8020408163265305,0.8571428571428571,0.875,0.75,0.8571428571428571,0.8,0.8066203594207764,14,2,1,6,2,40342
4,4,lr_1em04_sched_cosine_img_320_ft_full_loss_weighted_cross_entropy_c4cc1f1985,0.0001,cosine,320,full,weighted_cross_entropy,resnet18,imagenet,71,29,42,123,23,11,12,43,0.9130434782608696,0.9393939393939394,0.9287124491669948,0.9090909090909092,0.9166666666666666,0.9090909090909092,0.9090909090909092,0.9090909090909092,0.2415181994438171,11,1,1,10,26,40442
4,1,lr_1em04_sched_cosine_img_320_ft_full_loss_focal_cae5e53d6e,0.0001,cosine,320,full,focal,resnet18,imagenet,70,29,41,125,24,11,13,41,0.8333333333333334,0.8251748251748252,0.8614259477895843,0.6363636363636364,1.0,1.0,0.6363636363636364,0.7777777777777778,0.3730640709400177,13,0,4,7,10,40142
4,2,lr_1em04_sched_cosine_img_320_ft_full_loss_focal_cae5e53d6e,0.0001,cosine,320,full,focal,resnet18,imagenet,70,29,41,124,24,11,13,42,0.875,0.888111888111888,0.9224992398905444,0.8181818181818182,0.9230769230769232,0.9,0.8181818181818182,0.8571428571428571,0.4961936175823211,12,1,2,9,10,40242
4,3,lr_1em04_sched_cosine_img_320_ft_full_loss_focal_cae5e53d6e,0.0001,cosine,320,full,focal,resnet18,imagenet,71,33,38,126,23,7,16,40,0.8695652173913043,0.8660714285714286,0.680952380952381,0.8571428571428571,0.875,0.75,0.8571428571428571,0.8,0.1981405168771743,14,2,1,6,3,40342
4,4,lr_1em04_sched_cosine_img_320_ft_full_loss_focal_cae5e53d6e,0.0001,cosine,320,full,focal,resnet18,imagenet,71,29,42,123,23,11,12,43,0.8260869565217391,0.8939393939393939,0.9008610373583636,0.9090909090909092,0.75,0.7692307692307693,0.9090909090909092,0.8333333333333334,0.2094549983739853,9,3,1,10,11,40442
4,1,lr_1em04_sched_none_img_224_ft_fc_only_loss_weighted_cross_entropy_471dbeb812,0.0001,none,224,fc_only,weighted_cross_entropy,resnet18,imagenet,70,29,41,125,24,11,13,41,0.5,0.4195804195804195,0.4281500359156718,1.0,0.0769230769230769,0.4782608695652174,1.0,0.6470588235294118,0.1335555613040924,1,12,0,11,29,40142
4,2,lr_1em04_sched_none_img_224_ft_fc_only_loss_weighted_cross_entropy_471dbeb812,0.0001,none,224,fc_only,weighted_cross_entropy,resnet18,imagenet,70,29,41,124,24,11,13,42,0.6666666666666666,0.6013986013986015,0.5864933796540889,1.0,0.3846153846153846,0.5789473684210527,1.0,0.7333333333333333,0.1116783246397972,5,8,0,11,21,40242
4,3,lr_1em04_sched_none_img_224_ft_fc_only_loss_weighted_cross_entropy_471dbeb812,0.0001,none,224,fc_only,weighted_cross_entropy,resnet18,imagenet,71,33,38,126,23,7,16,40,0.782608695652174,0.7857142857142857,0.6257936507936508,0.8571428571428571,0.75,0.6,0.8571428571428571,0.7058823529411765,0.3410278558731079,12,4,1,6,10,40342
4,4,lr_1em04_sched_none_img_224_ft_fc_only_loss_weighted_cross_entropy_471dbeb812,0.0001,none,224,fc_only,weighted_cross_entropy,resnet18,imagenet,71,29,42,123,23,11,12,43,0.782608695652174,0.6893939393939394,0.7626587879448292,0.7272727272727273,0.8333333333333334,0.8,0.7272727272727273,0.7619047619047619,0.2272895276546478,10,2,3,8,27,40442
4,1,lr_1em04_sched_none_img_224_ft_fc_only_loss_focal_dbe5706b7b,0.0001,none,224,fc_only,focal,resnet18,imagenet,70,29,41,125,24,11,13,41,0.5416666666666666,0.3986013986013986,0.4063902870122966,0.7272727272727273,0.3846153846153846,0.5,0.7272727272727273,0.5925925925925926,0.3059810996055603,5,8,3,8,26,40142
4,2,lr_1em04_sched_none_img_224_ft_fc_only_loss_focal_dbe5706b7b,0.0001,none,224,fc_only,focal,resnet18,imagenet,70,29,41,124,24,11,13,42,0.7083333333333334,0.5874125874125875,0.5625624301426441,1.0,0.4615384615384615,0.6111111111111112,1.0,0.7586206896551724,0.3440794050693512,6,7,0,11,16,40242
4,3,lr_1em04_sched_none_img_224_ft_fc_only_loss_focal_dbe5706b7b,0.0001,none,224,fc_only,focal,resnet18,imagenet,71,33,38,126,23,7,16,40,0.782608695652174,0.7857142857142857,0.6257936507936508,0.8571428571428571,0.75,0.6,0.8571428571428571,0.7058823529411765,0.3077407479286194,12,4,1,6,10,40342
4,4,lr_1em04_sched_none_img_224_ft_fc_only_loss_focal_dbe5706b7b,0.0001,none,224,fc_only,focal,resnet18,imagenet,71,29,42,123,23,11,12,43,0.7391304347826086,0.6590909090909091,0.7512671492804632,0.6363636363636364,0.8333333333333334,0.7777777777777778,0.6363636363636364,0.7,0.3383529484272003,10,2,4,7,29,40442
4,1,lr_1em04_sched_none_img_224_ft_layer4_fc_loss_weighted_cross_entropy_20e90af686,0.0001,none,224,layer4_fc,weighted_cross_entropy,resnet18,imagenet,70,29,41,125,24,11,13,41,0.7083333333333334,0.7412587412587412,0.7772727272727273,0.7272727272727273,0.6923076923076923,0.6666666666666666,0.7272727272727273,0.6956521739130435,0.2889475226402282,9,4,3,8,9,40142
4,2,lr_1em04_sched_none_img_224_ft_layer4_fc_loss_weighted_cross_entropy_20e90af686,0.0001,none,224,layer4_fc,weighted_cross_entropy,resnet18,imagenet,70,29,41,124,24,11,13,42,0.8333333333333334,0.7972027972027973,0.8452716873769506,0.7272727272727273,0.9230769230769232,0.8888888888888888,0.7272727272727273,0.8,0.4724649786949157,12,1,3,8,7,40242
4,3,lr_1em04_sched_none_img_224_ft_layer4_fc_loss_weighted_cross_entropy_20e90af686,0.0001,none,224,layer4_fc,weighted_cross_entropy,resnet18,imagenet,71,33,38,126,23,7,16,40,0.9565217391304348,0.9017857142857144,0.9126984126984126,0.8571428571428571,1.0,1.0,0.8571428571428571,0.9230769230769232,0.4930742979049682,16,0,1,6,7,40342
4,4,lr_1em04_sched_none_img_224_ft_layer4_fc_loss_weighted_cross_entropy_20e90af686,0.0001,none,224,layer4_fc,weighted_cross_entropy,resnet18,imagenet,71,29,42,123,23,11,12,43,0.9130434782608696,0.9621212121212122,0.9585576040121496,1.0,0.8333333333333334,0.8461538461538461,1.0,0.9166666666666666,0.3335781395435333,10,2,0,11,3,40442
4,1,lr_1em04_sched_none_img_224_ft_layer4_fc_loss_focal_89249d0ccb,0.0001,none,224,layer4_fc,focal,resnet18,imagenet,70,29,41,125,24,11,13,41,0.7916666666666666,0.7622377622377622,0.8164085468898304,0.5454545454545454,1.0,1.0,0.5454545454545454,0.7058823529411765,0.3788944482803345,13,0,5,6,10,40142
4,2,lr_1em04_sched_none_img_224_ft_layer4_fc_loss_focal_89249d0ccb,0.0001,none,224,layer4_fc,focal,resnet18,imagenet,70,29,41,124,24,11,13,42,0.875,0.902097902097902,0.922328548644338,0.8181818181818182,0.9230769230769232,0.9,0.8181818181818182,0.8571428571428571,0.3643839657306671,12,1,2,9,18,40242
4,3,lr_1em04_sched_none_img_224_ft_layer4_fc_loss_focal_89249d0ccb,0.0001,none,224,layer4_fc,focal,resnet18,imagenet,71,33,38,126,23,7,16,40,0.8695652173913043,0.8839285714285714,0.876984126984127,0.8571428571428571,0.875,0.75,0.8571428571428571,0.8,0.5245502591133118,14,2,1,6,10,40342
4,4,lr_1em04_sched_none_img_224_ft_layer4_fc_loss_focal_89249d0ccb,0.0001,none,224,layer4_fc,focal,resnet18,imagenet,71,29,42,123,23,11,12,43,0.9130434782608696,0.946969696969697,0.9483011937557392,0.9090909090909092,0.9166666666666666,0.9090909090909092,0.9090909090909092,0.9090909090909092,0.219653382897377,11,1,1,10,17,40442
4,1,lr_1em04_sched_none_img_224_ft_layer3_layer4_fc_loss_weighted_cross_entropy_024220f936,0.0001,none,224,layer3_layer4_fc,weighted_cross_entropy,resnet18,imagenet,70,29,41,125,24,11,13,41,0.7916666666666666,0.7902097902097902,0.8038239538239539,0.8181818181818182,0.7692307692307693,0.75,0.8181818181818182,0.782608695652174,0.2019030451774597,10,3,2,9,11,40142
4,2,lr_1em04_sched_none_img_224_ft_layer3_layer4_fc_loss_weighted_cross_entropy_024220f936,0.0001,none,224,layer3_layer4_fc,weighted_cross_entropy,resnet18,imagenet,70,29,41,124,24,11,13,42,0.7916666666666666,0.8321678321678322,0.8315508021390374,0.6363636363636364,0.9230769230769232,0.875,0.6363636363636364,0.7368421052631579,0.6169512867927551,12,1,4,7,4,40242
4,3,lr_1em04_sched_none_img_224_ft_layer3_layer4_fc_loss_weighted_cross_entropy_024220f936,0.0001,none,224,layer3_layer4_fc,weighted_cross_entropy,resnet18,imagenet,71,33,38,126,23,7,16,40,0.8695652173913043,0.8839285714285714,0.876984126984127,0.8571428571428571,0.875,0.75,0.8571428571428571,0.8,0.8927267789840698,14,2,1,6,11,40342
4,4,lr_1em04_sched_none_img_224_ft_layer3_layer4_fc_loss_weighted_cross_entropy_024220f936,0.0001,none,224,layer3_layer4_fc,weighted_cross_entropy,resnet18,imagenet,71,29,42,123,23,11,12,43,0.8695652173913043,0.8939393939393939,0.9266400266400268,0.8181818181818182,0.9166666666666666,0.9,0.8181818181818182,0.8571428571428571,0.1274138391017913,11,1,2,9,5,40442
4,1,lr_1em04_sched_none_img_224_ft_layer3_layer4_fc_loss_focal_7009f53a4e,0.0001,none,224,layer3_layer4_fc,focal,resnet18,imagenet,70,29,41,125,24,11,13,41,0.7083333333333334,0.7342657342657343,0.7594794094794095,0.8181818181818182,0.6153846153846154,0.6428571428571429,0.8181818181818182,0.72,0.252802163362503,8,5,2,9,30,40142
4,2,lr_1em04_sched_none_img_224_ft_layer3_layer4_fc_loss_focal_7009f53a4e,0.0001,none,224,layer3_layer4_fc,focal,resnet18,imagenet,70,29,41,124,24,11,13,42,0.9166666666666666,0.9090909090909092,0.944304707150557,0.9090909090909092,0.9230769230769232,0.9090909090909092,0.9090909090909092,0.9090909090909092,0.2024824619293213,12,1,1,10,25,40242
4,3,lr_1em04_sched_none_img_224_ft_layer3_layer4_fc_loss_focal_7009f53a4e,0.0001,none,224,layer3_layer4_fc,focal,resnet18,imagenet,71,33,38,126,23,7,16,40,0.8260869565217391,0.9196428571428572,0.848051948051948,1.0,0.75,0.6363636363636364,1.0,0.7777777777777778,0.4076014161109924,12,4,0,7,6,40342
4,4,lr_1em04_sched_none_img_224_ft_layer3_layer4_fc_loss_focal_7009f53a4e,0.0001,none,224,layer3_layer4_fc,focal,resnet18,imagenet,71,29,42,123,23,11,12,43,0.8695652173913043,0.8409090909090908,0.8199790108881018,0.9090909090909092,0.8333333333333334,0.8333333333333334,0.9090909090909092,0.8695652173913043,0.3636153638362884,10,2,1,10,4,40442
4,1,lr_1em04_sched_none_img_224_ft_full_loss_weighted_cross_entropy_1a9f8948b1,0.0001,none,224,full,weighted_cross_entropy,resnet18,imagenet,70,29,41,125,24,11,13,41,0.9583333333333334,0.9510489510489512,0.9254656959202414,1.0,0.9230769230769232,0.9166666666666666,1.0,0.9565217391304348,0.2436280399560928,12,1,0,11,28,40142
4,2,lr_1em04_sched_none_img_224_ft_full_loss_weighted_cross_entropy_1a9f8948b1,0.0001,none,224,full,weighted_cross_entropy,resnet18,imagenet,70,29,41,124,24,11,13,42,0.9166666666666666,0.951048951048951,0.9542355371900826,0.9090909090909092,0.9230769230769232,0.9090909090909092,0.9090909090909092,0.9090909090909092,0.0651528686285018,12,1,1,10,26,40242
4,3,lr_1em04_sched_none_img_224_ft_full_loss_weighted_cross_entropy_1a9f8948b1,0.0001,none,224,full,weighted_cross_entropy,resnet18,imagenet,71,33,38,126,23,7,16,40,0.8695652173913043,0.8571428571428571,0.8332438238453275,0.8571428571428571,0.875,0.75,0.8571428571428571,0.8,0.5878771543502808,14,2,1,6,12,40342
4,4,lr_1em04_sched_none_img_224_ft_full_loss_weighted_cross_entropy_1a9f8948b1,0.0001,none,224,full,weighted_cross_entropy,resnet18,imagenet,71,29,42,123,23,11,12,43,0.9130434782608696,0.9545454545454546,0.9516705516705516,1.0,0.8333333333333334,0.8461538461538461,1.0,0.9166666666666666,0.1131372451782226,10,2,0,11,3,40442
4,1,lr_1em04_sched_none_img_224_ft_full_loss_focal_9957d5753e,0.0001,none,224,full,focal,resnet18,imagenet,70,29,41,125,24,11,13,41,0.7083333333333334,0.7412587412587412,0.7344877344877345,0.8181818181818182,0.6153846153846154,0.6428571428571429,0.8181818181818182,0.72,0.321961909532547,8,5,2,9,22,40142
4,2,lr_1em04_sched_none_img_224_ft_full_loss_focal_9957d5753e,0.0001,none,224,full,focal,resnet18,imagenet,70,29,41,124,24,11,13,42,0.875,0.8741258741258742,0.8992412815942228,0.7272727272727273,1.0,1.0,0.7272727272727273,0.8421052631578947,0.4086976647377014,13,0,3,8,17,40242
4,3,lr_1em04_sched_none_img_224_ft_full_loss_focal_9957d5753e,0.0001,none,224,full,focal,resnet18,imagenet,71,33,38,126,23,7,16,40,0.9130434782608696,0.9017857142857144,0.7779434850863423,0.8571428571428571,0.9375,0.8571428571428571,0.8571428571428571,0.8571428571428571,0.4322778880596161,15,1,1,6,4,40342
4,4,lr_1em04_sched_none_img_224_ft_full_loss_focal_9957d5753e,0.0001,none,224,full,focal,resnet18,imagenet,71,29,42,123,23,11,12,43,0.8695652173913043,0.9166666666666669,0.9222073677956032,0.9090909090909092,0.8333333333333334,0.8333333333333334,0.9090909090909092,0.8695652173913043,0.2922989726066589,10,2,1,10,15,40442
4,1,lr_1em04_sched_none_img_320_ft_fc_only_loss_weighted_cross_entropy_120ca1f841,0.0001,none,320,fc_only,weighted_cross_entropy,resnet18,imagenet,70,29,41,125,24,11,13,41,0.5833333333333334,0.5594405594405595,0.5673699592148789,0.8181818181818182,0.3846153846153846,0.5294117647058824,0.8181818181818182,0.6428571428571429,0.2121845483779907,5,8,2,9,11,40142
4,2,lr_1em04_sched_none_img_320_ft_fc_only_loss_weighted_cross_entropy_120ca1f841,0.0001,none,320,fc_only,weighted_cross_entropy,resnet18,imagenet,70,29,41,124,24,11,13,42,0.6666666666666666,0.6783216783216782,0.6500976441600714,0.9090909090909092,0.4615384615384615,0.5882352941176471,0.9090909090909092,0.7142857142857143,0.1594105958938598,6,7,1,10,30,40242
4,3,lr_1em04_sched_none_img_320_ft_fc_only_loss_weighted_cross_entropy_120ca1f841,0.0001,none,320,fc_only,weighted_cross_entropy,resnet18,imagenet,71,33,38,126,23,7,16,40,0.8695652173913043,0.875,0.8333333333333333,0.7142857142857143,0.9375,0.8333333333333334,0.7142857142857143,0.7692307692307693,0.4718980193138122,15,1,2,5,3,40342
4,4,lr_1em04_sched_none_img_320_ft_fc_only_loss_weighted_cross_entropy_120ca1f841,0.0001,none,320,fc_only,weighted_cross_entropy,resnet18,imagenet,71,29,42,123,23,11,12,43,0.6086956521739131,0.5833333333333334,0.6257343619572722,0.5454545454545454,0.6666666666666666,0.6,0.5454545454545454,0.5714285714285714,0.2347619831562042,8,4,5,6,4,40442
4,1,lr_1em04_sched_none_img_320_ft_fc_only_loss_focal_2cd089706b,0.0001,none,320,fc_only,focal,resnet18,imagenet,70,29,41,125,24,11,13,41,0.625,0.5524475524475524,0.5633849736122463,0.8181818181818182,0.4615384615384615,0.5625,0.8181818181818182,0.6666666666666666,0.2691144049167633,6,7,2,9,11,40142
4,2,lr_1em04_sched_none_img_320_ft_fc_only_loss_focal_2cd089706b,0.0001,none,320,fc_only,focal,resnet18,imagenet,70,29,41,124,24,11,13,42,0.7083333333333334,0.7132867132867133,0.6770114911826142,0.8181818181818182,0.6153846153846154,0.6428571428571429,0.8181818181818182,0.72,0.3416062593460083,8,5,2,9,30,40242
4,3,lr_1em04_sched_none_img_320_ft_fc_only_loss_focal_2cd089706b,0.0001,none,320,fc_only,focal,resnet18,imagenet,71,33,38,126,23,7,16,40,0.782608695652174,0.8571428571428571,0.7615646258503401,0.8571428571428571,0.75,0.6,0.8571428571428571,0.7058823529411765,0.510379433631897,12,4,1,6,4,40342
4,4,lr_1em04_sched_none_img_320_ft_fc_only_loss_focal_2cd089706b,0.0001,none,320,fc_only,focal,resnet18,imagenet,71,29,42,123,23,11,12,43,0.6521739130434783,0.5151515151515151,0.6435935722031979,0.3636363636363636,0.9166666666666666,0.8,0.3636363636363636,0.5,0.3322350680828094,11,1,7,4,12,40442
4,1,lr_1em04_sched_none_img_320_ft_layer4_fc_loss_weighted_cross_entropy_846efdc675,0.0001,none,320,layer4_fc,weighted_cross_entropy,resnet18,imagenet,70,29,41,125,24,11,13,41,0.875,0.846153846153846,0.7264498128134491,1.0,0.7692307692307693,0.7857142857142857,1.0,0.88,0.1275268495082855,10,3,0,11,29,40142
4,2,lr_1em04_sched_none_img_320_ft_layer4_fc_loss_weighted_cross_entropy_846efdc675,0.0001,none,320,layer4_fc,weighted_cross_entropy,resnet18,imagenet,70,29,41,124,24,11,13,42,0.875,0.93006993006993,0.9143873802964712,1.0,0.7692307692307693,0.7857142857142857,1.0,0.88,0.0296849366277456,10,3,0,11,19,40242
4,3,lr_1em04_sched_none_img_320_ft_layer4_fc_loss_weighted_cross_entropy_846efdc675,0.0001,none,320,layer4_fc,weighted_cross_entropy,resnet18,imagenet,71,33,38,126,23,7,16,40,0.9130434782608696,0.8303571428571428,0.7486394557823128,0.8571428571428571,0.9375,0.8571428571428571,0.8571428571428571,0.8571428571428571,0.4278185069561004,15,1,1,6,6,40342
4,4,lr_1em04_sched_none_img_320_ft_layer4_fc_loss_weighted_cross_entropy_846efdc675,0.0001,none,320,layer4_fc,weighted_cross_entropy,resnet18,imagenet,71,29,42,123,23,11,12,43,0.9565217391304348,0.9696969696969696,0.9757575757575758,0.9090909090909092,1.0,1.0,0.9090909090909092,0.9523809523809524,0.5530639290809631,12,0,1,10,22,40442
4,1,lr_1em04_sched_none_img_320_ft_layer4_fc_loss_focal_12752ae693,0.0001,none,320,layer4_fc,focal,resnet18,imagenet,70,29,41,125,24,11,13,41,0.8333333333333334,0.8811188811188811,0.8485504394595305,1.0,0.6923076923076923,0.7333333333333333,1.0,0.8461538461538461,0.3625831007957458,9,4,0,11,23,40142
4,2,lr_1em04_sched_none_img_320_ft_layer4_fc_loss_focal_12752ae693,0.0001,none,320,layer4_fc,focal,resnet18,imagenet,70,29,41,124,24,11,13,42,0.875,0.888111888111888,0.9265151515151516,0.9090909090909092,0.8461538461538461,0.8333333333333334,0.9090909090909092,0.8695652173913043,0.1185318008065223,11,2,1,10,7,40242
4,3,lr_1em04_sched_none_img_320_ft_layer4_fc_loss_focal_12752ae693,0.0001,none,320,layer4_fc,focal,resnet18,imagenet,71,33,38,126,23,7,16,40,0.9130434782608696,0.875,0.8074629851940776,0.8571428571428571,0.9375,0.8571428571428571,0.8571428571428571,0.8571428571428571,0.7089326977729797,15,1,1,6,3,40342
4,4,lr_1em04_sched_none_img_320_ft_layer4_fc_loss_focal_12752ae693,0.0001,none,320,layer4_fc,focal,resnet18,imagenet,71,29,42,123,23,11,12,43,0.8695652173913043,0.8636363636363636,0.9022727272727272,0.7272727272727273,1.0,1.0,0.7272727272727273,0.8421052631578947,0.5765162706375122,12,0,3,8,6,40442
4,1,lr_1em04_sched_none_img_320_ft_layer3_layer4_fc_loss_weighted_cross_entropy_84e3553d1d,0.0001,none,320,layer3_layer4_fc,weighted_cross_entropy,resnet18,imagenet,70,29,41,125,24,11,13,41,0.8333333333333334,0.8741258741258742,0.8407355270991634,1.0,0.6923076923076923,0.7333333333333333,1.0,0.8461538461538461,0.2703718245029449,9,4,0,11,26,40142
4,2,lr_1em04_sched_none_img_320_ft_layer3_layer4_fc_loss_weighted_cross_entropy_84e3553d1d,0.0001,none,320,layer3_layer4_fc,weighted_cross_entropy,resnet18,imagenet,70,29,41,124,24,11,13,42,0.8333333333333334,0.8741258741258742,0.8507756132756132,0.7272727272727273,0.9230769230769232,0.8888888888888888,0.7272727272727273,0.8,0.2308130264282226,12,1,3,8,9,40242
4,3,lr_1em04_sched_none_img_320_ft_layer3_layer4_fc_loss_weighted_cross_entropy_84e3553d1d,0.0001,none,320,layer3_layer4_fc,weighted_cross_entropy,resnet18,imagenet,71,33,38,126,23,7,16,40,0.8695652173913043,0.8482142857142857,0.819047619047619,0.8571428571428571,0.875,0.75,0.8571428571428571,0.8,0.866217851638794,14,2,1,6,6,40342
4,4,lr_1em04_sched_none_img_320_ft_layer3_layer4_fc_loss_weighted_cross_entropy_84e3553d1d,0.0001,none,320,layer3_layer4_fc,weighted_cross_entropy,resnet18,imagenet,71,29,42,123,23,11,12,43,0.9565217391304348,0.9545454545454546,0.967914438502674,0.9090909090909092,1.0,1.0,0.9090909090909092,0.9523809523809524,0.4467813372611999,12,0,1,10,12,40442
4,1,lr_1em04_sched_none_img_320_ft_layer3_layer4_fc_loss_focal_789636f16b,0.0001,none,320,layer3_layer4_fc,focal,resnet18,imagenet,70,29,41,125,24,11,13,41,0.7916666666666666,0.6573426573426573,0.765684336975897,0.5454545454545454,1.0,1.0,0.5454545454545454,0.7058823529411765,0.4742737114429474,13,0,5,6,2,40142
4,2,lr_1em04_sched_none_img_320_ft_layer3_layer4_fc_loss_focal_789636f16b,0.0001,none,320,layer3_layer4_fc,focal,resnet18,imagenet,70,29,41,124,24,11,13,42,0.875,0.9370629370629372,0.9399104683195592,0.9090909090909092,0.8461538461538461,0.8333333333333334,0.9090909090909092,0.8695652173913043,0.1696627587080001,11,2,1,10,19,40242
4,3,lr_1em04_sched_none_img_320_ft_layer3_layer4_fc_loss_focal_789636f16b,0.0001,none,320,layer3_layer4_fc,focal,resnet18,imagenet,71,33,38,126,23,7,16,40,0.9130434782608696,0.8482142857142857,0.7536519871106337,0.8571428571428571,0.9375,0.8571428571428571,0.8571428571428571,0.8571428571428571,0.3305612802505493,15,1,1,6,2,40342
4,4,lr_1em04_sched_none_img_320_ft_layer3_layer4_fc_loss_focal_789636f16b,0.0001,none,320,layer3_layer4_fc,focal,resnet18,imagenet,71,29,42,123,23,11,12,43,0.9565217391304348,0.9772727272727272,0.975068870523416,1.0,0.9166666666666666,0.9166666666666666,1.0,0.9565217391304348,0.4369568228721618,11,1,0,11,16,40442
4,1,lr_1em04_sched_none_img_320_ft_full_loss_weighted_cross_entropy_931a87fcf8,0.0001,none,320,full,weighted_cross_entropy,resnet18,imagenet,70,29,41,125,24,11,13,41,0.8333333333333334,0.8741258741258742,0.8531551781551782,0.9090909090909092,0.7692307692307693,0.7692307692307693,0.9090909090909092,0.8333333333333334,0.3139778673648834,10,3,1,10,11,40142
4,2,lr_1em04_sched_none_img_320_ft_full_loss_weighted_cross_entropy_931a87fcf8,0.0001,none,320,full,weighted_cross_entropy,resnet18,imagenet,70,29,41,124,24,11,13,42,0.875,0.902097902097902,0.9180161943319838,0.7272727272727273,1.0,1.0,0.7272727272727273,0.8421052631578947,0.5992732048034668,13,0,3,8,19,40242
4,3,lr_1em04_sched_none_img_320_ft_full_loss_weighted_cross_entropy_931a87fcf8,0.0001,none,320,full,weighted_cross_entropy,resnet18,imagenet,71,33,38,126,23,7,16,40,0.8695652173913043,0.7946428571428571,0.6404761904761904,0.7142857142857143,0.9375,0.8333333333333334,0.7142857142857143,0.7692307692307693,0.8682209253311157,15,1,2,5,2,40342
4,4,lr_1em04_sched_none_img_320_ft_full_loss_weighted_cross_entropy_931a87fcf8,0.0001,none,320,full,weighted_cross_entropy,resnet18,imagenet,71,29,42,123,23,11,12,43,0.8695652173913043,0.924242424242424,0.9298094582185492,0.9090909090909092,0.8333333333333334,0.8333333333333334,0.9090909090909092,0.8695652173913043,0.3879065811634063,10,2,1,10,14,40442
4,1,lr_1em04_sched_none_img_320_ft_full_loss_focal_4f30fb3b6b,0.0001,none,320,full,focal,resnet18,imagenet,70,29,41,125,24,11,13,41,0.7916666666666666,0.8461538461538461,0.8696871310507674,0.9090909090909092,0.6923076923076923,0.7142857142857143,0.9090909090909092,0.8,0.3212651014328003,9,4,1,10,12,40142
4,2,lr_1em04_sched_none_img_320_ft_full_loss_focal_4f30fb3b6b,0.0001,none,320,full,focal,resnet18,imagenet,70,29,41,124,24,11,13,42,0.8333333333333334,0.902097902097902,0.8936674436674437,1.0,0.6923076923076923,0.7333333333333333,1.0,0.8461538461538461,0.2824153900146484,9,4,0,11,7,40242
4,3,lr_1em04_sched_none_img_320_ft_full_loss_focal_4f30fb3b6b,0.0001,none,320,full,focal,resnet18,imagenet,71,33,38,126,23,7,16,40,0.9565217391304348,0.8839285714285714,0.907142857142857,0.8571428571428571,1.0,1.0,0.8571428571428571,0.9230769230769232,0.7058106660842896,16,0,1,6,14,40342
4,4,lr_1em04_sched_none_img_320_ft_full_loss_focal_4f30fb3b6b,0.0001,none,320,full,focal,resnet18,imagenet,71,29,42,123,23,11,12,43,0.9565217391304348,0.9772727272727272,0.9805194805194806,0.9090909090909092,1.0,1.0,0.9090909090909092,0.9523809523809524,0.660605251789093,12,0,1,10,10,40442
4,1,lr_1em03_sched_step_img_224_ft_fc_only_loss_weighted_cross_entropy_0b40563ccb,0.001,step,224,fc_only,weighted_cross_entropy,resnet18,imagenet,70,29,41,125,24,11,13,41,0.75,0.7062937062937062,0.7278626895721758,0.5454545454545454,0.9230769230769232,0.8571428571428571,0.5454545454545454,0.6666666666666666,0.4016938507556915,12,1,5,6,14,40142
4,2,lr_1em03_sched_step_img_224_ft_fc_only_loss_weighted_cross_entropy_0b40563ccb,0.001,step,224,fc_only,weighted_cross_entropy,resnet18,imagenet,70,29,41,124,24,11,13,42,0.7083333333333334,0.6433566433566433,0.5594877344877345,0.9090909090909092,0.5384615384615384,0.625,0.9090909090909092,0.7407407407407407,0.0351142026484012,7,6,1,10,8,40242
4,3,lr_1em03_sched_step_img_224_ft_fc_only_loss_weighted_cross_entropy_0b40563ccb,0.001,step,224,fc_only,weighted_cross_entropy,resnet18,imagenet,71,33,38,126,23,7,16,40,0.782608695652174,0.8839285714285714,0.8061533704390846,1.0,0.6875,0.5833333333333334,1.0,0.7368421052631579,0.541981041431427,11,5,0,7,10,40342
4,4,lr_1em03_sched_step_img_224_ft_fc_only_loss_weighted_cross_entropy_0b40563ccb,0.001,step,224,fc_only,weighted_cross_entropy,resnet18,imagenet,71,29,42,123,23,11,12,43,0.782608695652174,0.7348484848484849,0.7623638987275352,0.8181818181818182,0.75,0.75,0.8181818181818182,0.782608695652174,0.1798928678035736,9,3,2,9,28,40442
4,1,lr_1em03_sched_step_img_224_ft_fc_only_loss_focal_e3cf0822c5,0.001,step,224,fc_only,focal,resnet18,imagenet,70,29,41,125,24,11,13,41,0.625,0.5104895104895104,0.5078525229711001,0.5454545454545454,0.6923076923076923,0.6,0.5454545454545454,0.5714285714285714,0.5547032356262207,9,4,5,6,22,40142
4,2,lr_1em03_sched_step_img_224_ft_fc_only_loss_focal_e3cf0822c5,0.001,step,224,fc_only,focal,resnet18,imagenet,70,29,41,124,24,11,13,42,0.5833333333333334,0.5384615384615384,0.5147122899983312,0.6363636363636364,0.5384615384615384,0.5384615384615384,0.6363636363636364,0.5833333333333334,0.2363614588975906,7,6,4,7,5,40242
4,3,lr_1em03_sched_step_img_224_ft_fc_only_loss_focal_e3cf0822c5,0.001,step,224,fc_only,focal,resnet18,imagenet,71,33,38,126,23,7,16,40,0.8695652173913043,0.8928571428571429,0.7282312925170067,1.0,0.8125,0.7,1.0,0.8235294117647058,0.3642515540122986,13,3,0,7,7,40342
4,4,lr_1em03_sched_step_img_224_ft_fc_only_loss_focal_e3cf0822c5,0.001,step,224,fc_only,focal,resnet18,imagenet,71,29,42,123,23,11,12,43,0.8260869565217391,0.8181818181818181,0.8669815033451398,0.6363636363636364,1.0,1.0,0.6363636363636364,0.7777777777777778,0.2764279246330261,12,0,4,7,27,40442
4,1,lr_1em03_sched_step_img_224_ft_layer4_fc_loss_weighted_cross_entropy_cb2ba33d1b,0.001,step,224,layer4_fc,weighted_cross_entropy,resnet18,imagenet,70,29,41,125,24,11,13,41,0.8333333333333334,0.8461538461538461,0.8080233195206458,0.8181818181818182,0.8461538461538461,0.8181818181818182,0.8181818181818182,0.8181818181818182,0.1998556107282638,11,2,2,9,5,40142
4,2,lr_1em03_sched_step_img_224_ft_layer4_fc_loss_weighted_cross_entropy_cb2ba33d1b,0.001,step,224,layer4_fc,weighted_cross_entropy,resnet18,imagenet,70,29,41,124,24,11,13,42,0.9166666666666666,0.9370629370629372,0.9247880906971816,1.0,0.8461538461538461,0.8461538461538461,1.0,0.9166666666666666,0.2603947818279266,11,2,0,11,16,40242
4,3,lr_1em03_sched_step_img_224_ft_layer4_fc_loss_weighted_cross_entropy_cb2ba33d1b,0.001,step,224,layer4_fc,weighted_cross_entropy,resnet18,imagenet,71,33,38,126,23,7,16,40,0.8695652173913043,0.8303571428571428,0.6528344671201813,0.8571428571428571,0.875,0.75,0.8571428571428571,0.8,0.8981138467788696,14,2,1,6,9,40342
4,4,lr_1em03_sched_step_img_224_ft_layer4_fc_loss_weighted_cross_entropy_cb2ba33d1b,0.001,step,224,layer4_fc,weighted_cross_entropy,resnet18,imagenet,71,29,42,123,23,11,12,43,1.0,1.0,1.0,1.0,1.0,1.0,1.0,1.0,0.256253033876419,12,0,0,11,24,40442
4,1,lr_1em03_sched_step_img_224_ft_layer4_fc_loss_focal_59cd78cb54,0.001,step,224,layer4_fc,focal,resnet18,imagenet,70,29,41,125,24,11,13,41,0.875,0.93006993006993,0.9192935852026762,1.0,0.7692307692307693,0.7857142857142857,1.0,0.88,0.3609093129634857,10,3,0,11,30,40142
4,2,lr_1em03_sched_step_img_224_ft_layer4_fc_loss_focal_59cd78cb54,0.001,step,224,layer4_fc,focal,resnet18,imagenet,70,29,41,124,24,11,13,42,0.875,0.937062937062937,0.9368131868131868,1.0,0.7692307692307693,0.7857142857142857,1.0,0.88,0.4502604603767395,10,3,0,11,17,40242
4,3,lr_1em03_sched_step_img_224_ft_layer4_fc_loss_focal_59cd78cb54,0.001,step,224,layer4_fc,focal,resnet18,imagenet,71,33,38,126,23,7,16,40,0.9130434782608696,0.9196428571428572,0.8843537414965985,0.8571428571428571,0.9375,0.8571428571428571,0.8571428571428571,0.8571428571428571,0.3047500848770141,15,1,1,6,1,40342
4,4,lr_1em03_sched_step_img_224_ft_layer4_fc_loss_focal_59cd78cb54,0.001,step,224,layer4_fc,focal,resnet18,imagenet,71,29,42,123,23,11,12,43,0.9565217391304348,0.9772727272727272,0.975068870523416,1.0,0.9166666666666666,0.9166666666666666,1.0,0.9565217391304348,0.3997203111648559,11,1,0,11,20,40442
4,1,lr_1em03_sched_step_img_224_ft_layer3_layer4_fc_loss_weighted_cross_entropy_219ed9e3e6,0.001,step,224,layer3_layer4_fc,weighted_cross_entropy,resnet18,imagenet,70,29,41,125,24,11,13,41,0.875,0.951048951048951,0.9515151515151516,0.9090909090909092,0.8461538461538461,0.8333333333333334,0.9090909090909092,0.8695652173913043,0.3343093693256378,11,2,1,10,9,40142
4,2,lr_1em03_sched_step_img_224_ft_layer3_layer4_fc_loss_weighted_cross_entropy_219ed9e3e6,0.001,step,224,layer3_layer4_fc,weighted_cross_entropy,resnet18,imagenet,70,29,41,124,24,11,13,42,0.9166666666666666,0.9090909090909092,0.9314194577352471,0.8181818181818182,1.0,1.0,0.8181818181818182,0.9,0.1736196279525756,13,0,2,9,13,40242
4,3,lr_1em03_sched_step_img_224_ft_layer3_layer4_fc_loss_weighted_cross_entropy_219ed9e3e6,0.001,step,224,layer3_layer4_fc,weighted_cross_entropy,resnet18,imagenet,71,33,38,126,23,7,16,40,0.9565217391304348,0.875,0.9047619047619048,0.8571428571428571,1.0,1.0,0.8571428571428571,0.9230769230769232,0.5937409996986389,16,0,1,6,6,40342
4,4,lr_1em03_sched_step_img_224_ft_layer3_layer4_fc_loss_weighted_cross_entropy_219ed9e3e6,0.001,step,224,layer3_layer4_fc,weighted_cross_entropy,resnet18,imagenet,71,29,42,123,23,11,12,43,0.9565217391304348,0.9696969696969696,0.964967860422406,1.0,0.9166666666666666,0.9166666666666666,1.0,0.9565217391304348,0.05879582837224,11,1,0,11,9,40442
4,1,lr_1em03_sched_step_img_224_ft_layer3_layer4_fc_loss_focal_a50d7f940a,0.001,step,224,layer3_layer4_fc,focal,resnet18,imagenet,70,29,41,125,24,11,13,41,0.8333333333333334,0.8671328671328671,0.8045961910935173,0.8181818181818182,0.8461538461538461,0.8181818181818182,0.8181818181818182,0.8181818181818182,0.6553900837898254,11,2,2,9,5,40142
4,2,lr_1em03_sched_step_img_224_ft_layer3_layer4_fc_loss_focal_a50d7f940a,0.001,step,224,layer3_layer4_fc,focal,resnet18,imagenet,70,29,41,124,24,11,13,42,0.8333333333333334,0.8881118881118881,0.8987193362193362,0.7272727272727273,0.9230769230769232,0.8888888888888888,0.7272727272727273,0.8,0.4819250702857971,12,1,3,8,3,40242
4,3,lr_1em03_sched_step_img_224_ft_layer3_layer4_fc_loss_focal_a50d7f940a,0.001,step,224,layer3_layer4_fc,focal,resnet18,imagenet,71,33,38,126,23,7,16,40,0.8695652173913043,0.8660714285714286,0.700595238095238,0.8571428571428571,0.875,0.75,0.8571428571428571,0.8,0.9404749870300292,14,2,1,6,2,40342
4,4,lr_1em03_sched_step_img_224_ft_layer3_layer4_fc_loss_focal_a50d7f940a,0.001,step,224,layer3_layer4_fc,focal,resnet18,imagenet,71,29,42,123,23,11,12,43,0.9130434782608696,0.9015151515151516,0.7955017205017203,1.0,0.8333333333333334,0.8461538461538461,1.0,0.9166666666666666,0.5288599133491516,10,2,0,11,7,40442
4,1,lr_1em03_sched_step_img_224_ft_full_loss_weighted_cross_entropy_ecea878002,0.001,step,224,full,weighted_cross_entropy,resnet18,imagenet,70,29,41,125,24,11,13,41,0.6666666666666666,0.6223776223776224,0.5834897199986714,0.5454545454545454,0.7692307692307693,0.6666666666666666,0.5454545454545454,0.6,0.2091333121061325,10,3,5,6,7,40142
4,2,lr_1em03_sched_step_img_224_ft_full_loss_weighted_cross_entropy_ecea878002,0.001,step,224,full,weighted_cross_entropy,resnet18,imagenet,70,29,41,124,24,11,13,42,0.875,0.937062937062937,0.927374393283484,1.0,0.7692307692307693,0.7857142857142857,1.0,0.88,0.2437448650598526,10,3,0,11,3,40242
4,3,lr_1em03_sched_step_img_224_ft_full_loss_weighted_cross_entropy_ecea878002,0.001,step,224,full,weighted_cross_entropy,resnet18,imagenet,71,33,38,126,23,7,16,40,0.8695652173913043,0.8482142857142856,0.7707282913165265,0.7142857142857143,0.9375,0.8333333333333334,0.7142857142857143,0.7692307692307693,0.9904412031173706,15,1,2,5,5,40342
4,4,lr_1em03_sched_step_img_224_ft_full_loss_weighted_cross_entropy_ecea878002,0.001,step,224,full,weighted_cross_entropy,resnet18,imagenet,71,29,42,123,23,11,12,43,0.8695652173913043,0.893939393939394,0.8682113341204252,0.9090909090909092,0.8333333333333334,0.8333333333333334,0.9090909090909092,0.8695652173913043,0.2357630431652069,10,2,1,10,19,40442
4,1,lr_1em03_sched_step_img_224_ft_full_loss_focal_846bacb5ff,0.001,step,224,full,focal,resnet18,imagenet,70,29,41,125,24,11,13,41,0.6666666666666666,0.6363636363636364,0.6205249694484144,0.6363636363636364,0.6923076923076923,0.6363636363636364,0.6363636363636364,0.6363636363636364,0.0023178537376224,9,4,4,7,3,40142
4,2,lr_1em03_sched_step_img_224_ft_full_loss_focal_846bacb5ff,0.001,step,224,full,focal,resnet18,imagenet,70,29,41,124,24,11,13,42,0.7916666666666666,0.8391608391608392,0.8423363186521082,0.7272727272727273,0.8461538461538461,0.8,0.7272727272727273,0.7619047619047619,0.2436712384223938,11,2,3,8,5,40242
4,3,lr_1em03_sched_step_img_224_ft_full_loss_focal_846bacb5ff,0.001,step,224,full,focal,resnet18,imagenet,71,33,38,126,23,7,16,40,0.8695652173913043,0.7857142857142857,0.7998885172798216,0.7142857142857143,0.9375,0.8333333333333334,0.7142857142857143,0.7692307692307693,7.249202571557589e-09,15,1,2,5,1,40342
4,4,lr_1em03_sched_step_img_224_ft_full_loss_focal_846bacb5ff,0.001,step,224,full,focal,resnet18,imagenet,71,29,42,123,23,11,12,43,0.782608695652174,0.8560606060606061,0.8433473389355743,0.9090909090909092,0.6666666666666666,0.7142857142857143,0.9090909090909092,0.8,0.0471370294690132,8,4,1,10,5,40442
4,1,lr_1em03_sched_step_img_320_ft_fc_only_loss_weighted_cross_entropy_02c83b04b9,0.001,step,320,fc_only,weighted_cross_entropy,resnet18,imagenet,70,29,41,125,24,11,13,41,0.7083333333333334,0.6293706293706294,0.6946122717861849,0.6363636363636364,0.7692307692307693,0.7,0.6363636363636364,0.6666666666666666,0.3998614251613617,10,3,4,7,24,40142
4,2,lr_1em03_sched_step_img_320_ft_fc_only_loss_weighted_cross_entropy_02c83b04b9,0.001,step,320,fc_only,weighted_cross_entropy,resnet18,imagenet,70,29,41,124,24,11,13,42,0.7916666666666666,0.8321678321678321,0.8147620353502707,0.9090909090909092,0.6923076923076923,0.7142857142857143,0.9090909090909092,0.8,0.0815959423780441,9,4,1,10,23,40242
4,3,lr_1em03_sched_step_img_320_ft_fc_only_loss_weighted_cross_entropy_02c83b04b9,0.001,step,320,fc_only,weighted_cross_entropy,resnet18,imagenet,71,33,38,126,23,7,16,40,0.9130434782608696,0.8303571428571428,0.7486394557823128,0.8571428571428571,0.9375,0.8571428571428571,0.8571428571428571,0.8571428571428571,0.436515748500824,15,1,1,6,3,40342
4,4,lr_1em03_sched_step_img_320_ft_fc_only_loss_weighted_cross_entropy_02c83b04b9,0.001,step,320,fc_only,weighted_cross_entropy,resnet18,imagenet,71,29,42,123,23,11,12,43,0.782608695652174,0.8181818181818182,0.8407509157509159,0.7272727272727273,0.8333333333333334,0.8,0.7272727272727273,0.7619047619047619,0.2596209049224853,10,2,3,8,27,40442
4,1,lr_1em03_sched_step_img_320_ft_fc_only_loss_focal_cf6332eec5,0.001,step,320,fc_only,focal,resnet18,imagenet,70,29,41,125,24,11,13,41,0.7916666666666666,0.7132867132867133,0.7066173678402781,0.7272727272727273,0.8461538461538461,0.8,0.7272727272727273,0.7619047619047619,0.1468491852283477,11,2,3,8,10,40142
4,2,lr_1em03_sched_step_img_320_ft_fc_only_loss_focal_cf6332eec5,0.001,step,320,fc_only,focal,resnet18,imagenet,70,29,41,124,24,11,13,42,0.7916666666666666,0.8251748251748252,0.7920356158992522,1.0,0.6153846153846154,0.6875,1.0,0.8148148148148148,0.2618214786052704,8,5,0,11,28,40242
4,3,lr_1em03_sched_step_img_320_ft_fc_only_loss_focal_cf6332eec5,0.001,step,320,fc_only,focal,resnet18,imagenet,71,33,38,126,23,7,16,40,0.8695652173913043,0.8571428571428572,0.7445378151260504,0.8571428571428571,0.875,0.75,0.8571428571428571,0.8,0.3277741372585296,14,2,1,6,4,40342
4,4,lr_1em03_sched_step_img_320_ft_fc_only_loss_focal_cf6332eec5,0.001,step,320,fc_only,focal,resnet18,imagenet,71,29,42,123,23,11,12,43,0.782608695652174,0.8106060606060606,0.8218253968253968,0.7272727272727273,0.8333333333333334,0.8,0.7272727272727273,0.7619047619047619,0.2219724208116531,10,2,3,8,25,40442
4,1,lr_1em03_sched_step_img_320_ft_layer4_fc_loss_weighted_cross_entropy_cd97784069,0.001,step,320,layer4_fc,weighted_cross_entropy,resnet18,imagenet,70,29,41,125,24,11,13,41,0.7916666666666666,0.8041958041958042,0.7190836940836941,0.8181818181818182,0.7692307692307693,0.75,0.8181818181818182,0.782608695652174,0.224991425871849,10,3,2,9,8,40142
4,2,lr_1em03_sched_step_img_320_ft_layer4_fc_loss_weighted_cross_entropy_cd97784069,0.001,step,320,layer4_fc,weighted_cross_entropy,resnet18,imagenet,70,29,41,124,24,11,13,42,0.875,0.944055944055944,0.944077134986226,0.9090909090909092,0.8461538461538461,0.8333333333333334,0.9090909090909092,0.8695652173913043,0.2684852480888366,11,2,1,10,26,40242
4,3,lr_1em03_sched_step_img_320_ft_layer4_fc_loss_weighted_cross_entropy_cd97784069,0.001,step,320,layer4_fc,weighted_cross_entropy,resnet18,imagenet,71,33,38,126,23,7,16,40,0.8695652173913043,0.8125,0.7833333333333332,0.7142857142857143,0.9375,0.8333333333333334,0.7142857142857143,0.7692307692307693,0.655754566192627,15,1,2,5,18,40342
4,4,lr_1em03_sched_step_img_320_ft_layer4_fc_loss_weighted_cross_entropy_cd97784069,0.001,step,320,layer4_fc,weighted_cross_entropy,resnet18,imagenet,71,29,42,123,23,11,12,43,0.9130434782608696,0.9621212121212122,0.9585576040121496,1.0,0.8333333333333334,0.8461538461538461,1.0,0.9166666666666666,0.2990138530731201,10,2,0,11,8,40442
4,1,lr_1em03_sched_step_img_320_ft_layer4_fc_loss_focal_365edc75f1,0.001,step,320,layer4_fc,focal,resnet18,imagenet,70,29,41,125,24,11,13,41,0.875,0.93006993006993,0.9298094582185492,0.9090909090909092,0.8461538461538461,0.8333333333333334,0.9090909090909092,0.8695652173913043,0.525433361530304,11,2,1,10,13,40142
4,2,lr_1em03_sched_step_img_320_ft_layer4_fc_loss_focal_365edc75f1,0.001,step,320,layer4_fc,focal,resnet18,imagenet,70,29,41,124,24,11,13,42,0.875,0.8041958041958042,0.8784435261707989,0.7272727272727273,1.0,1.0,0.7272727272727273,0.8421052631578947,0.6189985871315002,13,0,3,8,5,40242
4,3,lr_1em03_sched_step_img_320_ft_layer4_fc_loss_focal_365edc75f1,0.001,step,320,layer4_fc,focal,resnet18,imagenet,71,33,38,126,23,7,16,40,0.8695652173913043,0.8258928571428572,0.6438884644766998,0.7142857142857143,0.9375,0.8333333333333334,0.7142857142857143,0.7692307692307693,0.995455265045166,15,1,2,5,1,40342
4,4,lr_1em03_sched_step_img_320_ft_layer4_fc_loss_focal_365edc75f1,0.001,step,320,layer4_fc,focal,resnet18,imagenet,71,29,42,123,23,11,12,43,0.9565217391304348,0.9772727272727272,0.9805194805194806,0.9090909090909092,1.0,1.0,0.9090909090909092,0.9523809523809524,0.1379559785127639,12,0,1,10,5,40442
4,1,lr_1em03_sched_step_img_320_ft_layer3_layer4_fc_loss_weighted_cross_entropy_2e77ebeaf3,0.001,step,320,layer3_layer4_fc,weighted_cross_entropy,resnet18,imagenet,70,29,41,125,24,11,13,41,0.9166666666666666,0.93006993006993,0.8939865689865689,1.0,0.8461538461538461,0.8461538461538461,1.0,0.9166666666666666,0.3424265384674072,11,2,0,11,7,40142
4,2,lr_1em03_sched_step_img_320_ft_layer3_layer4_fc_loss_weighted_cross_entropy_2e77ebeaf3,0.001,step,320,layer3_layer4_fc,weighted_cross_entropy,resnet18,imagenet,70,29,41,124,24,11,13,42,0.875,0.937062937062937,0.9329105238196148,1.0,0.7692307692307693,0.7857142857142857,1.0,0.88,0.2199951857328415,10,3,0,11,17,40242
4,3,lr_1em03_sched_step_img_320_ft_layer3_layer4_fc_loss_weighted_cross_entropy_2e77ebeaf3,0.001,step,320,layer3_layer4_fc,weighted_cross_entropy,resnet18,imagenet,71,33,38,126,23,7,16,40,0.9130434782608696,0.875,0.8655567490153955,0.8571428571428571,0.9375,0.8571428571428571,0.8571428571428571,0.8571428571428571,0.6914016604423523,15,1,1,6,15,40342
4,4,lr_1em03_sched_step_img_320_ft_layer3_layer4_fc_loss_weighted_cross_entropy_2e77ebeaf3,0.001,step,320,layer3_layer4_fc,weighted_cross_entropy,resnet18,imagenet,71,29,42,123,23,11,12,43,0.9130434782608696,0.9621212121212122,0.9653679653679654,0.8181818181818182,1.0,1.0,0.8181818181818182,0.9,0.5796771049499512,12,0,2,9,13,40442
4,1,lr_1em03_sched_step_img_320_ft_layer3_layer4_fc_loss_focal_13ec69550d,0.001,step,320,layer3_layer4_fc,focal,resnet18,imagenet,70,29,41,125,24,11,13,41,0.875,0.8391608391608392,0.8860107284020328,0.7272727272727273,1.0,1.0,0.7272727272727273,0.8421052631578947,0.4685628414154053,13,0,3,8,13,40142
4,2,lr_1em03_sched_step_img_320_ft_layer3_layer4_fc_loss_focal_13ec69550d,0.001,step,320,layer3_layer4_fc,focal,resnet18,imagenet,70,29,41,124,24,11,13,42,0.875,0.923076923076923,0.9063065722156632,1.0,0.7692307692307693,0.7857142857142857,1.0,0.88,0.0566563531756401,10,3,0,11,7,40242
4,3,lr_1em03_sched_step_img_320_ft_layer3_layer4_fc_loss_focal_13ec69550d,0.001,step,320,layer3_layer4_fc,focal,resnet18,imagenet,71,33,38,126,23,7,16,40,0.7391304347826086,0.8214285714285714,0.5896214896214895,1.0,0.625,0.5384615384615384,1.0,0.7,4.881879948036294e-13,10,6,0,7,1,40342
4,4,lr_1em03_sched_step_img_320_ft_layer3_layer4_fc_loss_focal_13ec69550d,0.001,step,320,layer3_layer4_fc,focal,resnet18,imagenet,71,29,42,123,23,11,12,43,0.9565217391304348,0.9469696969696968,0.9646464646464648,0.9090909090909092,1.0,1.0,0.9090909090909092,0.9523809523809524,0.4450901746749878,12,0,1,10,10,40442
4,1,lr_1em03_sched_step_img_320_ft_full_loss_weighted_cross_entropy_3b47231c27,0.001,step,320,full,weighted_cross_entropy,resnet18,imagenet,70,29,41,125,24,11,13,41,0.8333333333333334,0.8601398601398601,0.8886015719019671,0.8181818181818182,0.8461538461538461,0.8181818181818182,0.8181818181818182,0.8181818181818182,0.0286766346544027,11,2,2,9,3,40142
4,2,lr_1em03_sched_step_img_320_ft_full_loss_weighted_cross_entropy_3b47231c27,0.001,step,320,full,weighted_cross_entropy,resnet18,imagenet,70,29,41,124,24,11,13,42,0.875,0.9370629370629372,0.9399104683195592,0.9090909090909092,0.8461538461538461,0.8333333333333334,0.9090909090909092,0.8695652173913043,0.4914204776287079,11,2,1,10,23,40242
4,3,lr_1em03_sched_step_img_320_ft_full_loss_weighted_cross_entropy_3b47231c27,0.001,step,320,full,weighted_cross_entropy,resnet18,imagenet,71,33,38,126,23,7,16,40,0.782608695652174,0.8392857142857143,0.6174603174603175,1.0,0.6875,0.5833333333333334,1.0,0.7368421052631579,0.0182541944086551,11,5,0,7,7,40342
4,4,lr_1em03_sched_step_img_320_ft_full_loss_weighted_cross_entropy_3b47231c27,0.001,step,320,full,weighted_cross_entropy,resnet18,imagenet,71,29,42,123,23,11,12,43,0.9130434782608696,0.9015151515151516,0.8976879181424637,0.9090909090909092,0.9166666666666666,0.9090909090909092,0.9090909090909092,0.9090909090909092,0.2622393667697906,11,1,1,10,25,40442
4,1,lr_1em03_sched_step_img_320_ft_full_loss_focal_46ee41ff95,0.001,step,320,full,focal,resnet18,imagenet,70,29,41,125,24,11,13,41,0.875,0.8601398601398602,0.8585071494162404,0.9090909090909092,0.8461538461538461,0.8333333333333334,0.9090909090909092,0.8695652173913043,5.958811016171239e-05,11,2,1,10,1,40142
4,2,lr_1em03_sched_step_img_320_ft_full_loss_focal_46ee41ff95,0.001,step,320,full,focal,resnet18,imagenet,70,29,41,124,24,11,13,42,0.8333333333333334,0.8671328671328672,0.8867224880382775,0.6363636363636364,1.0,1.0,0.6363636363636364,0.7777777777777778,0.5099790096282959,13,0,4,7,12,40242
4,3,lr_1em03_sched_step_img_320_ft_full_loss_focal_46ee41ff95,0.001,step,320,full,focal,resnet18,imagenet,71,33,38,126,23,7,16,40,0.8260869565217391,0.8303571428571428,0.61156462585034,0.8571428571428571,0.8125,0.6666666666666666,0.8571428571428571,0.75,0.407846599817276,13,3,1,6,4,40342
4,4,lr_1em03_sched_step_img_320_ft_full_loss_focal_46ee41ff95,0.001,step,320,full,focal,resnet18,imagenet,71,29,42,123,23,11,12,43,0.8695652173913043,0.9393939393939394,0.9414141414141416,0.9090909090909092,0.8333333333333334,0.8333333333333334,0.9090909090909092,0.8695652173913043,0.5276541709899902,10,2,1,10,20,40442
4,1,lr_1em03_sched_cosine_img_224_ft_fc_only_loss_weighted_cross_entropy_b823b64dc5,0.001,cosine,224,fc_only,weighted_cross_entropy,resnet18,imagenet,70,29,41,125,24,11,13,41,0.6666666666666666,0.6153846153846154,0.6401341528346876,0.6363636363636364,0.6923076923076923,0.6363636363636364,0.6363636363636364,0.6363636363636364,0.1045871675014495,9,4,4,7,17,40142
4,2,lr_1em03_sched_cosine_img_224_ft_fc_only_loss_weighted_cross_entropy_b823b64dc5,0.001,cosine,224,fc_only,weighted_cross_entropy,resnet18,imagenet,70,29,41,124,24,11,13,42,0.7083333333333334,0.7692307692307692,0.7813702645042357,0.9090909090909092,0.5384615384615384,0.625,0.9090909090909092,0.7407407407407407,0.1064870357513427,7,6,1,10,23,40242
4,3,lr_1em03_sched_cosine_img_224_ft_fc_only_loss_weighted_cross_entropy_b823b64dc5,0.001,cosine,224,fc_only,weighted_cross_entropy,resnet18,imagenet,71,33,38,126,23,7,16,40,0.7391304347826086,0.8482142857142857,0.7543349507635222,1.0,0.625,0.5384615384615384,1.0,0.7,0.138911947607994,10,6,0,7,10,40342
4,4,lr_1em03_sched_cosine_img_224_ft_fc_only_loss_weighted_cross_entropy_b823b64dc5,0.001,cosine,224,fc_only,weighted_cross_entropy,resnet18,imagenet,71,29,42,123,23,11,12,43,0.8260869565217391,0.8636363636363636,0.8728436900685705,0.9090909090909092,0.75,0.7692307692307693,0.9090909090909092,0.8333333333333334,0.2420659810304641,9,3,1,10,13,40442
4,1,lr_1em03_sched_cosine_img_224_ft_fc_only_loss_focal_d13ac3e3bf,0.001,cosine,224,fc_only,focal,resnet18,imagenet,70,29,41,125,24,11,13,41,0.6666666666666666,0.5874125874125874,0.6612590095326668,0.2727272727272727,1.0,1.0,0.2727272727272727,0.4285714285714285,0.565918505191803,13,0,8,3,24,40142
4,2,lr_1em03_sched_cosine_img_224_ft_fc_only_loss_focal_d13ac3e3bf,0.001,cosine,224,fc_only,focal,resnet18,imagenet,70,29,41,124,24,11,13,42,0.75,0.7132867132867133,0.6552038870220689,0.8181818181818182,0.6923076923076923,0.6923076923076923,0.8181818181818182,0.75,0.3530414700508117,9,4,2,9,24,40242
4,3,lr_1em03_sched_cosine_img_224_ft_fc_only_loss_focal_d13ac3e3bf,0.001,cosine,224,fc_only,focal,resnet18,imagenet,71,33,38,126,23,7,16,40,0.8695652173913043,0.8660714285714286,0.7745421245421245,0.7142857142857143,0.9375,0.8333333333333334,0.7142857142857143,0.7692307692307693,0.6515603065490723,15,1,2,5,12,40342
4,4,lr_1em03_sched_cosine_img_224_ft_fc_only_loss_focal_d13ac3e3bf,0.001,cosine,224,fc_only,focal,resnet18,imagenet,71,29,42,123,23,11,12,43,0.782608695652174,0.7424242424242424,0.8138992540178311,0.7272727272727273,0.8333333333333334,0.8,0.7272727272727273,0.7619047619047619,0.2328364104032516,10,2,3,8,12,40442
4,1,lr_1em03_sched_cosine_img_224_ft_layer4_fc_loss_weighted_cross_entropy_ef51ec0390,0.001,cosine,224,layer4_fc,weighted_cross_entropy,resnet18,imagenet,70,29,41,125,24,11,13,41,0.875,0.902097902097902,0.790007215007215,1.0,0.7692307692307693,0.7857142857142857,1.0,0.88,0.1052418798208236,10,3,0,11,14,40142
4,2,lr_1em03_sched_cosine_img_224_ft_layer4_fc_loss_weighted_cross_entropy_ef51ec0390,0.001,cosine,224,layer4_fc,weighted_cross_entropy,resnet18,imagenet,70,29,41,124,24,11,13,42,0.9166666666666666,0.9440559440559442,0.9441345270890724,0.9090909090909092,0.9230769230769232,0.9090909090909092,0.9090909090909092,0.9090909090909092,0.1562505364418029,12,1,1,10,16,40242
4,3,lr_1em03_sched_cosine_img_224_ft_layer4_fc_loss_weighted_cross_entropy_ef51ec0390,0.001,cosine,224,layer4_fc,weighted_cross_entropy,resnet18,imagenet,71,33,38,126,23,7,16,40,0.9130434782608696,0.9196428571428572,0.7253968253968254,1.0,0.875,0.7777777777777778,1.0,0.875,0.9999074935913086,14,2,0,7,1,40342
4,4,lr_1em03_sched_cosine_img_224_ft_layer4_fc_loss_weighted_cross_entropy_ef51ec0390,0.001,cosine,224,layer4_fc,weighted_cross_entropy,resnet18,imagenet,71,29,42,123,23,11,12,43,0.9565217391304348,0.9924242424242424,0.9924242424242424,1.0,0.9166666666666666,0.9166666666666666,1.0,0.9565217391304348,0.542405366897583,11,1,0,11,9,40442
4,1,lr_1em03_sched_cosine_img_224_ft_layer4_fc_loss_focal_499bb0caeb,0.001,cosine,224,layer4_fc,focal,resnet18,imagenet,70,29,41,125,24,11,13,41,0.875,0.8321678321678322,0.8394300144300144,0.8181818181818182,0.9230769230769232,0.9,0.8181818181818182,0.8571428571428571,0.3752205669879913,12,1,2,9,18,40142
4,2,lr_1em03_sched_cosine_img_224_ft_layer4_fc_loss_focal_499bb0caeb,0.001,cosine,224,layer4_fc,focal,resnet18,imagenet,70,29,41,124,24,11,13,42,0.9166666666666666,0.972027972027972,0.9686586141131596,1.0,0.8461538461538461,0.8461538461538461,1.0,0.9166666666666666,0.3404209017753601,11,2,0,11,14,40242
4,3,lr_1em03_sched_cosine_img_224_ft_layer4_fc_loss_focal_499bb0caeb,0.001,cosine,224,layer4_fc,focal,resnet18,imagenet,71,33,38,126,23,7,16,40,0.9130434782608696,0.8839285714285714,0.8893662728249194,0.8571428571428571,0.9375,0.8571428571428571,0.8571428571428571,0.8571428571428571,0.4009818732738495,15,1,1,6,5,40342
4,4,lr_1em03_sched_cosine_img_224_ft_layer4_fc_loss_focal_499bb0caeb,0.001,cosine,224,layer4_fc,focal,resnet18,imagenet,71,29,42,123,23,11,12,43,0.9565217391304348,0.9924242424242424,0.9924242424242424,1.0,0.9166666666666666,0.9166666666666666,1.0,0.9565217391304348,0.4071962535381317,11,1,0,11,10,40442
4,1,lr_1em03_sched_cosine_img_224_ft_layer3_layer4_fc_loss_weighted_cross_entropy_910d3681f6,0.001,cosine,224,layer3_layer4_fc,weighted_cross_entropy,resnet18,imagenet,70,29,41,125,24,11,13,41,0.875,0.8251748251748252,0.7472582972582973,0.8181818181818182,0.9230769230769232,0.9,0.8181818181818182,0.8571428571428571,0.1713124364614486,12,1,2,9,1,40142
4,2,lr_1em03_sched_cosine_img_224_ft_layer3_layer4_fc_loss_weighted_cross_entropy_910d3681f6,0.001,cosine,224,layer3_layer4_fc,weighted_cross_entropy,resnet18,imagenet,70,29,41,124,24,11,13,42,0.875,0.9090909090909092,0.929020979020979,0.8181818181818182,0.9230769230769232,0.9,0.8181818181818182,0.8571428571428571,0.1815496683120727,12,1,2,9,13,40242
4,3,lr_1em03_sched_cosine_img_224_ft_layer3_layer4_fc_loss_weighted_cross_entropy_910d3681f6,0.001,cosine,224,layer3_layer4_fc,weighted_cross_entropy,resnet18,imagenet,71,33,38,126,23,7,16,40,0.9130434782608696,0.9017857142857144,0.8510204081632653,0.8571428571428571,0.9375,0.8571428571428571,0.8571428571428571,0.8571428571428571,0.5467254519462585,15,1,1,6,1,40342
4,4,lr_1em03_sched_cosine_img_224_ft_layer3_layer4_fc_loss_weighted_cross_entropy_910d3681f6,0.001,cosine,224,layer3_layer4_fc,weighted_cross_entropy,resnet18,imagenet,71,29,42,123,23,11,12,43,0.9130434782608696,0.9545454545454546,0.9606060606060606,0.8181818181818182,1.0,1.0,0.8181818181818182,0.9,0.9999935626983644,12,0,2,9,5,40442
4,1,lr_1em03_sched_cosine_img_224_ft_layer3_layer4_fc_loss_focal_1c2cfa6c7e,0.001,cosine,224,layer3_layer4_fc,focal,resnet18,imagenet,70,29,41,125,24,11,13,41,0.9166666666666666,0.965034965034965,0.9585576040121492,1.0,0.8461538461538461,0.8461538461538461,1.0,0.9166666666666666,0.3319849967956543,11,2,0,11,7,40142
4,2,lr_1em03_sched_cosine_img_224_ft_layer3_layer4_fc_loss_focal_1c2cfa6c7e,0.001,cosine,224,layer3_layer4_fc,focal,resnet18,imagenet,70,29,41,124,24,11,13,42,0.8333333333333334,0.8391608391608392,0.8573701410388717,0.7272727272727273,0.9230769230769232,0.8888888888888888,0.7272727272727273,0.8,0.3619888126850128,12,1,3,8,12,40242
4,3,lr_1em03_sched_cosine_img_224_ft_layer3_layer4_fc_loss_focal_1c2cfa6c7e,0.001,cosine,224,layer3_layer4_fc,focal,resnet18,imagenet,71,33,38,126,23,7,16,40,0.9130434782608696,0.8660714285714286,0.8555555555555554,0.7142857142857143,1.0,1.0,0.7142857142857143,0.8333333333333334,0.4524495005607605,16,0,2,5,23,40342
4,4,lr_1em03_sched_cosine_img_224_ft_layer3_layer4_fc_loss_focal_1c2cfa6c7e,0.001,cosine,224,layer3_layer4_fc,focal,resnet18,imagenet,71,29,42,123,23,11,12,43,0.8695652173913043,0.931818181818182,0.9355866355866356,0.8181818181818182,0.9166666666666666,0.9,0.8181818181818182,0.8571428571428571,0.3627087473869324,11,1,2,9,25,40442
4,1,lr_1em03_sched_cosine_img_224_ft_full_loss_weighted_cross_entropy_39e37e168b,0.001,cosine,224,full,weighted_cross_entropy,resnet18,imagenet,70,29,41,125,24,11,13,41,0.7916666666666666,0.8111888111888111,0.8220166056853364,0.6363636363636364,0.9230769230769232,0.875,0.6363636363636364,0.7368421052631579,0.9373852610588074,12,1,4,7,5,40142
4,2,lr_1em03_sched_cosine_img_224_ft_full_loss_weighted_cross_entropy_39e37e168b,0.001,cosine,224,full,weighted_cross_entropy,resnet18,imagenet,70,29,41,124,24,11,13,42,0.875,0.902097902097902,0.9192195364444168,0.7272727272727273,1.0,1.0,0.7272727272727273,0.8421052631578947,0.2859194874763489,13,0,3,8,17,40242
4,3,lr_1em03_sched_cosine_img_224_ft_full_loss_weighted_cross_entropy_39e37e168b,0.001,cosine,224,full,weighted_cross_entropy,resnet18,imagenet,71,33,38,126,23,7,16,40,0.8695652173913043,0.8035714285714286,0.7666075125702454,0.7142857142857143,0.9375,0.8333333333333334,0.7142857142857143,0.7692307692307693,2.0051117016750556e-11,15,1,2,5,4,40342
4,4,lr_1em03_sched_cosine_img_224_ft_full_loss_weighted_cross_entropy_39e37e168b,0.001,cosine,224,full,weighted_cross_entropy,resnet18,imagenet,71,29,42,123,23,11,12,43,0.9130434782608696,0.9166666666666666,0.9484454939000396,0.9090909090909092,0.9166666666666666,0.9090909090909092,0.9090909090909092,0.9090909090909092,0.1761674582958221,11,1,1,10,6,40442
4,1,lr_1em03_sched_cosine_img_224_ft_full_loss_focal_6f8c3142a9,0.001,cosine,224,full,focal,resnet18,imagenet,70,29,41,125,24,11,13,41,0.7916666666666666,0.8531468531468531,0.8301799507681861,0.8181818181818182,0.7692307692307693,0.75,0.8181818181818182,0.782608695652174,7.233446047000269e-12,10,3,2,9,4,40142
4,2,lr_1em03_sched_cosine_img_224_ft_full_loss_focal_6f8c3142a9,0.001,cosine,224,full,focal,resnet18,imagenet,70,29,41,124,24,11,13,42,0.9166666666666666,0.916083916083916,0.9343434343434344,0.8181818181818182,1.0,1.0,0.8181818181818182,0.9,0.4237347841262817,13,0,2,9,13,40242
4,3,lr_1em03_sched_cosine_img_224_ft_full_loss_focal_6f8c3142a9,0.001,cosine,224,full,focal,resnet18,imagenet,71,33,38,126,23,7,16,40,0.8260869565217391,0.8928571428571428,0.8401360544217686,0.8571428571428571,0.8125,0.6666666666666666,0.8571428571428571,0.75,0.3991189002990722,13,3,1,6,19,40342
4,4,lr_1em03_sched_cosine_img_224_ft_full_loss_focal_6f8c3142a9,0.001,cosine,224,full,focal,resnet18,imagenet,71,29,42,123,23,11,12,43,0.8695652173913043,0.8863636363636364,0.911002886002886,0.9090909090909092,0.8333333333333334,0.8333333333333334,0.9090909090909092,0.8695652173913043,0.2981275618076324,10,2,1,10,6,40442
4,1,lr_1em03_sched_cosine_img_320_ft_fc_only_loss_weighted_cross_entropy_bc21784528,0.001,cosine,320,fc_only,weighted_cross_entropy,resnet18,imagenet,70,29,41,125,24,11,13,41,0.7083333333333334,0.5874125874125875,0.6057791352257755,0.7272727272727273,0.6923076923076923,0.6666666666666666,0.7272727272727273,0.6956521739130435,0.0976192727684974,9,4,3,8,3,40142
4,2,lr_1em03_sched_cosine_img_320_ft_fc_only_loss_weighted_cross_entropy_bc21784528,0.001,cosine,320,fc_only,weighted_cross_entropy,resnet18,imagenet,70,29,41,124,24,11,13,42,0.8333333333333334,0.8741258741258742,0.8695693195693196,0.9090909090909092,0.7692307692307693,0.7692307692307693,0.9090909090909092,0.8333333333333334,0.115545853972435,10,3,1,10,26,40242
4,3,lr_1em03_sched_cosine_img_320_ft_fc_only_loss_weighted_cross_entropy_bc21784528,0.001,cosine,320,fc_only,weighted_cross_entropy,resnet18,imagenet,71,33,38,126,23,7,16,40,0.9130434782608696,0.9017857142857142,0.8200680272108842,0.8571428571428571,0.9375,0.8571428571428571,0.8571428571428571,0.8571428571428571,0.2265934199094772,15,1,1,6,3,40342
4,4,lr_1em03_sched_cosine_img_320_ft_fc_only_loss_weighted_cross_entropy_bc21784528,0.001,cosine,320,fc_only,weighted_cross_entropy,resnet18,imagenet,71,29,42,123,23,11,12,43,0.782608695652174,0.8106060606060606,0.8034252297410192,0.8181818181818182,0.75,0.75,0.8181818181818182,0.782608695652174,0.0241574943065643,9,3,2,9,11,40442
4,1,lr_1em03_sched_cosine_img_320_ft_fc_only_loss_focal_57dc43c36e,0.001,cosine,320,fc_only,focal,resnet18,imagenet,70,29,41,125,24,11,13,41,0.7083333333333334,0.6503496503496503,0.6082644628099173,0.7272727272727273,0.6923076923076923,0.6666666666666666,0.7272727272727273,0.6956521739130435,0.0267737060785293,9,4,3,8,8,40142
4,2,lr_1em03_sched_cosine_img_320_ft_fc_only_loss_focal_57dc43c36e,0.001,cosine,320,fc_only,focal,resnet18,imagenet,70,29,41,124,24,11,13,42,0.75,0.7482517482517482,0.6958872232936404,1.0,0.5384615384615384,0.6470588235294118,1.0,0.7857142857142857,0.2332335710525512,7,6,0,11,29,40242
4,3,lr_1em03_sched_cosine_img_320_ft_fc_only_loss_focal_57dc43c36e,0.001,cosine,320,fc_only,focal,resnet18,imagenet,71,33,38,126,23,7,16,40,0.8695652173913043,0.875,0.7958333333333332,0.8571428571428571,0.875,0.75,0.8571428571428571,0.8,0.3869855105876922,14,2,1,6,3,40342
4,4,lr_1em03_sched_cosine_img_320_ft_fc_only_loss_focal_57dc43c36e,0.001,cosine,320,fc_only,focal,resnet18,imagenet,71,29,42,123,23,11,12,43,0.6956521739130435,0.6590909090909091,0.7096115958345061,0.5454545454545454,0.8333333333333334,0.75,0.5454545454545454,0.631578947368421,0.2211369425058365,10,2,5,6,4,40442
4,1,lr_1em03_sched_cosine_img_320_ft_layer4_fc_loss_weighted_cross_entropy_6c9df830c6,0.001,cosine,320,layer4_fc,weighted_cross_entropy,resnet18,imagenet,70,29,41,125,24,11,13,41,0.875,0.8531468531468531,0.8291847041847042,0.8181818181818182,0.9230769230769232,0.9,0.8181818181818182,0.8571428571428571,0.2766572833061218,12,1,2,9,27,40142
4,2,lr_1em03_sched_cosine_img_320_ft_layer4_fc_loss_weighted_cross_entropy_6c9df830c6,0.001,cosine,320,layer4_fc,weighted_cross_entropy,resnet18,imagenet,70,29,41,124,24,11,13,42,0.875,0.916083916083916,0.9228896103896104,0.7272727272727273,1.0,1.0,0.7272727272727273,0.8421052631578947,0.2601600587368011,13,0,3,8,9,40242
4,3,lr_1em03_sched_cosine_img_320_ft_layer4_fc_loss_weighted_cross_entropy_6c9df830c6,0.001,cosine,320,layer4_fc,weighted_cross_entropy,resnet18,imagenet,71,33,38,126,23,7,16,40,0.9565217391304348,0.875,0.9047619047619048,0.8571428571428571,1.0,1.0,0.8571428571428571,0.9230769230769232,0.956041693687439,16,0,1,6,5,40342
4,4,lr_1em03_sched_cosine_img_320_ft_layer4_fc_loss_weighted_cross_entropy_6c9df830c6,0.001,cosine,320,layer4_fc,weighted_cross_entropy,resnet18,imagenet,71,29,42,123,23,11,12,43,0.9130434782608696,0.9696969696969696,0.9708624708624708,1.0,0.8333333333333334,0.8461538461538461,1.0,0.9166666666666666,0.1577367335557937,10,2,0,11,8,40442
4,1,lr_1em03_sched_cosine_img_320_ft_layer4_fc_loss_focal_341f170a81,0.001,cosine,320,layer4_fc,focal,resnet18,imagenet,70,29,41,125,24,11,13,41,0.7916666666666666,0.7762237762237763,0.8232762406675451,0.7272727272727273,0.8461538461538461,0.8,0.7272727272727273,0.7619047619047619,0.5344510078430176,11,2,3,8,14,40142
4,2,lr_1em03_sched_cosine_img_320_ft_layer4_fc_loss_focal_341f170a81,0.001,cosine,320,layer4_fc,focal,resnet18,imagenet,70,29,41,124,24,11,13,42,0.875,0.944055944055944,0.9473484848484848,0.9090909090909092,0.8461538461538461,0.8333333333333334,0.9090909090909092,0.8695652173913043,0.4297340512275696,11,2,1,10,15,40242
4,3,lr_1em03_sched_cosine_img_320_ft_layer4_fc_loss_focal_341f170a81,0.001,cosine,320,layer4_fc,focal,resnet18,imagenet,71,33,38,126,23,7,16,40,0.8695652173913043,0.8169642857142857,0.6925170068027211,0.8571428571428571,0.875,0.75,0.8571428571428571,0.8,0.9920172691345216,14,2,1,6,2,40342
4,4,lr_1em03_sched_cosine_img_320_ft_layer4_fc_loss_focal_341f170a81,0.001,cosine,320,layer4_fc,focal,resnet18,imagenet,71,29,42,123,23,11,12,43,0.9130434782608696,0.9545454545454546,0.9471939676485132,1.0,0.8333333333333334,0.8461538461538461,1.0,0.9166666666666666,0.3238308727741241,10,2,0,11,8,40442
4,1,lr_1em03_sched_cosine_img_320_ft_layer3_layer4_fc_loss_weighted_cross_entropy_1377c12b1a,0.001,cosine,320,layer3_layer4_fc,weighted_cross_entropy,resnet18,imagenet,70,29,41,125,24,11,13,41,0.9166666666666666,0.944055944055944,0.9328688987779896,1.0,0.8461538461538461,0.8461538461538461,1.0,0.9166666666666666,0.2155269980430603,11,2,0,11,9,40142
4,2,lr_1em03_sched_cosine_img_320_ft_layer3_layer4_fc_loss_weighted_cross_entropy_1377c12b1a,0.001,cosine,320,layer3_layer4_fc,weighted_cross_entropy,resnet18,imagenet,70,29,41,124,24,11,13,42,0.8333333333333334,0.9230769230769232,0.9239819523910432,0.9090909090909092,0.7692307692307693,0.7692307692307693,0.9090909090909092,0.8333333333333334,0.1923692971467971,10,3,1,10,13,40242
4,3,lr_1em03_sched_cosine_img_320_ft_layer3_layer4_fc_loss_weighted_cross_entropy_1377c12b1a,0.001,cosine,320,layer3_layer4_fc,weighted_cross_entropy,resnet18,imagenet,71,33,38,126,23,7,16,40,0.9565217391304348,0.8928571428571428,0.9097744360902256,0.8571428571428571,1.0,1.0,0.8571428571428571,0.9230769230769232,0.5108221173286438,16,0,1,6,12,40342
4,4,lr_1em03_sched_cosine_img_320_ft_layer3_layer4_fc_loss_weighted_cross_entropy_1377c12b1a,0.001,cosine,320,layer3_layer4_fc,weighted_cross_entropy,resnet18,imagenet,71,29,42,123,23,11,12,43,0.8695652173913043,0.8749999999999999,0.7958628492719402,0.9090909090909092,0.8333333333333334,0.8333333333333334,0.9090909090909092,0.8695652173913043,0.4935287535190582,10,2,1,10,3,40442
4,1,lr_1em03_sched_cosine_img_320_ft_layer3_layer4_fc_loss_focal_e4d2aaa6dc,0.001,cosine,320,layer3_layer4_fc,focal,resnet18,imagenet,70,29,41,125,24,11,13,41,0.9166666666666666,0.944055944055944,0.9287124491669944,0.9090909090909092,0.9230769230769232,0.9090909090909092,0.9090909090909092,0.9090909090909092,0.5327487587928772,12,1,1,10,16,40142
4,2,lr_1em03_sched_cosine_img_320_ft_layer3_layer4_fc_loss_focal_e4d2aaa6dc,0.001,cosine,320,layer3_layer4_fc,focal,resnet18,imagenet,70,29,41,124,24,11,13,42,0.875,0.937062937062937,0.9329105238196148,1.0,0.7692307692307693,0.7857142857142857,1.0,0.88,0.4701818823814392,10,3,0,11,17,40242
4,3,lr_1em03_sched_cosine_img_320_ft_layer3_layer4_fc_loss_focal_e4d2aaa6dc,0.001,cosine,320,layer3_layer4_fc,focal,resnet18,imagenet,71,33,38,126,23,7,16,40,0.8260869565217391,0.8125,0.7689581095596132,0.7142857142857143,0.875,0.7142857142857143,0.7142857142857143,0.7142857142857143,0.3206396102905273,14,2,2,5,12,40342
4,4,lr_1em03_sched_cosine_img_320_ft_layer3_layer4_fc_loss_focal_e4d2aaa6dc,0.001,cosine,320,layer3_layer4_fc,focal,resnet18,imagenet,71,29,42,123,23,11,12,43,0.9130434782608696,0.946969696969697,0.9416994621540078,0.9090909090909092,0.9166666666666666,0.9090909090909092,0.9090909090909092,0.9090909090909092,0.8872315287590027,11,1,1,10,6,40442
4,1,lr_1em03_sched_cosine_img_320_ft_full_loss_weighted_cross_entropy_7dfecf0062,0.001,cosine,320,full,weighted_cross_entropy,resnet18,imagenet,70,29,41,125,24,11,13,41,0.8333333333333334,0.8881118881118881,0.8858243064125417,0.9090909090909092,0.7692307692307693,0.7692307692307693,0.9090909090909092,0.8333333333333334,0.3557847738265991,10,3,1,10,7,40142
4,2,lr_1em03_sched_cosine_img_320_ft_full_loss_weighted_cross_entropy_7dfecf0062,0.001,cosine,320,full,weighted_cross_entropy,resnet18,imagenet,70,29,41,124,24,11,13,42,0.9166666666666666,0.965034965034965,0.961771561771562,1.0,0.8461538461538461,0.8461538461538461,1.0,0.9166666666666666,0.1717488467693328,11,2,0,11,11,40242
4,3,lr_1em03_sched_cosine_img_320_ft_full_loss_weighted_cross_entropy_7dfecf0062,0.001,cosine,320,full,weighted_cross_entropy,resnet18,imagenet,71,33,38,126,23,7,16,40,0.8260869565217391,0.8571428571428572,0.6739022881880026,1.0,0.75,0.6363636363636364,1.0,0.7777777777777778,0.3868883848190307,12,4,0,7,12,40342
4,4,lr_1em03_sched_cosine_img_320_ft_full_loss_weighted_cross_entropy_7dfecf0062,0.001,cosine,320,full,weighted_cross_entropy,resnet18,imagenet,71,29,42,123,23,11,12,43,0.782608695652174,0.7878787878787878,0.80414673046252,0.7272727272727273,0.8333333333333334,0.8,0.7272727272727273,0.7619047619047619,3.502925437715021e-06,10,2,3,8,1,40442
4,1,lr_1em03_sched_cosine_img_320_ft_full_loss_focal_18d6d88640,0.001,cosine,320,full,focal,resnet18,imagenet,70,29,41,125,24,11,13,41,0.75,0.7342657342657343,0.7359389348025711,0.7272727272727273,0.7692307692307693,0.7272727272727273,0.7272727272727273,0.7272727272727273,0.1086569353938102,10,3,3,8,3,40142
4,2,lr_1em03_sched_cosine_img_320_ft_full_loss_focal_18d6d88640,0.001,cosine,320,full,focal,resnet18,imagenet,70,29,41,124,24,11,13,42,0.8333333333333334,0.8811188811188811,0.8877491492464755,0.8181818181818182,0.8461538461538461,0.8181818181818182,0.8181818181818182,0.8181818181818182,0.4251015782356262,11,2,2,9,12,40242
4,3,lr_1em03_sched_cosine_img_320_ft_full_loss_focal_18d6d88640,0.001,cosine,320,full,focal,resnet18,imagenet,71,33,38,126,23,7,16,40,0.8695652173913043,0.8303571428571428,0.7540816326530613,0.7142857142857143,0.9375,0.8333333333333334,0.7142857142857143,0.7692307692307693,0.6087057590484619,15,1,2,5,6,40342
4,4,lr_1em03_sched_cosine_img_320_ft_full_loss_focal_18d6d88640,0.001,cosine,320,full,focal,resnet18,imagenet,71,29,42,123,23,11,12,43,0.8260869565217391,0.8787878787878787,0.893767217630854,0.6363636363636364,1.0,1.0,0.6363636363636364,0.7777777777777778,0.5327363014221191,12,0,4,7,16,40442
4,1,lr_1em03_sched_none_img_224_ft_fc_only_loss_weighted_cross_entropy_b7e54e70a9,0.001,none,224,fc_only,weighted_cross_entropy,resnet18,imagenet,70,29,41,125,24,11,13,41,0.7916666666666666,0.7762237762237763,0.7873323571852984,0.6363636363636364,0.9230769230769232,0.875,0.6363636363636364,0.7368421052631579,0.1391120553016662,12,1,4,7,27,40142
4,2,lr_1em03_sched_none_img_224_ft_fc_only_loss_weighted_cross_entropy_b7e54e70a9,0.001,none,224,fc_only,weighted_cross_entropy,resnet18,imagenet,70,29,41,124,24,11,13,42,0.8333333333333334,0.8671328671328671,0.8870064279155189,0.8181818181818182,0.8461538461538461,0.8181818181818182,0.8181818181818182,0.8181818181818182,0.2128407210111618,11,2,2,9,26,40242
4,3,lr_1em03_sched_none_img_224_ft_fc_only_loss_weighted_cross_entropy_b7e54e70a9,0.001,none,224,fc_only,weighted_cross_entropy,resnet18,imagenet,71,33,38,126,23,7,16,40,0.8260869565217391,0.8392857142857142,0.7061533704390848,0.7142857142857143,0.875,0.7142857142857143,0.7142857142857143,0.7142857142857143,0.4744446575641632,14,2,2,5,7,40342
4,4,lr_1em03_sched_none_img_224_ft_fc_only_loss_weighted_cross_entropy_b7e54e70a9,0.001,none,224,fc_only,weighted_cross_entropy,resnet18,imagenet,71,29,42,123,23,11,12,43,0.8260869565217391,0.8560606060606061,0.8916961826052736,0.8181818181818182,0.8333333333333334,0.8181818181818182,0.8181818181818182,0.8181818181818182,0.097536563873291,10,2,2,9,13,40442
4,1,lr_1em03_sched_none_img_224_ft_fc_only_loss_focal_05666f2b69,0.001,none,224,fc_only,focal,resnet18,imagenet,70,29,41,125,24,11,13,41,0.75,0.8321678321678322,0.826166762530399,0.9090909090909092,0.6153846153846154,0.6666666666666666,0.9090909090909092,0.7692307692307693,0.0801509693264961,8,5,1,10,10,40142
4,2,lr_1em03_sched_none_img_224_ft_fc_only_loss_focal_05666f2b69,0.001,none,224,fc_only,focal,resnet18,imagenet,70,29,41,124,24,11,13,42,0.875,0.8601398601398602,0.8994997825141365,0.7272727272727273,1.0,1.0,0.7272727272727273,0.8421052631578947,0.3996315598487854,13,0,3,8,30,40242
4,3,lr_1em03_sched_none_img_224_ft_fc_only_loss_focal_05666f2b69,0.001,none,224,fc_only,focal,resnet18,imagenet,71,33,38,126,23,7,16,40,0.9130434782608696,0.9017857142857144,0.8510204081632653,0.8571428571428571,0.9375,0.8571428571428571,0.8571428571428571,0.8571428571428571,0.5067554116249084,15,1,1,6,25,40342
4,4,lr_1em03_sched_none_img_224_ft_fc_only_loss_focal_05666f2b69,0.001,none,224,fc_only,focal,resnet18,imagenet,71,29,42,123,23,11,12,43,0.8260869565217391,0.856060606060606,0.8874920534011443,0.9090909090909092,0.75,0.7692307692307693,0.9090909090909092,0.8333333333333334,0.0891648158431053,9,3,1,10,20,40442
4,1,lr_1em03_sched_none_img_224_ft_layer4_fc_loss_weighted_cross_entropy_35a6db6239,0.001,none,224,layer4_fc,weighted_cross_entropy,resnet18,imagenet,70,29,41,125,24,11,13,41,0.9166666666666666,0.951048951048951,0.9416994621540076,0.9090909090909092,0.9230769230769232,0.9090909090909092,0.9090909090909092,0.9090909090909092,0.2409922331571579,12,1,1,10,4,40142
4,2,lr_1em03_sched_none_img_224_ft_layer4_fc_loss_weighted_cross_entropy_35a6db6239,0.001,none,224,layer4_fc,weighted_cross_entropy,resnet18,imagenet,70,29,41,124,24,11,13,42,0.875,0.8601398601398601,0.9075757575757576,0.8181818181818182,0.9230769230769232,0.9,0.8181818181818182,0.8571428571428571,0.085138700902462,12,1,2,9,18,40242
4,3,lr_1em03_sched_none_img_224_ft_layer4_fc_loss_weighted_cross_entropy_35a6db6239,0.001,none,224,layer4_fc,weighted_cross_entropy,resnet18,imagenet,71,33,38,126,23,7,16,40,0.8695652173913043,0.8125,0.7476800976800977,0.7142857142857143,0.9375,0.8333333333333334,0.7142857142857143,0.7692307692307693,0.5843273401260376,15,1,2,5,2,40342
4,4,lr_1em03_sched_none_img_224_ft_layer4_fc_loss_weighted_cross_entropy_35a6db6239,0.001,none,224,layer4_fc,weighted_cross_entropy,resnet18,imagenet,71,29,42,123,23,11,12,43,0.9565217391304348,0.9696969696969696,0.964967860422406,1.0,0.9166666666666666,0.9166666666666666,1.0,0.9565217391304348,0.1037065088748931,11,1,0,11,9,40442
4,1,lr_1em03_sched_none_img_224_ft_layer4_fc_loss_focal_1801ecd509,0.001,none,224,layer4_fc,focal,resnet18,imagenet,70,29,41,125,24,11,13,41,0.8333333333333334,0.8741258741258742,0.8031551781551781,1.0,0.6923076923076923,0.7333333333333333,1.0,0.8461538461538461,0.3796390295028686,9,4,0,11,11,40142
4,2,lr_1em03_sched_none_img_224_ft_layer4_fc_loss_focal_1801ecd509,0.001,none,224,layer4_fc,focal,resnet18,imagenet,70,29,41,124,24,11,13,42,0.875,0.93006993006993,0.9332546241637152,0.7272727272727273,1.0,1.0,0.7272727272727273,0.8421052631578947,0.2351687401533126,13,0,3,8,20,40242
4,3,lr_1em03_sched_none_img_224_ft_layer4_fc_loss_focal_1801ecd509,0.001,none,224,layer4_fc,focal,resnet18,imagenet,71,33,38,126,23,7,16,40,0.9565217391304348,0.8839285714285714,0.9071428571428573,0.8571428571428571,1.0,1.0,0.8571428571428571,0.9230769230769232,0.9999936819076538,16,0,1,6,2,40342
4,4,lr_1em03_sched_none_img_224_ft_layer4_fc_loss_focal_1801ecd509,0.001,none,224,layer4_fc,focal,resnet18,imagenet,71,29,42,123,23,11,12,43,0.8695652173913043,0.9090909090909092,0.9228650137741048,0.9090909090909092,0.8333333333333334,0.8333333333333334,0.9090909090909092,0.8695652173913043,6.564060458913445e-05,10,2,1,10,3,40442
4,1,lr_1em03_sched_none_img_224_ft_layer3_layer4_fc_loss_weighted_cross_entropy_85e7d70c96,0.001,none,224,layer3_layer4_fc,weighted_cross_entropy,resnet18,imagenet,70,29,41,125,24,11,13,41,0.7916666666666666,0.7342657342657343,0.7408631772268136,0.8181818181818182,0.7692307692307693,0.75,0.8181818181818182,0.782608695652174,0.9998670816421508,10,3,2,9,2,40142
4,2,lr_1em03_sched_none_img_224_ft_layer3_layer4_fc_loss_weighted_cross_entropy_85e7d70c96,0.001,none,224,layer3_layer4_fc,weighted_cross_entropy,resnet18,imagenet,70,29,41,124,24,11,13,42,0.9166666666666666,0.944055944055944,0.936151727060818,1.0,0.8461538461538461,0.8461538461538461,1.0,0.9166666666666666,0.1807019263505935,11,2,0,11,8,40242
4,3,lr_1em03_sched_none_img_224_ft_layer3_layer4_fc_loss_weighted_cross_entropy_85e7d70c96,0.001,none,224,layer3_layer4_fc,weighted_cross_entropy,resnet18,imagenet,71,33,38,126,23,7,16,40,0.9565217391304348,0.8839285714285714,0.907142857142857,0.8571428571428571,1.0,1.0,0.8571428571428571,0.9230769230769232,0.6691322326660156,16,0,1,6,8,40342
4,4,lr_1em03_sched_none_img_224_ft_layer3_layer4_fc_loss_weighted_cross_entropy_85e7d70c96,0.001,none,224,layer3_layer4_fc,weighted_cross_entropy,resnet18,imagenet,71,29,42,123,23,11,12,43,0.8260869565217391,0.9090909090909092,0.9105866355866356,1.0,0.6666666666666666,0.7333333333333333,1.0,0.8461538461538461,1.4301685041573364e-05,8,4,0,11,1,40442
4,1,lr_1em03_sched_none_img_224_ft_layer3_layer4_fc_loss_focal_d5e4723b9f,0.001,none,224,layer3_layer4_fc,focal,resnet18,imagenet,70,29,41,125,24,11,13,41,0.9166666666666666,0.93006993006993,0.878146348600894,1.0,0.8461538461538461,0.8461538461538461,1.0,0.9166666666666666,0.0043751732446253,11,2,0,11,5,40142
4,2,lr_1em03_sched_none_img_224_ft_layer3_layer4_fc_loss_focal_d5e4723b9f,0.001,none,224,layer3_layer4_fc,focal,resnet18,imagenet,70,29,41,124,24,11,13,42,0.6666666666666666,0.5384615384615385,0.5499274557109943,0.4545454545454545,0.8461538461538461,0.7142857142857143,0.4545454545454545,0.5555555555555556,0.9968446493148804,11,2,6,5,1,40242
4,3,lr_1em03_sched_none_img_224_ft_layer3_layer4_fc_loss_focal_d5e4723b9f,0.001,none,224,layer3_layer4_fc,focal,resnet18,imagenet,71,33,38,126,23,7,16,40,0.8695652173913043,0.875,0.8278711484593837,0.8571428571428571,0.875,0.75,0.8571428571428571,0.8,0.0198750663548707,14,2,1,6,3,40342
4,4,lr_1em03_sched_none_img_224_ft_layer3_layer4_fc_loss_focal_d5e4723b9f,0.001,none,224,layer3_layer4_fc,focal,resnet18,imagenet,71,29,42,123,23,11,12,43,0.9130434782608696,0.9545454545454546,0.9584022038567492,0.9090909090909092,0.9166666666666666,0.9090909090909092,0.9090909090909092,0.9090909090909092,0.3358263373374939,11,1,1,10,7,40442
4,1,lr_1em03_sched_none_img_224_ft_full_loss_weighted_cross_entropy_006105b93c,0.001,none,224,full,weighted_cross_entropy,resnet18,imagenet,70,29,41,125,24,11,13,41,0.875,0.902097902097902,0.9001248751248752,0.8181818181818182,0.9230769230769232,0.9,0.8181818181818182,0.8571428571428571,0.9233782291412354,12,1,2,9,1,40142
4,2,lr_1em03_sched_none_img_224_ft_full_loss_weighted_cross_entropy_006105b93c,0.001,none,224,full,weighted_cross_entropy,resnet18,imagenet,70,29,41,124,24,11,13,42,0.8333333333333334,0.8041958041958042,0.8556932102984736,0.6363636363636364,1.0,1.0,0.6363636363636364,0.7777777777777778,0.3900343775749206,13,0,4,7,15,40242
4,3,lr_1em03_sched_none_img_224_ft_full_loss_weighted_cross_entropy_006105b93c,0.001,none,224,full,weighted_cross_entropy,resnet18,imagenet,71,33,38,126,23,7,16,40,0.8260869565217391,0.8571428571428571,0.7752009894867038,0.7142857142857143,0.875,0.7142857142857143,0.7142857142857143,0.7142857142857143,0.044316004961729,14,2,2,5,8,40342
4,4,lr_1em03_sched_none_img_224_ft_full_loss_weighted_cross_entropy_006105b93c,0.001,none,224,full,weighted_cross_entropy,resnet18,imagenet,71,29,42,123,23,11,12,43,0.9130434782608696,0.9242424242424242,0.9371900826446282,0.9090909090909092,0.9166666666666666,0.9090909090909092,0.9090909090909092,0.9090909090909092,0.1963832825422287,11,1,1,10,12,40442
4,1,lr_1em03_sched_none_img_224_ft_full_loss_focal_245c243886,0.001,none,224,full,focal,resnet18,imagenet,70,29,41,125,24,11,13,41,0.875,0.888111888111888,0.8521090021090021,1.0,0.7692307692307693,0.7857142857142857,1.0,0.88,0.2474239468574524,10,3,0,11,8,40142
4,2,lr_1em03_sched_none_img_224_ft_full_loss_focal_245c243886,0.001,none,224,full,focal,resnet18,imagenet,70,29,41,124,24,11,13,42,0.875,0.8951048951048951,0.9148905321154126,0.7272727272727273,1.0,1.0,0.7272727272727273,0.8421052631578947,0.4673902690410614,13,0,3,8,21,40242
4,3,lr_1em03_sched_none_img_224_ft_full_loss_focal_245c243886,0.001,none,224,full,focal,resnet18,imagenet,71,33,38,126,23,7,16,40,0.8260869565217391,0.7767857142857143,0.5711689939133547,0.8571428571428571,0.8125,0.6666666666666666,0.8571428571428571,0.75,6.121775868450641e-07,13,3,1,6,1,40342
4,4,lr_1em03_sched_none_img_224_ft_full_loss_focal_245c243886,0.001,none,224,full,focal,resnet18,imagenet,71,29,42,123,23,11,12,43,0.782608695652174,0.7651515151515151,0.6682761682761682,0.9090909090909092,0.6666666666666666,0.7142857142857143,0.9090909090909092,0.8,0.9999997615814208,8,4,1,10,1,40442
4,1,lr_1em03_sched_none_img_320_ft_fc_only_loss_weighted_cross_entropy_836cdb394a,0.001,none,320,fc_only,weighted_cross_entropy,resnet18,imagenet,70,29,41,125,24,11,13,41,0.75,0.7132867132867133,0.7340974681883774,0.7272727272727273,0.7692307692307693,0.7272727272727273,0.7272727272727273,0.7272727272727273,0.0633425712585449,10,3,3,8,30,40142
4,2,lr_1em03_sched_none_img_320_ft_fc_only_loss_weighted_cross_entropy_836cdb394a,0.001,none,320,fc_only,weighted_cross_entropy,resnet18,imagenet,70,29,41,124,24,11,13,42,0.75,0.8251748251748252,0.8303653417289782,0.7272727272727273,0.7692307692307693,0.7272727272727273,0.7272727272727273,0.7272727272727273,0.1936126947402954,10,3,3,8,18,40242
4,3,lr_1em03_sched_none_img_320_ft_fc_only_loss_weighted_cross_entropy_836cdb394a,0.001,none,320,fc_only,weighted_cross_entropy,resnet18,imagenet,71,33,38,126,23,7,16,40,0.9130434782608696,0.8928571428571428,0.8468537414965986,0.8571428571428571,0.9375,0.8571428571428571,0.8571428571428571,0.8571428571428571,0.1738379150629043,15,1,1,6,3,40342
4,4,lr_1em03_sched_none_img_320_ft_fc_only_loss_weighted_cross_entropy_836cdb394a,0.001,none,320,fc_only,weighted_cross_entropy,resnet18,imagenet,71,29,42,123,23,11,12,43,0.9130434782608696,0.8787878787878787,0.8739505444050899,0.9090909090909092,0.9166666666666666,0.9090909090909092,0.9090909090909092,0.9090909090909092,0.0449426583945751,11,1,1,10,23,40442
4,1,lr_1em03_sched_none_img_320_ft_fc_only_loss_focal_00c9594df0,0.001,none,320,fc_only,focal,resnet18,imagenet,70,29,41,125,24,11,13,41,0.7916666666666666,0.7062937062937064,0.7949015850201622,0.5454545454545454,1.0,1.0,0.5454545454545454,0.7058823529411765,0.4300112724304199,13,0,5,6,20,40142
4,2,lr_1em03_sched_none_img_320_ft_fc_only_loss_focal_00c9594df0,0.001,none,320,fc_only,focal,resnet18,imagenet,70,29,41,124,24,11,13,42,0.75,0.8111888111888111,0.8021496477378831,1.0,0.5384615384615384,0.6470588235294118,1.0,0.7857142857142857,0.0498733483254909,7,6,0,11,19,40242
4,3,lr_1em03_sched_none_img_320_ft_fc_only_loss_focal_00c9594df0,0.001,none,320,fc_only,focal,resnet18,imagenet,71,33,38,126,23,7,16,40,0.8260869565217391,0.8839285714285714,0.81156462585034,0.8571428571428571,0.8125,0.6666666666666666,0.8571428571428571,0.75,0.1344126909971237,13,3,1,6,3,40342
4,4,lr_1em03_sched_none_img_320_ft_fc_only_loss_focal_00c9594df0,0.001,none,320,fc_only,focal,resnet18,imagenet,71,29,42,123,23,11,12,43,0.7391304347826086,0.75,0.7592082160263979,0.8181818181818182,0.6666666666666666,0.6923076923076923,0.8181818181818182,0.75,0.1302837878465652,8,4,2,9,11,40442
4,1,lr_1em03_sched_none_img_320_ft_layer4_fc_loss_weighted_cross_entropy_578e824dcb,0.001,none,320,layer4_fc,weighted_cross_entropy,resnet18,imagenet,70,29,41,125,24,11,13,41,0.9166666666666666,0.951048951048951,0.9342069546615,1.0,0.8461538461538461,0.8461538461538461,1.0,0.9166666666666666,0.3574773073196411,11,2,0,11,25,40142
4,2,lr_1em03_sched_none_img_320_ft_layer4_fc_loss_weighted_cross_entropy_578e824dcb,0.001,none,320,layer4_fc,weighted_cross_entropy,resnet18,imagenet,70,29,41,124,24,11,13,42,0.875,0.916083916083916,0.9295815295815296,0.8181818181818182,0.9230769230769232,0.9,0.8181818181818182,0.8571428571428571,0.513586699962616,12,1,2,9,7,40242
4,3,lr_1em03_sched_none_img_320_ft_layer4_fc_loss_weighted_cross_entropy_578e824dcb,0.001,none,320,layer4_fc,weighted_cross_entropy,resnet18,imagenet,71,33,38,126,23,7,16,40,0.8260869565217391,0.8125,0.6966791979949873,0.8571428571428571,0.8125,0.6666666666666666,0.8571428571428571,0.75,0.8631412386894226,13,3,1,6,5,40342
4,4,lr_1em03_sched_none_img_320_ft_layer4_fc_loss_weighted_cross_entropy_578e824dcb,0.001,none,320,layer4_fc,weighted_cross_entropy,resnet18,imagenet,71,29,42,123,23,11,12,43,0.8695652173913043,0.931818181818182,0.9368131868131868,1.0,0.75,0.7857142857142857,1.0,0.88,0.0727679058909416,9,3,0,11,4,40442
4,1,lr_1em03_sched_none_img_320_ft_layer4_fc_loss_focal_e507192914,0.001,none,320,layer4_fc,focal,resnet18,imagenet,70,29,41,125,24,11,13,41,0.9166666666666666,0.93006993006993,0.8939865689865689,1.0,0.8461538461538461,0.8461538461538461,1.0,0.9166666666666666,0.2527870833873749,11,2,0,11,17,40142
4,2,lr_1em03_sched_none_img_320_ft_layer4_fc_loss_focal_e507192914,0.001,none,320,layer4_fc,focal,resnet18,imagenet,70,29,41,124,24,11,13,42,0.875,0.9230769230769232,0.9128968253968254,0.9090909090909092,0.8461538461538461,0.8333333333333334,0.9090909090909092,0.8695652173913043,0.3890829086303711,11,2,1,10,10,40242
4,3,lr_1em03_sched_none_img_320_ft_layer4_fc_loss_focal_e507192914,0.001,none,320,layer4_fc,focal,resnet18,imagenet,71,33,38,126,23,7,16,40,0.8695652173913043,0.875,0.8394357743097238,0.8571428571428571,0.875,0.75,0.8571428571428571,0.8,0.7000399231910706,14,2,1,6,11,40342
4,4,lr_1em03_sched_none_img_320_ft_layer4_fc_loss_focal_e507192914,0.001,none,320,layer4_fc,focal,resnet18,imagenet,71,29,42,123,23,11,12,43,0.9130434782608696,0.946969696969697,0.944232535141626,1.0,0.8333333333333334,0.8461538461538461,1.0,0.9166666666666666,0.1783291548490524,10,2,0,11,13,40442
4,1,lr_1em03_sched_none_img_320_ft_layer3_layer4_fc_loss_weighted_cross_entropy_65901fafb2,0.001,none,320,layer3_layer4_fc,weighted_cross_entropy,resnet18,imagenet,70,29,41,125,24,11,13,41,0.8333333333333334,0.8041958041958042,0.8523654521096976,0.6363636363636364,1.0,1.0,0.6363636363636364,0.7777777777777778,0.9999977350234984,13,0,4,7,4,40142
4,2,lr_1em03_sched_none_img_320_ft_layer3_layer4_fc_loss_weighted_cross_entropy_65901fafb2,0.001,none,320,layer3_layer4_fc,weighted_cross_entropy,resnet18,imagenet,70,29,41,124,24,11,13,42,0.9166666666666666,0.958041958041958,0.9530630985176438,0.9090909090909092,0.9230769230769232,0.9090909090909092,0.9090909090909092,0.9090909090909092,0.1619456559419632,12,1,1,10,17,40242
4,3,lr_1em03_sched_none_img_320_ft_layer3_layer4_fc_loss_weighted_cross_entropy_65901fafb2,0.001,none,320,layer3_layer4_fc,weighted_cross_entropy,resnet18,imagenet,71,33,38,126,23,7,16,40,0.8695652173913043,0.8482142857142856,0.7707282913165265,0.7142857142857143,0.9375,0.8333333333333334,0.7142857142857143,0.7692307692307693,0.8465582132339478,15,1,2,5,9,40342
4,4,lr_1em03_sched_none_img_320_ft_layer3_layer4_fc_loss_weighted_cross_entropy_65901fafb2,0.001,none,320,layer3_layer4_fc,weighted_cross_entropy,resnet18,imagenet,71,29,42,123,23,11,12,43,0.9130434782608696,0.9166666666666669,0.8865485524576433,1.0,0.8333333333333334,0.8461538461538461,1.0,0.9166666666666666,0.0792640969157219,10,2,0,11,4,40442
4,1,lr_1em03_sched_none_img_320_ft_layer3_layer4_fc_loss_focal_706f56cbf3,0.001,none,320,layer3_layer4_fc,focal,resnet18,imagenet,70,29,41,125,24,11,13,41,0.8333333333333334,0.881118881118881,0.8725403384494294,0.8181818181818182,0.8461538461538461,0.8181818181818182,0.8181818181818182,0.8181818181818182,0.5828390121459961,11,2,2,9,14,40142
4,2,lr_1em03_sched_none_img_320_ft_layer3_layer4_fc_loss_focal_706f56cbf3,0.001,none,320,layer3_layer4_fc,focal,resnet18,imagenet,70,29,41,124,24,11,13,42,0.9166666666666666,0.951048951048951,0.956439393939394,0.8181818181818182,1.0,1.0,0.8181818181818182,0.9,0.3880213499069214,13,0,2,9,9,40242
4,3,lr_1em03_sched_none_img_320_ft_layer3_layer4_fc_loss_focal_706f56cbf3,0.001,none,320,layer3_layer4_fc,focal,resnet18,imagenet,71,33,38,126,23,7,16,40,0.8260869565217391,0.7589285714285714,0.5837868480725623,0.7142857142857143,0.875,0.7142857142857143,0.7142857142857143,0.7142857142857143,0.1960620731115341,14,2,2,5,1,40342
4,4,lr_1em03_sched_none_img_320_ft_layer3_layer4_fc_loss_focal_706f56cbf3,0.001,none,320,layer3_layer4_fc,focal,resnet18,imagenet,71,29,42,123,23,11,12,43,0.9130434782608696,0.9696969696969696,0.9708624708624708,1.0,0.8333333333333334,0.8461538461538461,1.0,0.9166666666666666,0.0057356525212526,10,2,0,11,9,40442
4,1,lr_1em03_sched_none_img_320_ft_full_loss_weighted_cross_entropy_fe6fdc5ff9,0.001,none,320,full,weighted_cross_entropy,resnet18,imagenet,70,29,41,125,24,11,13,41,0.8333333333333334,0.8251748251748252,0.8611845444849398,0.8181818181818182,0.8461538461538461,0.8181818181818182,0.8181818181818182,0.8181818181818182,0.3395452499389648,11,2,2,9,19,40142
4,2,lr_1em03_sched_none_img_320_ft_full_loss_weighted_cross_entropy_fe6fdc5ff9,0.001,none,320,full,weighted_cross_entropy,resnet18,imagenet,70,29,41,124,24,11,13,42,0.8333333333333334,0.8391608391608391,0.8487668896759807,0.8181818181818182,0.8461538461538461,0.8181818181818182,0.8181818181818182,0.8181818181818182,0.0064800246618688,11,2,2,9,3,40242
4,3,lr_1em03_sched_none_img_320_ft_full_loss_weighted_cross_entropy_fe6fdc5ff9,0.001,none,320,full,weighted_cross_entropy,resnet18,imagenet,71,33,38,126,23,7,16,40,0.8695652173913043,0.8571428571428572,0.7744047619047618,0.7142857142857143,0.9375,0.8333333333333334,0.7142857142857143,0.7692307692307693,0.1728901118040084,15,1,2,5,9,40342
4,4,lr_1em03_sched_none_img_320_ft_full_loss_weighted_cross_entropy_fe6fdc5ff9,0.001,none,320,full,weighted_cross_entropy,resnet18,imagenet,71,29,42,123,23,11,12,43,0.7391304347826086,0.7727272727272727,0.7681708368874145,0.8181818181818182,0.6666666666666666,0.6923076923076923,0.8181818181818182,0.75,0.2967214584350586,8,4,2,9,1,40442
4,1,lr_1em03_sched_none_img_320_ft_full_loss_focal_7c6d6444f2,0.001,none,320,full,focal,resnet18,imagenet,70,29,41,125,24,11,13,41,0.8333333333333334,0.8041958041958043,0.8682716492993174,0.8181818181818182,0.8461538461538461,0.8181818181818182,0.8181818181818182,0.8181818181818182,0.4951178133487701,11,2,2,9,8,40142
4,2,lr_1em03_sched_none_img_320_ft_full_loss_focal_7c6d6444f2,0.001,none,320,full,focal,resnet18,imagenet,70,29,41,124,24,11,13,42,0.875,0.8811188811188811,0.912042502951594,0.7272727272727273,1.0,1.0,0.7272727272727273,0.8421052631578947,0.4202121496200561,13,0,3,8,4,40242
4,3,lr_1em03_sched_none_img_320_ft_full_loss_focal_7c6d6444f2,0.001,none,320,full,focal,resnet18,imagenet,71,33,38,126,23,7,16,40,0.8695652173913043,0.7946428571428572,0.6953514739229025,0.7142857142857143,0.9375,0.8333333333333334,0.7142857142857143,0.7692307692307693,0.3811483681201935,15,1,2,5,17,40342
4,4,lr_1em03_sched_none_img_320_ft_full_loss_focal_7c6d6444f2,0.001,none,320,full,focal,resnet18,imagenet,71,29,42,123,23,11,12,43,0.8260869565217391,0.8787878787878788,0.8864885114885115,0.9090909090909092,0.75,0.7692307692307693,0.9090909090909092,0.8333333333333334,0.5635370016098022,9,3,1,10,11,40442
5,1,lr_1em05_sched_step_img_224_ft_fc_only_loss_weighted_cross_entropy_e744e19af3,1e-05,step,224,fc_only,weighted_cross_entropy,resnet18,imagenet,71,34,37,121,23,8,15,44,0.782608695652174,0.6916666666666667,0.5705079642579642,0.5,0.9333333333333332,0.8,0.5,0.6153846153846154,0.7477267980575562,14,1,4,4,1,50142
5,2,lr_1em05_sched_step_img_224_ft_fc_only_loss_weighted_cross_entropy_e744e19af3,1e-05,step,224,fc_only,weighted_cross_entropy,resnet18,imagenet,70,30,40,124,24,12,12,41,0.625,0.4861111111111111,0.5850979144171363,0.5833333333333334,0.6666666666666666,0.6363636363636364,0.5833333333333334,0.6086956521739131,0.553339958190918,8,4,5,7,10,50242
5,3,lr_1em05_sched_step_img_224_ft_fc_only_loss_weighted_cross_entropy_e744e19af3,1e-05,step,224,fc_only,weighted_cross_entropy,resnet18,imagenet,70,32,38,122,24,10,14,43,0.625,0.4857142857142857,0.446801948051948,0.4,0.7857142857142857,0.5714285714285714,0.4,0.4705882352941176,0.8040043711662292,11,3,6,4,1,50342
5,4,lr_1em05_sched_step_img_224_ft_fc_only_loss_weighted_cross_entropy_e744e19af3,1e-05,step,224,fc_only,weighted_cross_entropy,resnet18,imagenet,71,30,41,128,23,12,11,37,0.5652173913043478,0.4393939393939394,0.5210155542198885,1.0,0.0909090909090909,0.5454545454545454,1.0,0.7058823529411765,0.4500406980514526,1,10,0,12,1,50442
5,1,lr_1em05_sched_step_img_224_ft_fc_only_loss_focal_7d44ac8191,1e-05,step,224,fc_only,focal,resnet18,imagenet,71,34,37,121,23,8,15,44,0.782608695652174,0.6916666666666667,0.5705079642579642,0.5,0.9333333333333332,0.8,0.5,0.6153846153846154,0.7448726296424866,14,1,4,4,1,50142
5,2,lr_1em05_sched_step_img_224_ft_fc_only_loss_focal_7d44ac8191,1e-05,step,224,fc_only,focal,resnet18,imagenet,70,30,40,124,24,12,12,41,0.625,0.4861111111111111,0.5850979144171363,0.5833333333333334,0.6666666666666666,0.6363636363636364,0.5833333333333334,0.6086956521739131,0.5871456265449524,8,4,5,7,10,50242
5,3,lr_1em05_sched_step_img_224_ft_fc_only_loss_focal_7d44ac8191,1e-05,step,224,fc_only,focal,resnet18,imagenet,70,32,38,122,24,10,14,43,0.625,0.4857142857142857,0.446801948051948,0.4,0.7857142857142857,0.5714285714285714,0.4,0.4705882352941176,0.8049395084381104,11,3,6,4,1,50342
5,4,lr_1em05_sched_step_img_224_ft_fc_only_loss_focal_7d44ac8191,1e-05,step,224,fc_only,focal,resnet18,imagenet,71,30,41,128,23,12,11,37,0.5652173913043478,0.4393939393939394,0.5210155542198885,1.0,0.0909090909090909,0.5454545454545454,1.0,0.7058823529411765,0.4503801167011261,1,10,0,12,1,50442
5,1,lr_1em05_sched_step_img_224_ft_layer4_fc_loss_weighted_cross_entropy_091065855a,1e-05,step,224,layer4_fc,weighted_cross_entropy,resnet18,imagenet,71,34,37,121,23,8,15,44,0.782608695652174,0.7833333333333334,0.762309429700734,0.875,0.7333333333333333,0.6363636363636364,0.875,0.7368421052631579,0.5073868036270142,11,4,1,7,22,50142
5,2,lr_1em05_sched_step_img_224_ft_layer4_fc_loss_weighted_cross_entropy_091065855a,1e-05,step,224,layer4_fc,weighted_cross_entropy,resnet18,imagenet,70,30,40,124,24,12,12,41,0.6666666666666666,0.6319444444444445,0.6360700573935869,0.4166666666666667,0.9166666666666666,0.8333333333333334,0.4166666666666667,0.5555555555555556,0.5643651485443115,11,1,7,5,26,50242
5,3,lr_1em05_sched_step_img_224_ft_layer4_fc_loss_weighted_cross_entropy_091065855a,1e-05,step,224,layer4_fc,weighted_cross_entropy,resnet18,imagenet,70,32,38,122,24,10,14,43,0.75,0.6785714285714286,0.5922752533507681,0.6,0.8571428571428571,0.75,0.6,0.6666666666666666,0.7072299122810364,12,2,4,6,10,50342
5,4,lr_1em05_sched_step_img_224_ft_layer4_fc_loss_weighted_cross_entropy_091065855a,1e-05,step,224,layer4_fc,weighted_cross_entropy,resnet18,imagenet,71,30,41,128,23,12,11,37,0.6086956521739131,0.6287878787878788,0.6675574296704329,0.4166666666666667,0.8181818181818182,0.7142857142857143,0.4166666666666667,0.5263157894736842,0.3877131938934326,9,2,7,5,11,50442
5,1,lr_1em05_sched_step_img_224_ft_layer4_fc_loss_focal_862eb530de,1e-05,step,224,layer4_fc,focal,resnet18,imagenet,71,34,37,121,23,8,15,44,0.782608695652174,0.7666666666666667,0.7216032608695652,0.75,0.8,0.6666666666666666,0.75,0.7058823529411765,0.5080386400222778,12,3,2,6,20,50142
5,2,lr_1em05_sched_step_img_224_ft_layer4_fc_loss_focal_862eb530de,1e-05,step,224,layer4_fc,focal,resnet18,imagenet,70,30,40,124,24,12,12,41,0.7916666666666666,0.7430555555555556,0.7180046805046805,0.8333333333333334,0.75,0.7692307692307693,0.8333333333333334,0.8,0.5460900068283081,9,3,2,10,10,50242
5,3,lr_1em05_sched_step_img_224_ft_layer4_fc_loss_focal_862eb530de,1e-05,step,224,layer4_fc,focal,resnet18,imagenet,70,32,38,122,24,10,14,43,0.6666666666666666,0.6,0.470718954248366,0.8,0.5714285714285714,0.5714285714285714,0.8,0.6666666666666666,0.5261502861976624,8,6,2,8,30,50342
5,4,lr_1em05_sched_step_img_224_ft_layer4_fc_loss_focal_862eb530de,1e-05,step,224,layer4_fc,focal,resnet18,imagenet,71,30,41,128,23,12,11,37,0.6956521739130435,0.6515151515151515,0.7428703173188468,0.5,0.9090909090909092,0.8571428571428571,0.5,0.631578947368421,0.4959148466587066,10,1,6,6,28,50442
5,1,lr_1em05_sched_step_img_224_ft_layer3_layer4_fc_loss_weighted_cross_entropy_2ad1b25df8,1e-05,step,224,layer3_layer4_fc,weighted_cross_entropy,resnet18,imagenet,71,34,37,121,23,8,15,44,0.782608695652174,0.775,0.7528532608695652,0.75,0.8,0.6666666666666666,0.75,0.7058823529411765,0.5769022703170776,12,3,2,6,14,50142
5,2,lr_1em05_sched_step_img_224_ft_layer3_layer4_fc_loss_weighted_cross_entropy_2ad1b25df8,1e-05,step,224,layer3_layer4_fc,weighted_cross_entropy,resnet18,imagenet,70,30,40,124,24,12,12,41,0.8333333333333334,0.8263888888888888,0.7642859455359455,0.75,0.9166666666666666,0.9,0.75,0.8181818181818182,0.5101994276046753,11,1,3,9,18,50242
5,3,lr_1em05_sched_step_img_224_ft_layer3_layer4_fc_loss_weighted_cross_entropy_2ad1b25df8,1e-05,step,224,layer3_layer4_fc,weighted_cross_entropy,resnet18,imagenet,70,32,38,122,24,10,14,43,0.7083333333333334,0.7071428571428571,0.6127719421101774,1.0,0.5,0.5882352941176471,1.0,0.7407407407407407,0.5020232796669006,7,7,0,10,28,50342
5,4,lr_1em05_sched_step_img_224_ft_layer3_layer4_fc_loss_weighted_cross_entropy_2ad1b25df8,1e-05,step,224,layer3_layer4_fc,weighted_cross_entropy,resnet18,imagenet,71,30,41,128,23,12,11,37,0.7391304347826086,0.7196969696969697,0.7941378960686742,0.6666666666666666,0.8181818181818182,0.8,0.6666666666666666,0.7272727272727273,0.3943229615688324,9,2,4,8,30,50442
5,1,lr_1em05_sched_step_img_224_ft_layer3_layer4_fc_loss_focal_ac42961866,1e-05,step,224,layer3_layer4_fc,focal,resnet18,imagenet,71,34,37,121,23,8,15,44,0.782608695652174,0.7416666666666667,0.721577380952381,0.5,0.9333333333333332,0.8,0.5,0.6153846153846154,0.6540241837501526,14,1,4,4,9,50142
5,2,lr_1em05_sched_step_img_224_ft_layer3_layer4_fc_loss_focal_ac42961866,1e-05,step,224,layer3_layer4_fc,focal,resnet18,imagenet,70,30,40,124,24,12,12,41,0.75,0.75,0.7133597883597883,0.6666666666666666,0.8333333333333334,0.8,0.6666666666666666,0.7272727272727273,0.5328336358070374,10,2,4,8,14,50242
5,3,lr_1em05_sched_step_img_224_ft_layer3_layer4_fc_loss_focal_ac42961866,1e-05,step,224,layer3_layer4_fc,focal,resnet18,imagenet,70,32,38,122,24,10,14,43,0.6666666666666666,0.5785714285714285,0.5369444444444444,0.5,0.7857142857142857,0.625,0.5,0.5555555555555556,0.6805418729782104,11,3,5,5,9,50342
5,4,lr_1em05_sched_step_img_224_ft_layer3_layer4_fc_loss_focal_ac42961866,1e-05,step,224,layer3_layer4_fc,focal,resnet18,imagenet,71,30,41,128,23,12,11,37,0.7391304347826086,0.7272727272727272,0.6946353415103415,0.75,0.7272727272727273,0.75,0.75,0.75,0.3717183470726013,8,3,3,9,11,50442
5,1,lr_1em05_sched_step_img_224_ft_full_loss_weighted_cross_entropy_98beac15b4,1e-05,step,224,full,weighted_cross_entropy,resnet18,imagenet,71,34,37,121,23,8,15,44,0.782608695652174,0.775,0.7410714285714286,0.75,0.8,0.6666666666666666,0.75,0.7058823529411765,0.539706826210022,12,3,2,6,11,50142
5,2,lr_1em05_sched_step_img_224_ft_full_loss_weighted_cross_entropy_98beac15b4,1e-05,step,224,full,weighted_cross_entropy,resnet18,imagenet,70,30,40,124,24,12,12,41,0.8333333333333334,0.7916666666666666,0.7391474266474266,0.8333333333333334,0.8333333333333334,0.8333333333333334,0.8333333333333334,0.8333333333333334,0.5561298727989197,10,2,2,10,12,50242
5,3,lr_1em05_sched_step_img_224_ft_full_loss_weighted_cross_entropy_98beac15b4,1e-05,step,224,full,weighted_cross_entropy,resnet18,imagenet,70,32,38,122,24,10,14,43,0.7083333333333334,0.6000000000000001,0.4941919191919192,0.7,0.7142857142857143,0.6363636363636364,0.7,0.6666666666666666,0.6601365804672241,10,4,3,7,7,50342
5,4,lr_1em05_sched_step_img_224_ft_full_loss_weighted_cross_entropy_98beac15b4,1e-05,step,224,full,weighted_cross_entropy,resnet18,imagenet,71,30,41,128,23,12,11,37,0.8260869565217391,0.803030303030303,0.8600315126050421,0.75,0.9090909090909092,0.9,0.75,0.8181818181818182,0.3533278405666351,10,1,3,9,10,50442
5,1,lr_1em05_sched_step_img_224_ft_full_loss_focal_e7ad1ca13a,1e-05,step,224,full,focal,resnet18,imagenet,71,34,37,121,23,8,15,44,0.7391304347826086,0.7250000000000001,0.5868276198439242,0.75,0.7333333333333333,0.6,0.75,0.6666666666666666,0.54166179895401,11,4,2,6,14,50142
5,2,lr_1em05_sched_step_img_224_ft_full_loss_focal_e7ad1ca13a,1e-05,step,224,full,focal,resnet18,imagenet,70,30,40,124,24,12,12,41,0.7083333333333334,0.7222222222222222,0.6828699149671017,0.75,0.6666666666666666,0.6923076923076923,0.75,0.72,0.486036479473114,8,4,3,9,30,50242
5,3,lr_1em05_sched_step_img_224_ft_full_loss_focal_e7ad1ca13a,1e-05,step,224,full,focal,resnet18,imagenet,70,32,38,122,24,10,14,43,0.6666666666666666,0.5785714285714285,0.4788107062020105,0.8,0.5714285714285714,0.5714285714285714,0.8,0.6666666666666666,0.6173679232597351,8,6,2,8,8,50342
5,4,lr_1em05_sched_step_img_224_ft_full_loss_focal_e7ad1ca13a,1e-05,step,224,full,focal,resnet18,imagenet,71,30,41,128,23,12,11,37,0.782608695652174,0.7575757575757576,0.7939546635518503,0.75,0.8181818181818182,0.8181818181818182,0.75,0.782608695652174,0.341634601354599,9,2,3,9,26,50442
5,1,lr_1em05_sched_step_img_320_ft_fc_only_loss_weighted_cross_entropy_ba27b92124,1e-05,step,320,fc_only,weighted_cross_entropy,resnet18,imagenet,71,34,37,121,23,8,15,44,0.5652173913043478,0.6833333333333333,0.6111470229117288,1.0,0.3333333333333333,0.4444444444444444,1.0,0.6153846153846154,0.4773838818073272,5,10,0,8,1,50142
5,2,lr_1em05_sched_step_img_320_ft_fc_only_loss_weighted_cross_entropy_ba27b92124,1e-05,step,320,fc_only,weighted_cross_entropy,resnet18,imagenet,70,30,40,124,24,12,12,41,0.5,0.25,0.4062589293281513,0.1666666666666666,0.8333333333333334,0.5,0.1666666666666666,0.25,0.6765204071998596,10,2,10,2,10,50242
5,3,lr_1em05_sched_step_img_320_ft_fc_only_loss_weighted_cross_entropy_ba27b92124,1e-05,step,320,fc_only,weighted_cross_entropy,resnet18,imagenet,70,32,38,122,24,10,14,43,0.6666666666666666,0.4071428571428571,0.5069340785073051,0.2,1.0,1.0,0.2,0.3333333333333333,0.8530271649360657,14,0,8,2,1,50342
5,4,lr_1em05_sched_step_img_320_ft_fc_only_loss_weighted_cross_entropy_ba27b92124,1e-05,step,320,fc_only,weighted_cross_entropy,resnet18,imagenet,71,30,41,128,23,12,11,37,0.6521739130434783,0.6212121212121212,0.6903873903873904,0.4166666666666667,0.9090909090909092,0.8333333333333334,0.4166666666666667,0.5555555555555556,0.6505940556526184,10,1,7,5,1,50442
5,1,lr_1em05_sched_step_img_320_ft_fc_only_loss_focal_d49e6a8277,1e-05,step,320,fc_only,focal,resnet18,imagenet,71,34,37,121,23,8,15,44,0.5652173913043478,0.6833333333333333,0.6111470229117288,1.0,0.3333333333333333,0.4444444444444444,1.0,0.6153846153846154,0.482210099697113,5,10,0,8,1,50142
5,2,lr_1em05_sched_step_img_320_ft_fc_only_loss_focal_d49e6a8277,1e-05,step,320,fc_only,focal,resnet18,imagenet,70,30,40,124,24,12,12,41,0.5416666666666666,0.2569444444444444,0.4498001103693323,0.0833333333333333,1.0,1.0,0.0833333333333333,0.1538461538461538,0.615298867225647,12,0,11,1,12,50242
5,3,lr_1em05_sched_step_img_320_ft_fc_only_loss_focal_d49e6a8277,1e-05,step,320,fc_only,focal,resnet18,imagenet,70,32,38,122,24,10,14,43,0.6666666666666666,0.4071428571428571,0.5069340785073051,0.2,1.0,1.0,0.2,0.3333333333333333,0.8500474095344543,14,0,8,2,1,50342
5,4,lr_1em05_sched_step_img_320_ft_fc_only_loss_focal_d49e6a8277,1e-05,step,320,fc_only,focal,resnet18,imagenet,71,30,41,128,23,12,11,37,0.6521739130434783,0.6212121212121212,0.6903873903873904,0.4166666666666667,0.9090909090909092,0.8333333333333334,0.4166666666666667,0.5555555555555556,0.6528818011283875,10,1,7,5,1,50442
5,1,lr_1em05_sched_step_img_320_ft_layer4_fc_loss_weighted_cross_entropy_ca78caaccc,1e-05,step,320,layer4_fc,weighted_cross_entropy,resnet18,imagenet,71,34,37,121,23,8,15,44,0.5652173913043478,0.675,0.6054652047299106,1.0,0.3333333333333333,0.4444444444444444,1.0,0.6153846153846154,0.4514304101467132,5,10,0,8,1,50142
5,2,lr_1em05_sched_step_img_320_ft_layer4_fc_loss_weighted_cross_entropy_ca78caaccc,1e-05,step,320,layer4_fc,weighted_cross_entropy,resnet18,imagenet,70,30,40,124,24,12,12,41,0.7083333333333334,0.638888888888889,0.6751006303637883,0.6666666666666666,0.75,0.7272727272727273,0.6666666666666666,0.6956521739130435,0.4485245645046234,9,3,4,8,17,50242
5,3,lr_1em05_sched_step_img_320_ft_layer4_fc_loss_weighted_cross_entropy_ca78caaccc,1e-05,step,320,layer4_fc,weighted_cross_entropy,resnet18,imagenet,70,32,38,122,24,10,14,43,0.625,0.65,0.5498460801324578,1.0,0.3571428571428571,0.5263157894736842,1.0,0.6896551724137931,0.4830061793327331,5,9,0,10,30,50342
5,4,lr_1em05_sched_step_img_320_ft_layer4_fc_loss_weighted_cross_entropy_ca78caaccc,1e-05,step,320,layer4_fc,weighted_cross_entropy,resnet18,imagenet,71,30,41,128,23,12,11,37,0.6956521739130435,0.7045454545454546,0.767783374033374,0.5,0.9090909090909092,0.8571428571428571,0.5,0.631578947368421,0.4977200925350189,10,1,6,6,3,50442
5,1,lr_1em05_sched_step_img_320_ft_layer4_fc_loss_focal_e098405847,1e-05,step,320,layer4_fc,focal,resnet18,imagenet,71,34,37,121,23,8,15,44,0.782608695652174,0.7416666666666667,0.7132941813088872,0.75,0.8,0.6666666666666666,0.75,0.7058823529411765,0.5935138463973999,12,3,2,6,9,50142
5,2,lr_1em05_sched_step_img_320_ft_layer4_fc_loss_focal_e098405847,1e-05,step,320,layer4_fc,focal,resnet18,imagenet,70,30,40,124,24,12,12,41,0.7083333333333334,0.5625,0.6458697005372196,0.5833333333333334,0.8333333333333334,0.7777777777777778,0.5833333333333334,0.6666666666666666,0.4515911638736725,10,2,5,7,28,50242
5,3,lr_1em05_sched_step_img_320_ft_layer4_fc_loss_focal_e098405847,1e-05,step,320,layer4_fc,focal,resnet18,imagenet,70,32,38,122,24,10,14,43,0.75,0.7642857142857143,0.7047725885225885,0.6,0.8571428571428571,0.75,0.6,0.6666666666666666,0.6259056329727173,12,2,4,6,29,50342
5,4,lr_1em05_sched_step_img_320_ft_layer4_fc_loss_focal_e098405847,1e-05,step,320,layer4_fc,focal,resnet18,imagenet,71,30,41,128,23,12,11,37,0.782608695652174,0.8333333333333333,0.8648706617456617,0.8333333333333334,0.7272727272727273,0.7692307692307693,0.8333333333333334,0.8,0.4291821718215942,8,3,2,10,12,50442
5,1,lr_1em05_sched_step_img_320_ft_layer3_layer4_fc_loss_weighted_cross_entropy_a07a8610a4,1e-05,step,320,layer3_layer4_fc,weighted_cross_entropy,resnet18,imagenet,71,34,37,121,23,8,15,44,0.8260869565217391,0.7583333333333334,0.6518927630340674,0.75,0.8666666666666667,0.75,0.75,0.75,0.4935628175735473,13,2,2,6,10,50142
5,2,lr_1em05_sched_step_img_320_ft_layer3_layer4_fc_loss_weighted_cross_entropy_a07a8610a4,1e-05,step,320,layer3_layer4_fc,weighted_cross_entropy,resnet18,imagenet,70,30,40,124,24,12,12,41,0.75,0.7013888888888888,0.7509363686995266,0.6666666666666666,0.8333333333333334,0.8,0.6666666666666666,0.7272727272727273,0.4637952148914337,10,2,4,8,23,50242
5,3,lr_1em05_sched_step_img_320_ft_layer3_layer4_fc_loss_weighted_cross_entropy_a07a8610a4,1e-05,step,320,layer3_layer4_fc,weighted_cross_entropy,resnet18,imagenet,70,32,38,122,24,10,14,43,0.7916666666666666,0.8357142857142857,0.7957571513453867,0.8,0.7857142857142857,0.7272727272727273,0.8,0.7619047619047619,0.6052441000938416,11,3,2,8,29,50342
5,4,lr_1em05_sched_step_img_320_ft_layer3_layer4_fc_loss_weighted_cross_entropy_a07a8610a4,1e-05,step,320,layer3_layer4_fc,weighted_cross_entropy,resnet18,imagenet,71,30,41,128,23,12,11,37,0.8260869565217391,0.8106060606060606,0.8576994835466704,0.75,0.9090909090909092,0.9,0.75,0.8181818181818182,0.4541842341423034,10,1,3,9,16,50442
5,1,lr_1em05_sched_step_img_320_ft_layer3_layer4_fc_loss_focal_f0fa6a864c,1e-05,step,320,layer3_layer4_fc,focal,resnet18,imagenet,71,34,37,121,23,8,15,44,0.8260869565217391,0.7583333333333334,0.6659484989648033,0.875,0.8,0.7,0.875,0.7777777777777778,0.5611072778701782,12,3,1,7,8,50142
5,2,lr_1em05_sched_step_img_320_ft_layer3_layer4_fc_loss_focal_f0fa6a864c,1e-05,step,320,layer3_layer4_fc,focal,resnet18,imagenet,70,30,40,124,24,12,12,41,0.7083333333333334,0.6736111111111112,0.7273907938230189,0.5833333333333334,0.8333333333333334,0.7777777777777778,0.5833333333333334,0.6666666666666666,0.5213584303855896,10,2,5,7,29,50242
5,3,lr_1em05_sched_step_img_320_ft_layer3_layer4_fc_loss_focal_f0fa6a864c,1e-05,step,320,layer3_layer4_fc,focal,resnet18,imagenet,70,32,38,122,24,10,14,43,0.75,0.8142857142857143,0.7801443001443,0.9,0.6428571428571429,0.6428571428571429,0.9,0.75,0.4964136183261871,9,5,1,9,29,50342
5,4,lr_1em05_sched_step_img_320_ft_layer3_layer4_fc_loss_focal_f0fa6a864c,1e-05,step,320,layer3_layer4_fc,focal,resnet18,imagenet,71,30,41,128,23,12,11,37,0.7391304347826086,0.8106060606060607,0.8594681054239878,0.5,1.0,1.0,0.5,0.6666666666666666,0.4539878368377685,11,0,6,6,12,50442
5,1,lr_1em05_sched_step_img_320_ft_full_loss_weighted_cross_entropy_d9bbe53e91,1e-05,step,320,full,weighted_cross_entropy,resnet18,imagenet,71,34,37,121,23,8,15,44,0.8260869565217391,0.7583333333333334,0.6660973084886128,0.75,0.8666666666666667,0.75,0.75,0.75,0.6043686866760254,13,2,2,6,8,50142
5,2,lr_1em05_sched_step_img_320_ft_full_loss_weighted_cross_entropy_d9bbe53e91,1e-05,step,320,full,weighted_cross_entropy,resnet18,imagenet,70,30,40,124,24,12,12,41,0.75,0.7083333333333333,0.7244467338217337,0.9166666666666666,0.5833333333333334,0.6875,0.9166666666666666,0.7857142857142857,0.3242940306663513,7,5,1,11,30,50242
5,3,lr_1em05_sched_step_img_320_ft_full_loss_weighted_cross_entropy_d9bbe53e91,1e-05,step,320,full,weighted_cross_entropy,resnet18,imagenet,70,32,38,122,24,10,14,43,0.7083333333333334,0.7714285714285715,0.7281687675070028,1.0,0.5,0.5882352941176471,1.0,0.7407407407407407,0.5004740357398987,7,7,0,10,25,50342
5,4,lr_1em05_sched_step_img_320_ft_full_loss_weighted_cross_entropy_d9bbe53e91,1e-05,step,320,full,weighted_cross_entropy,resnet18,imagenet,71,30,41,128,23,12,11,37,0.6521739130434783,0.6363636363636364,0.7514066342391151,0.3333333333333333,1.0,1.0,0.3333333333333333,0.5,0.4746083915233612,11,0,8,4,3,50442
5,1,lr_1em05_sched_step_img_320_ft_full_loss_focal_0357c79945,1e-05,step,320,full,focal,resnet18,imagenet,71,34,37,121,23,8,15,44,0.8260869565217391,0.7666666666666667,0.6702639751552795,0.875,0.8,0.7,0.875,0.7777777777777778,0.5242428779602051,12,3,1,7,9,50142
5,2,lr_1em05_sched_step_img_320_ft_full_loss_focal_0357c79945,1e-05,step,320,full,focal,resnet18,imagenet,70,30,40,124,24,12,12,41,0.75,0.6458333333333334,0.6548941798941799,0.6666666666666666,0.8333333333333334,0.8,0.6666666666666666,0.7272727272727273,0.4593289792537689,10,2,4,8,21,50242
5,3,lr_1em05_sched_step_img_320_ft_full_loss_focal_0357c79945,1e-05,step,320,full,focal,resnet18,imagenet,70,32,38,122,24,10,14,43,0.7083333333333334,0.6928571428571428,0.631198752228164,0.7,0.7142857142857143,0.6363636363636364,0.7,0.6666666666666666,0.596186637878418,10,4,3,7,21,50342
5,4,lr_1em05_sched_step_img_320_ft_full_loss_focal_0357c79945,1e-05,step,320,full,focal,resnet18,imagenet,71,30,41,128,23,12,11,37,0.782608695652174,0.7803030303030303,0.8343253968253969,0.6666666666666666,0.9090909090909092,0.8888888888888888,0.6666666666666666,0.7619047619047619,0.4369365870952606,10,1,4,8,12,50442
5,1,lr_1em05_sched_cosine_img_224_ft_fc_only_loss_weighted_cross_entropy_a94de4024a,1e-05,cosine,224,fc_only,weighted_cross_entropy,resnet18,imagenet,71,34,37,121,23,8,15,44,0.782608695652174,0.6916666666666667,0.5705079642579642,0.5,0.9333333333333332,0.8,0.5,0.6153846153846154,0.7490429282188416,14,1,4,4,1,50142
5,2,lr_1em05_sched_cosine_img_224_ft_fc_only_loss_weighted_cross_entropy_a94de4024a,1e-05,cosine,224,fc_only,weighted_cross_entropy,resnet18,imagenet,70,30,40,124,24,12,12,41,0.5833333333333334,0.4861111111111111,0.5714033895577508,0.4166666666666667,0.75,0.625,0.4166666666666667,0.5,0.617653489112854,9,3,7,5,9,50242
5,3,lr_1em05_sched_cosine_img_224_ft_fc_only_loss_weighted_cross_entropy_a94de4024a,1e-05,cosine,224,fc_only,weighted_cross_entropy,resnet18,imagenet,70,32,38,122,24,10,14,43,0.625,0.4857142857142857,0.446801948051948,0.4,0.7857142857142857,0.5714285714285714,0.4,0.4705882352941176,0.8072038888931274,11,3,6,4,1,50342
5,4,lr_1em05_sched_cosine_img_224_ft_fc_only_loss_weighted_cross_entropy_a94de4024a,1e-05,cosine,224,fc_only,weighted_cross_entropy,resnet18,imagenet,71,30,41,128,23,12,11,37,0.5652173913043478,0.4393939393939394,0.5210155542198885,1.0,0.0909090909090909,0.5454545454545454,1.0,0.7058823529411765,0.4518196582794189,1,10,0,12,1,50442
5,1,lr_1em05_sched_cosine_img_224_ft_fc_only_loss_focal_69cc1d1fb6,1e-05,cosine,224,fc_only,focal,resnet18,imagenet,71,34,37,121,23,8,15,44,0.782608695652174,0.6916666666666667,0.5705079642579642,0.5,0.9333333333333332,0.8,0.5,0.6153846153846154,0.7454752922058105,14,1,4,4,1,50142
5,2,lr_1em05_sched_cosine_img_224_ft_fc_only_loss_focal_69cc1d1fb6,1e-05,cosine,224,fc_only,focal,resnet18,imagenet,70,30,40,124,24,12,12,41,0.625,0.4861111111111111,0.5850979144171363,0.5833333333333334,0.6666666666666666,0.6363636363636364,0.5833333333333334,0.6086956521739131,0.5807467699050903,8,4,5,7,10,50242
5,3,lr_1em05_sched_cosine_img_224_ft_fc_only_loss_focal_69cc1d1fb6,1e-05,cosine,224,fc_only,focal,resnet18,imagenet,70,32,38,122,24,10,14,43,0.625,0.4857142857142857,0.446801948051948,0.4,0.7857142857142857,0.5714285714285714,0.4,0.4705882352941176,0.8040777444839478,11,3,6,4,1,50342
5,4,lr_1em05_sched_cosine_img_224_ft_fc_only_loss_focal_69cc1d1fb6,1e-05,cosine,224,fc_only,focal,resnet18,imagenet,71,30,41,128,23,12,11,37,0.5652173913043478,0.4393939393939394,0.5210155542198885,1.0,0.0909090909090909,0.5454545454545454,1.0,0.7058823529411765,0.4541823863983154,1,10,0,12,1,50442
5,1,lr_1em05_sched_cosine_img_224_ft_layer4_fc_loss_weighted_cross_entropy_f48c4e7772,1e-05,cosine,224,layer4_fc,weighted_cross_entropy,resnet18,imagenet,71,34,37,121,23,8,15,44,0.782608695652174,0.7166666666666667,0.6806806418219462,0.625,0.8666666666666667,0.7142857142857143,0.625,0.6666666666666666,0.626606822013855,13,2,3,5,12,50142
5,2,lr_1em05_sched_cosine_img_224_ft_layer4_fc_loss_weighted_cross_entropy_f48c4e7772,1e-05,cosine,224,layer4_fc,weighted_cross_entropy,resnet18,imagenet,70,30,40,124,24,12,12,41,0.7916666666666666,0.7569444444444444,0.7209400492295229,0.75,0.8333333333333334,0.8181818181818182,0.75,0.782608695652174,0.5193250775337219,10,2,3,9,16,50242
5,3,lr_1em05_sched_cosine_img_224_ft_layer4_fc_loss_weighted_cross_entropy_f48c4e7772,1e-05,cosine,224,layer4_fc,weighted_cross_entropy,resnet18,imagenet,70,32,38,122,24,10,14,43,0.75,0.7285714285714286,0.562623895712131,0.9,0.6428571428571429,0.6428571428571429,0.9,0.75,0.5864096283912659,9,5,1,9,23,50342
5,4,lr_1em05_sched_cosine_img_224_ft_layer4_fc_loss_weighted_cross_entropy_f48c4e7772,1e-05,cosine,224,layer4_fc,weighted_cross_entropy,resnet18,imagenet,71,30,41,128,23,12,11,37,0.7391304347826086,0.7424242424242424,0.8189316409711148,0.6666666666666666,0.8181818181818182,0.8,0.6666666666666666,0.7272727272727273,0.3999590575695038,9,2,4,8,22,50442
5,1,lr_1em05_sched_cosine_img_224_ft_layer4_fc_loss_focal_e2d1df9234,1e-05,cosine,224,layer4_fc,focal,resnet18,imagenet,71,34,37,121,23,8,15,44,0.782608695652174,0.7,0.5790211901624945,0.5,0.9333333333333332,0.8,0.5,0.6153846153846154,0.7555919289588928,14,1,4,4,1,50142
5,2,lr_1em05_sched_cosine_img_224_ft_layer4_fc_loss_focal_e2d1df9234,1e-05,cosine,224,layer4_fc,focal,resnet18,imagenet,70,30,40,124,24,12,12,41,0.7916666666666666,0.7777777777777777,0.7299861018611018,0.75,0.8333333333333334,0.8181818181818182,0.75,0.782608695652174,0.5002354979515076,10,2,3,9,14,50242
5,3,lr_1em05_sched_cosine_img_224_ft_layer4_fc_loss_focal_e2d1df9234,1e-05,cosine,224,layer4_fc,focal,resnet18,imagenet,70,32,38,122,24,10,14,43,0.7083333333333334,0.592857142857143,0.5140763222284961,0.7,0.7142857142857143,0.6363636363636364,0.7,0.6666666666666666,0.7043080925941467,10,4,3,7,9,50342
5,4,lr_1em05_sched_cosine_img_224_ft_layer4_fc_loss_focal_e2d1df9234,1e-05,cosine,224,layer4_fc,focal,resnet18,imagenet,71,30,41,128,23,12,11,37,0.6956521739130435,0.7045454545454545,0.7513526098084922,0.5,0.9090909090909092,0.8571428571428571,0.5,0.631578947368421,0.4827097952365875,10,1,6,6,22,50442
5,1,lr_1em05_sched_cosine_img_224_ft_layer3_layer4_fc_loss_weighted_cross_entropy_592be35a6e,1e-05,cosine,224,layer3_layer4_fc,weighted_cross_entropy,resnet18,imagenet,71,34,37,121,23,8,15,44,0.782608695652174,0.7583333333333333,0.7494306418219462,0.75,0.8,0.6666666666666666,0.75,0.7058823529411765,0.5430302619934082,12,3,2,6,14,50142
5,2,lr_1em05_sched_cosine_img_224_ft_layer3_layer4_fc_loss_weighted_cross_entropy_592be35a6e,1e-05,cosine,224,layer3_layer4_fc,weighted_cross_entropy,resnet18,imagenet,70,30,40,124,24,12,12,41,0.75,0.7708333333333334,0.7546188704083441,0.75,0.75,0.75,0.75,0.75,0.5916452407836914,9,3,3,9,9,50242
5,3,lr_1em05_sched_cosine_img_224_ft_layer3_layer4_fc_loss_weighted_cross_entropy_592be35a6e,1e-05,cosine,224,layer3_layer4_fc,weighted_cross_entropy,resnet18,imagenet,70,32,38,122,24,10,14,43,0.75,0.6499999999999999,0.5691492565405609,0.7,0.7857142857142857,0.7,0.7,0.7,0.6777557134628296,11,3,3,7,10,50342
5,4,lr_1em05_sched_cosine_img_224_ft_layer3_layer4_fc_loss_weighted_cross_entropy_592be35a6e,1e-05,cosine,224,layer3_layer4_fc,weighted_cross_entropy,resnet18,imagenet,71,30,41,128,23,12,11,37,0.782608695652174,0.7954545454545454,0.845283189033189,0.6666666666666666,0.9090909090909092,0.8888888888888888,0.6666666666666666,0.7619047619047619,0.4065596461296081,10,1,4,8,24,50442
5,1,lr_1em05_sched_cosine_img_224_ft_layer3_layer4_fc_loss_focal_8b72869888,1e-05,cosine,224,layer3_layer4_fc,focal,resnet18,imagenet,71,34,37,121,23,8,15,44,0.782608695652174,0.7666666666666668,0.6986922799422799,0.875,0.7333333333333333,0.6363636363636364,0.875,0.7368421052631579,0.5384548306465149,11,4,1,7,9,50142
5,2,lr_1em05_sched_cosine_img_224_ft_layer3_layer4_fc_loss_focal_8b72869888,1e-05,cosine,224,layer3_layer4_fc,focal,resnet18,imagenet,70,30,40,124,24,12,12,41,0.75,0.7222222222222221,0.6809892653642653,0.9166666666666666,0.5833333333333334,0.6875,0.9166666666666666,0.7857142857142857,0.4452199339866638,7,5,1,11,14,50242
5,3,lr_1em05_sched_cosine_img_224_ft_layer3_layer4_fc_loss_focal_8b72869888,1e-05,cosine,224,layer3_layer4_fc,focal,resnet18,imagenet,70,32,38,122,24,10,14,43,0.7083333333333334,0.6928571428571428,0.59003663003663,0.6,0.7857142857142857,0.6666666666666666,0.6,0.631578947368421,0.6867208480834961,11,3,4,6,10,50342
5,4,lr_1em05_sched_cosine_img_224_ft_layer3_layer4_fc_loss_focal_8b72869888,1e-05,cosine,224,layer3_layer4_fc,focal,resnet18,imagenet,71,30,41,128,23,12,11,37,0.6956521739130435,0.696969696969697,0.6930948552078583,0.5,0.9090909090909092,0.8571428571428571,0.5,0.631578947368421,0.4707882404327392,10,1,6,6,12,50442
5,1,lr_1em05_sched_cosine_img_224_ft_full_loss_weighted_cross_entropy_7dff142670,1e-05,cosine,224,full,weighted_cross_entropy,resnet18,imagenet,71,34,37,121,23,8,15,44,0.6956521739130435,0.7083333333333334,0.5810511046924091,0.875,0.6,0.5384615384615384,0.875,0.6666666666666666,0.4639861285686493,9,6,1,7,24,50142
5,2,lr_1em05_sched_cosine_img_224_ft_full_loss_weighted_cross_entropy_7dff142670,1e-05,cosine,224,full,weighted_cross_entropy,resnet18,imagenet,70,30,40,124,24,12,12,41,0.8333333333333334,0.8055555555555555,0.7383718133718133,0.8333333333333334,0.8333333333333334,0.8333333333333334,0.8333333333333334,0.8333333333333334,0.5089097023010254,10,2,2,10,14,50242
5,3,lr_1em05_sched_cosine_img_224_ft_full_loss_weighted_cross_entropy_7dff142670,1e-05,cosine,224,full,weighted_cross_entropy,resnet18,imagenet,70,32,38,122,24,10,14,43,0.6666666666666666,0.6357142857142857,0.4858748196248196,1.0,0.4285714285714285,0.5555555555555556,1.0,0.7142857142857143,0.4664995372295379,6,8,0,10,13,50342
5,4,lr_1em05_sched_cosine_img_224_ft_full_loss_weighted_cross_entropy_7dff142670,1e-05,cosine,224,full,weighted_cross_entropy,resnet18,imagenet,71,30,41,128,23,12,11,37,0.782608695652174,0.803030303030303,0.8187276843526845,0.6666666666666666,0.9090909090909092,0.8888888888888888,0.6666666666666666,0.7619047619047619,0.3596920371055603,10,1,4,8,11,50442
5,1,lr_1em05_sched_cosine_img_224_ft_full_loss_focal_06ad66cce6,1e-05,cosine,224,full,focal,resnet18,imagenet,71,34,37,121,23,8,15,44,0.782608695652174,0.7,0.5971984989648034,0.75,0.8,0.6666666666666666,0.75,0.7058823529411765,0.6075571179389954,12,3,2,6,2,50142
5,2,lr_1em05_sched_cosine_img_224_ft_full_loss_focal_06ad66cce6,1e-05,cosine,224,full,focal,resnet18,imagenet,70,30,40,124,24,12,12,41,0.7083333333333334,0.6458333333333333,0.6675777724690768,0.5833333333333334,0.8333333333333334,0.7777777777777778,0.5833333333333334,0.6666666666666666,0.5388010144233704,10,2,5,7,10,50242
5,3,lr_1em05_sched_cosine_img_224_ft_full_loss_focal_06ad66cce6,1e-05,cosine,224,full,focal,resnet18,imagenet,70,32,38,122,24,10,14,43,0.625,0.4928571428571429,0.4452146464646465,0.5,0.7142857142857143,0.5555555555555556,0.5,0.5263157894736842,0.8130171895027161,10,4,5,5,1,50342
5,4,lr_1em05_sched_cosine_img_224_ft_full_loss_focal_06ad66cce6,1e-05,cosine,224,full,focal,resnet18,imagenet,71,30,41,128,23,12,11,37,0.782608695652174,0.7954545454545454,0.8131634368047411,0.75,0.8181818181818182,0.8181818181818182,0.75,0.782608695652174,0.319528192281723,9,2,3,9,22,50442
5,1,lr_1em05_sched_cosine_img_320_ft_fc_only_loss_weighted_cross_entropy_aa70610f9a,1e-05,cosine,320,fc_only,weighted_cross_entropy,resnet18,imagenet,71,34,37,121,23,8,15,44,0.5652173913043478,0.6833333333333333,0.6111470229117288,1.0,0.3333333333333333,0.4444444444444444,1.0,0.6153846153846154,0.4771508574485779,5,10,0,8,1,50142
5,2,lr_1em05_sched_cosine_img_320_ft_fc_only_loss_weighted_cross_entropy_aa70610f9a,1e-05,cosine,320,fc_only,weighted_cross_entropy,resnet18,imagenet,70,30,40,124,24,12,12,41,0.5,0.2569444444444444,0.407218971464664,0.1666666666666666,0.8333333333333334,0.5,0.1666666666666666,0.25,0.6662402153015137,10,2,10,2,11,50242
5,3,lr_1em05_sched_cosine_img_320_ft_fc_only_loss_weighted_cross_entropy_aa70610f9a,1e-05,cosine,320,fc_only,weighted_cross_entropy,resnet18,imagenet,70,32,38,122,24,10,14,43,0.6666666666666666,0.4071428571428571,0.5069340785073051,0.2,1.0,1.0,0.2,0.3333333333333333,0.8537947535514832,14,0,8,2,1,50342
5,4,lr_1em05_sched_cosine_img_320_ft_fc_only_loss_weighted_cross_entropy_aa70610f9a,1e-05,cosine,320,fc_only,weighted_cross_entropy,resnet18,imagenet,71,30,41,128,23,12,11,37,0.6521739130434783,0.6287878787878788,0.7181651681651682,0.4166666666666667,0.9090909090909092,0.8333333333333334,0.4166666666666667,0.5555555555555556,0.6480200886726379,10,1,7,5,1,50442
5,1,lr_1em05_sched_cosine_img_320_ft_fc_only_loss_focal_bf64bac14a,1e-05,cosine,320,fc_only,focal,resnet18,imagenet,71,34,37,121,23,8,15,44,0.5652173913043478,0.6833333333333333,0.6111470229117288,1.0,0.3333333333333333,0.4444444444444444,1.0,0.6153846153846154,0.4736381769180298,5,10,0,8,1,50142
5,2,lr_1em05_sched_cosine_img_320_ft_fc_only_loss_focal_bf64bac14a,1e-05,cosine,320,fc_only,focal,resnet18,imagenet,70,30,40,124,24,12,12,41,0.5,0.2569444444444444,0.407218971464664,0.1666666666666666,0.8333333333333334,0.5,0.1666666666666666,0.25,0.6522762775421143,10,2,10,2,11,50242
5,3,lr_1em05_sched_cosine_img_320_ft_fc_only_loss_focal_bf64bac14a,1e-05,cosine,320,fc_only,focal,resnet18,imagenet,70,32,38,122,24,10,14,43,0.6666666666666666,0.4071428571428571,0.5069340785073051,0.2,1.0,1.0,0.2,0.3333333333333333,0.850471019744873,14,0,8,2,1,50342
5,4,lr_1em05_sched_cosine_img_320_ft_fc_only_loss_focal_bf64bac14a,1e-05,cosine,320,fc_only,focal,resnet18,imagenet,71,30,41,128,23,12,11,37,0.6521739130434783,0.6287878787878788,0.7181651681651682,0.4166666666666667,0.9090909090909092,0.8333333333333334,0.4166666666666667,0.5555555555555556,0.6492990851402283,10,1,7,5,1,50442
5,1,lr_1em05_sched_cosine_img_320_ft_layer4_fc_loss_weighted_cross_entropy_ccef921f82,1e-05,cosine,320,layer4_fc,weighted_cross_entropy,resnet18,imagenet,71,34,37,121,23,8,15,44,0.782608695652174,0.7083333333333334,0.6091032608695652,0.75,0.8,0.6666666666666666,0.75,0.7058823529411765,0.535048246383667,12,3,2,6,10,50142
5,2,lr_1em05_sched_cosine_img_320_ft_layer4_fc_loss_weighted_cross_entropy_ccef921f82,1e-05,cosine,320,layer4_fc,weighted_cross_entropy,resnet18,imagenet,70,30,40,124,24,12,12,41,0.625,0.5416666666666666,0.6523584845953267,0.5833333333333334,0.6666666666666666,0.6363636363636364,0.5833333333333334,0.6086956521739131,0.4392143487930298,8,4,5,7,21,50242
5,3,lr_1em05_sched_cosine_img_320_ft_layer4_fc_loss_weighted_cross_entropy_ccef921f82,1e-05,cosine,320,layer4_fc,weighted_cross_entropy,resnet18,imagenet,70,32,38,122,24,10,14,43,0.7916666666666666,0.8071428571428572,0.7363632119514472,0.7,0.8571428571428571,0.7777777777777778,0.7,0.7368421052631579,0.6375252604484558,12,2,3,7,25,50342
5,4,lr_1em05_sched_cosine_img_320_ft_layer4_fc_loss_weighted_cross_entropy_ccef921f82,1e-05,cosine,320,layer4_fc,weighted_cross_entropy,resnet18,imagenet,71,30,41,128,23,12,11,37,0.6956521739130435,0.6439393939393939,0.74189202001702,0.5,0.9090909090909092,0.8571428571428571,0.5,0.631578947368421,0.4780709147453308,10,1,6,6,3,50442
5,1,lr_1em05_sched_cosine_img_320_ft_layer4_fc_loss_focal_201eedc164,1e-05,cosine,320,layer4_fc,focal,resnet18,imagenet,71,34,37,121,23,8,15,44,0.7391304347826086,0.6916666666666667,0.6215857538667641,0.75,0.7333333333333333,0.6,0.75,0.6666666666666666,0.5243065357208252,11,4,2,6,9,50142
5,2,lr_1em05_sched_cosine_img_320_ft_layer4_fc_loss_focal_201eedc164,1e-05,cosine,320,layer4_fc,focal,resnet18,imagenet,70,30,40,124,24,12,12,41,0.6666666666666666,0.5833333333333334,0.6774286100373057,0.5,0.8333333333333334,0.75,0.5,0.6,0.524465799331665,10,2,6,6,14,50242
5,3,lr_1em05_sched_cosine_img_320_ft_layer4_fc_loss_focal_201eedc164,1e-05,cosine,320,layer4_fc,focal,resnet18,imagenet,70,32,38,122,24,10,14,43,0.7916666666666666,0.7857142857142858,0.7353906714200833,0.8,0.7857142857142857,0.7272727272727273,0.8,0.7619047619047619,0.5878311395645142,11,3,2,8,23,50342
5,4,lr_1em05_sched_cosine_img_320_ft_layer4_fc_loss_focal_201eedc164,1e-05,cosine,320,layer4_fc,focal,resnet18,imagenet,71,30,41,128,23,12,11,37,0.6956521739130435,0.6363636363636364,0.720544733044733,0.6666666666666666,0.7272727272727273,0.7272727272727273,0.6666666666666666,0.6956521739130435,0.5892499685287476,8,3,4,8,1,50442
5,1,lr_1em05_sched_cosine_img_320_ft_layer3_layer4_fc_loss_weighted_cross_entropy_032ecb1a2d,1e-05,cosine,320,layer3_layer4_fc,weighted_cross_entropy,resnet18,imagenet,71,34,37,121,23,8,15,44,0.8260869565217391,0.7416666666666667,0.6346984989648033,0.875,0.8,0.7,0.875,0.7777777777777778,0.5181544423103333,12,3,1,7,8,50142
5,2,lr_1em05_sched_cosine_img_320_ft_layer3_layer4_fc_loss_weighted_cross_entropy_032ecb1a2d,1e-05,cosine,320,layer3_layer4_fc,weighted_cross_entropy,resnet18,imagenet,70,30,40,124,24,12,12,41,0.7083333333333334,0.6388888888888888,0.6996544920457964,0.5833333333333334,0.8333333333333334,0.7777777777777778,0.5833333333333334,0.6666666666666666,0.5169243216514587,10,2,5,7,14,50242
5,3,lr_1em05_sched_cosine_img_320_ft_layer3_layer4_fc_loss_weighted_cross_entropy_032ecb1a2d,1e-05,cosine,320,layer3_layer4_fc,weighted_cross_entropy,resnet18,imagenet,70,32,38,122,24,10,14,43,0.7916666666666666,0.8214285714285714,0.6917095322977677,0.8,0.7857142857142857,0.7272727272727273,0.8,0.7619047619047619,0.5889860391616821,11,3,2,8,24,50342
5,4,lr_1em05_sched_cosine_img_320_ft_layer3_layer4_fc_loss_weighted_cross_entropy_032ecb1a2d,1e-05,cosine,320,layer3_layer4_fc,weighted_cross_entropy,resnet18,imagenet,71,30,41,128,23,12,11,37,0.6521739130434783,0.6136363636363636,0.6824134199134199,0.4166666666666667,0.9090909090909092,0.8333333333333334,0.4166666666666667,0.5555555555555556,0.6446317434310913,10,1,7,5,1,50442
5,1,lr_1em05_sched_cosine_img_320_ft_layer3_layer4_fc_loss_focal_888063df31,1e-05,cosine,320,layer3_layer4_fc,focal,resnet18,imagenet,71,34,37,121,23,8,15,44,0.782608695652174,0.7250000000000001,0.6881628787878789,0.5,0.9333333333333332,0.8,0.5,0.6153846153846154,0.6599730849266052,14,1,4,4,8,50142
5,2,lr_1em05_sched_cosine_img_320_ft_layer3_layer4_fc_loss_focal_888063df31,1e-05,cosine,320,layer3_layer4_fc,focal,resnet18,imagenet,70,30,40,124,24,12,12,41,0.7083333333333334,0.6180555555555556,0.718172393544247,0.5833333333333334,0.8333333333333334,0.7777777777777778,0.5833333333333334,0.6666666666666666,0.537503719329834,10,2,5,7,26,50242
5,3,lr_1em05_sched_cosine_img_320_ft_layer3_layer4_fc_loss_focal_888063df31,1e-05,cosine,320,layer3_layer4_fc,focal,resnet18,imagenet,70,32,38,122,24,10,14,43,0.6666666666666666,0.7357142857142857,0.7053101503759398,0.9,0.5,0.5625,0.9,0.6923076923076923,0.4903230667114258,7,7,1,9,29,50342
5,4,lr_1em05_sched_cosine_img_320_ft_layer3_layer4_fc_loss_focal_888063df31,1e-05,cosine,320,layer3_layer4_fc,focal,resnet18,imagenet,71,30,41,128,23,12,11,37,0.7391304347826086,0.7651515151515151,0.8263316544566546,0.5833333333333334,0.9090909090909092,0.875,0.5833333333333334,0.7,0.4996394217014313,10,1,5,7,12,50442
5,1,lr_1em05_sched_cosine_img_320_ft_full_loss_weighted_cross_entropy_b498446835,1e-05,cosine,320,full,weighted_cross_entropy,resnet18,imagenet,71,34,37,121,23,8,15,44,0.8260869565217391,0.7750000000000001,0.6806806418219462,0.875,0.8,0.7,0.875,0.7777777777777778,0.6335667371749878,12,3,1,7,9,50142
5,2,lr_1em05_sched_cosine_img_320_ft_full_loss_weighted_cross_entropy_b498446835,1e-05,cosine,320,full,weighted_cross_entropy,resnet18,imagenet,70,30,40,124,24,12,12,41,0.75,0.7222222222222223,0.7687372812372812,0.6666666666666666,0.8333333333333334,0.8,0.6666666666666666,0.7272727272727273,0.4676688313484192,10,2,4,8,28,50242
5,3,lr_1em05_sched_cosine_img_320_ft_full_loss_weighted_cross_entropy_b498446835,1e-05,cosine,320,full,weighted_cross_entropy,resnet18,imagenet,70,32,38,122,24,10,14,43,0.875,0.8928571428571428,0.8592600373482726,0.8,0.9285714285714286,0.8888888888888888,0.8,0.8421052631578947,0.6890669465065002,13,1,2,8,26,50342
5,4,lr_1em05_sched_cosine_img_320_ft_full_loss_weighted_cross_entropy_b498446835,1e-05,cosine,320,full,weighted_cross_entropy,resnet18,imagenet,71,30,41,128,23,12,11,37,0.8260869565217391,0.8257575757575757,0.8874255975649165,0.6666666666666666,1.0,1.0,0.6666666666666666,0.8,0.4662775695323944,11,0,4,8,11,50442
5,1,lr_1em05_sched_cosine_img_320_ft_full_loss_focal_b8db75afb3,1e-05,cosine,320,full,focal,resnet18,imagenet,71,34,37,121,23,8,15,44,0.8260869565217391,0.7833333333333334,0.6580615942028986,0.875,0.8,0.7,0.875,0.7777777777777778,0.4736384153366089,12,3,1,7,22,50142
5,2,lr_1em05_sched_cosine_img_320_ft_full_loss_focal_b8db75afb3,1e-05,cosine,320,full,focal,resnet18,imagenet,70,30,40,124,24,12,12,41,0.75,0.6805555555555556,0.7422619047619048,0.6666666666666666,0.8333333333333334,0.8,0.6666666666666666,0.7272727272727273,0.4627723097801208,10,2,4,8,20,50242
5,3,lr_1em05_sched_cosine_img_320_ft_full_loss_focal_b8db75afb3,1e-05,cosine,320,full,focal,resnet18,imagenet,70,32,38,122,24,10,14,43,0.7916666666666666,0.7785714285714286,0.7561463046757164,0.6,0.9285714285714286,0.8571428571428571,0.6,0.7058823529411765,0.6408454775810242,13,1,4,6,15,50342
5,4,lr_1em05_sched_cosine_img_320_ft_full_loss_focal_b8db75afb3,1e-05,cosine,320,full,focal,resnet18,imagenet,71,30,41,128,23,12,11,37,0.782608695652174,0.8181818181818182,0.867242275698158,0.75,0.8181818181818182,0.8181818181818182,0.75,0.782608695652174,0.4952530562877655,9,2,3,9,15,50442
5,1,lr_1em05_sched_none_img_224_ft_fc_only_loss_weighted_cross_entropy_7114484a86,1e-05,none,224,fc_only,weighted_cross_entropy,resnet18,imagenet,71,34,37,121,23,8,15,44,0.782608695652174,0.6916666666666667,0.5705079642579642,0.5,0.9333333333333332,0.8,0.5,0.6153846153846154,0.7487897872924805,14,1,4,4,1,50142
5,2,lr_1em05_sched_none_img_224_ft_fc_only_loss_weighted_cross_entropy_7114484a86,1e-05,none,224,fc_only,weighted_cross_entropy,resnet18,imagenet,70,30,40,124,24,12,12,41,0.625,0.4861111111111111,0.5850979144171363,0.5833333333333334,0.6666666666666666,0.6363636363636364,0.5833333333333334,0.6086956521739131,0.574481725692749,8,4,5,7,10,50242
5,3,lr_1em05_sched_none_img_224_ft_fc_only_loss_weighted_cross_entropy_7114484a86,1e-05,none,224,fc_only,weighted_cross_entropy,resnet18,imagenet,70,32,38,122,24,10,14,43,0.625,0.4857142857142857,0.446801948051948,0.4,0.7857142857142857,0.5714285714285714,0.4,0.4705882352941176,0.8064016699790955,11,3,6,4,1,50342
5,4,lr_1em05_sched_none_img_224_ft_fc_only_loss_weighted_cross_entropy_7114484a86,1e-05,none,224,fc_only,weighted_cross_entropy,resnet18,imagenet,71,30,41,128,23,12,11,37,0.5652173913043478,0.4393939393939394,0.5210155542198885,1.0,0.0909090909090909,0.5454545454545454,1.0,0.7058823529411765,0.4523826241493225,1,10,0,12,1,50442
5,1,lr_1em05_sched_none_img_224_ft_fc_only_loss_focal_751634e7bb,1e-05,none,224,fc_only,focal,resnet18,imagenet,71,34,37,121,23,8,15,44,0.782608695652174,0.6833333333333333,0.5663870851370851,0.5,0.9333333333333332,0.8,0.5,0.6153846153846154,0.7441796660423279,14,1,4,4,1,50142
5,2,lr_1em05_sched_none_img_224_ft_fc_only_loss_focal_751634e7bb,1e-05,none,224,fc_only,focal,resnet18,imagenet,70,30,40,124,24,12,12,41,0.625,0.4861111111111111,0.5850979144171363,0.5833333333333334,0.6666666666666666,0.6363636363636364,0.5833333333333334,0.6086956521739131,0.5724740624427795,8,4,5,7,10,50242
5,3,lr_1em05_sched_none_img_224_ft_fc_only_loss_focal_751634e7bb,1e-05,none,224,fc_only,focal,resnet18,imagenet,70,32,38,122,24,10,14,43,0.625,0.4857142857142857,0.446801948051948,0.4,0.7857142857142857,0.5714285714285714,0.4,0.4705882352941176,0.8056797385215759,11,3,6,4,1,50342
5,4,lr_1em05_sched_none_img_224_ft_fc_only_loss_focal_751634e7bb,1e-05,none,224,fc_only,focal,resnet18,imagenet,71,30,41,128,23,12,11,37,0.5652173913043478,0.4393939393939394,0.5210155542198885,1.0,0.0909090909090909,0.5454545454545454,1.0,0.7058823529411765,0.4534870982170105,1,10,0,12,1,50442
5,1,lr_1em05_sched_none_img_224_ft_layer4_fc_loss_weighted_cross_entropy_5723caf607,1e-05,none,224,layer4_fc,weighted_cross_entropy,resnet18,imagenet,71,34,37,121,23,8,15,44,0.7391304347826086,0.775,0.7556806418219462,0.875,0.6666666666666666,0.5833333333333334,0.875,0.7,0.5373786687850952,10,5,1,7,13,50142
5,2,lr_1em05_sched_none_img_224_ft_layer4_fc_loss_weighted_cross_entropy_5723caf607,1e-05,none,224,layer4_fc,weighted_cross_entropy,resnet18,imagenet,70,30,40,124,24,12,12,41,0.8333333333333334,0.8263888888888888,0.7576554232804232,0.75,0.9166666666666666,0.9,0.75,0.8181818181818182,0.4899637699127197,11,1,3,9,23,50242
5,3,lr_1em05_sched_none_img_224_ft_layer4_fc_loss_weighted_cross_entropy_5723caf607,1e-05,none,224,layer4_fc,weighted_cross_entropy,resnet18,imagenet,70,32,38,122,24,10,14,43,0.7916666666666666,0.7642857142857142,0.6184776334776335,1.0,0.6428571428571429,0.6666666666666666,1.0,0.8,0.4718158841133117,9,5,0,10,30,50342
5,4,lr_1em05_sched_none_img_224_ft_layer4_fc_loss_weighted_cross_entropy_5723caf607,1e-05,none,224,layer4_fc,weighted_cross_entropy,resnet18,imagenet,71,30,41,128,23,12,11,37,0.8260869565217391,0.803030303030303,0.8138229825729826,0.9166666666666666,0.7272727272727273,0.7857142857142857,0.9166666666666666,0.8461538461538461,0.3333855271339416,8,3,1,11,11,50442
5,1,lr_1em05_sched_none_img_224_ft_layer4_fc_loss_focal_d9901b0cc7,1e-05,none,224,layer4_fc,focal,resnet18,imagenet,71,34,37,121,23,8,15,44,0.782608695652174,0.7833333333333334,0.759482048748353,0.875,0.7333333333333333,0.6363636363636364,0.875,0.7368421052631579,0.5090097784996033,11,4,1,7,15,50142
5,2,lr_1em05_sched_none_img_224_ft_layer4_fc_loss_focal_d9901b0cc7,1e-05,none,224,layer4_fc,focal,resnet18,imagenet,70,30,40,124,24,12,12,41,0.8333333333333334,0.8055555555555556,0.7246045134203029,0.9166666666666666,0.75,0.7857142857142857,0.9166666666666666,0.8461538461538461,0.5262280106544495,9,3,1,11,10,50242
5,3,lr_1em05_sched_none_img_224_ft_layer4_fc_loss_focal_d9901b0cc7,1e-05,none,224,layer4_fc,focal,resnet18,imagenet,70,32,38,122,24,10,14,43,0.75,0.6285714285714286,0.5392322291235334,0.7,0.7857142857142857,0.7,0.7,0.7,0.6832565069198608,11,3,3,7,10,50342
5,4,lr_1em05_sched_none_img_224_ft_layer4_fc_loss_focal_d9901b0cc7,1e-05,none,224,layer4_fc,focal,resnet18,imagenet,71,30,41,128,23,12,11,37,0.6956521739130435,0.6893939393939394,0.7363672146566884,0.75,0.6363636363636364,0.6923076923076923,0.75,0.72,0.343572586774826,7,4,3,9,11,50442
5,1,lr_1em05_sched_none_img_224_ft_layer3_layer4_fc_loss_weighted_cross_entropy_6af0542b68,1e-05,none,224,layer3_layer4_fc,weighted_cross_entropy,resnet18,imagenet,71,34,37,121,23,8,15,44,0.7391304347826086,0.7333333333333333,0.7049107142857143,0.625,0.8,0.625,0.625,0.625,0.659640908241272,12,3,3,5,8,50142
5,2,lr_1em05_sched_none_img_224_ft_layer3_layer4_fc_loss_weighted_cross_entropy_6af0542b68,1e-05,none,224,layer3_layer4_fc,weighted_cross_entropy,resnet18,imagenet,70,30,40,124,24,12,12,41,0.8333333333333334,0.8194444444444444,0.7574677637177637,0.9166666666666666,0.75,0.7857142857142857,0.9166666666666666,0.8461538461538461,0.4789304137229919,9,3,1,11,14,50242
5,3,lr_1em05_sched_none_img_224_ft_layer3_layer4_fc_loss_weighted_cross_entropy_6af0542b68,1e-05,none,224,layer3_layer4_fc,weighted_cross_entropy,resnet18,imagenet,70,32,38,122,24,10,14,43,0.75,0.6928571428571428,0.5813616938616939,1.0,0.5714285714285714,0.625,1.0,0.7692307692307693,0.5550815463066101,8,6,0,10,15,50342
5,4,lr_1em05_sched_none_img_224_ft_layer3_layer4_fc_loss_weighted_cross_entropy_6af0542b68,1e-05,none,224,layer3_layer4_fc,weighted_cross_entropy,resnet18,imagenet,71,30,41,128,23,12,11,37,0.782608695652174,0.8106060606060606,0.8608302577052577,0.8333333333333334,0.7272727272727273,0.7692307692307693,0.8333333333333334,0.8,0.3475354611873626,8,3,2,10,13,50442
5,1,lr_1em05_sched_none_img_224_ft_layer3_layer4_fc_loss_focal_d284010fbb,1e-05,none,224,layer3_layer4_fc,focal,resnet18,imagenet,71,34,37,121,23,8,15,44,0.782608695652174,0.7583333333333333,0.6965277777777777,0.875,0.7333333333333333,0.6363636363636364,0.875,0.7368421052631579,0.5086041688919067,11,4,1,7,9,50142
5,2,lr_1em05_sched_none_img_224_ft_layer3_layer4_fc_loss_focal_d284010fbb,1e-05,none,224,layer3_layer4_fc,focal,resnet18,imagenet,70,30,40,124,24,12,12,41,0.7916666666666666,0.7916666666666666,0.7363794770044769,0.6666666666666666,0.9166666666666666,0.8888888888888888,0.6666666666666666,0.7619047619047619,0.5585381984710693,11,1,4,8,15,50242
5,3,lr_1em05_sched_none_img_224_ft_layer3_layer4_fc_loss_focal_d284010fbb,1e-05,none,224,layer3_layer4_fc,focal,resnet18,imagenet,70,32,38,122,24,10,14,43,0.6666666666666666,0.6000000000000001,0.5276510091215973,0.6,0.7142857142857143,0.6,0.6,0.6,0.6441516876220703,10,4,4,6,9,50342
5,4,lr_1em05_sched_none_img_224_ft_layer3_layer4_fc_loss_focal_d284010fbb,1e-05,none,224,layer3_layer4_fc,focal,resnet18,imagenet,71,30,41,128,23,12,11,37,0.782608695652174,0.7954545454545455,0.8545949693008518,0.75,0.8181818181818182,0.8181818181818182,0.75,0.782608695652174,0.3884841203689575,9,2,3,9,12,50442
5,1,lr_1em05_sched_none_img_224_ft_full_loss_weighted_cross_entropy_3ef0c041f6,1e-05,none,224,full,weighted_cross_entropy,resnet18,imagenet,71,34,37,121,23,8,15,44,0.782608695652174,0.7833333333333334,0.762309429700734,0.875,0.7333333333333333,0.6363636363636364,0.875,0.7368421052631579,0.4633726477622986,11,4,1,7,9,50142
5,2,lr_1em05_sched_none_img_224_ft_full_loss_weighted_cross_entropy_3ef0c041f6,1e-05,none,224,full,weighted_cross_entropy,resnet18,imagenet,70,30,40,124,24,12,12,41,0.8333333333333334,0.8541666666666666,0.7743869556369556,0.75,0.9166666666666666,0.9,0.75,0.8181818181818182,0.5355900526046753,11,1,3,9,21,50242
5,3,lr_1em05_sched_none_img_224_ft_full_loss_weighted_cross_entropy_3ef0c041f6,1e-05,none,224,full,weighted_cross_entropy,resnet18,imagenet,70,32,38,122,24,10,14,43,0.6666666666666666,0.6571428571428571,0.5033501221001221,1.0,0.4285714285714285,0.5555555555555556,1.0,0.7142857142857143,0.3544110357761383,6,8,0,10,18,50342
5,4,lr_1em05_sched_none_img_224_ft_full_loss_weighted_cross_entropy_3ef0c041f6,1e-05,none,224,full,weighted_cross_entropy,resnet18,imagenet,71,30,41,128,23,12,11,37,0.782608695652174,0.7424242424242423,0.7370629169542213,0.9166666666666666,0.6363636363636364,0.7333333333333333,0.9166666666666666,0.8148148148148148,0.2539493143558502,7,4,1,11,23,50442
5,1,lr_1em05_sched_none_img_224_ft_full_loss_focal_de5ddaaf37,1e-05,none,224,full,focal,resnet18,imagenet,71,34,37,121,23,8,15,44,0.7391304347826086,0.75,0.7045893719806763,0.875,0.6666666666666666,0.5833333333333334,0.875,0.7,0.4580974876880646,10,5,1,7,18,50142
5,2,lr_1em05_sched_none_img_224_ft_full_loss_focal_de5ddaaf37,1e-05,none,224,full,focal,resnet18,imagenet,70,30,40,124,24,12,12,41,0.75,0.7013888888888888,0.6661134004884005,0.9166666666666666,0.5833333333333334,0.6875,0.9166666666666666,0.7857142857142857,0.4411016404628753,7,5,1,11,16,50242
5,3,lr_1em05_sched_none_img_224_ft_full_loss_focal_de5ddaaf37,1e-05,none,224,full,focal,resnet18,imagenet,70,32,38,122,24,10,14,43,0.625,0.4785714285714286,0.4433098845598845,0.5,0.7142857142857143,0.5555555555555556,0.5,0.5263157894736842,0.8024476766586304,10,4,5,5,1,50342
5,4,lr_1em05_sched_none_img_224_ft_full_loss_focal_de5ddaaf37,1e-05,none,224,full,focal,resnet18,imagenet,71,30,41,128,23,12,11,37,0.7391304347826086,0.7424242424242424,0.8005955648618693,0.9166666666666666,0.5454545454545454,0.6875,0.9166666666666666,0.7857142857142857,0.2471014410257339,6,5,1,11,30,50442
5,1,lr_1em05_sched_none_img_320_ft_fc_only_loss_weighted_cross_entropy_589fa61b61,1e-05,none,320,fc_only,weighted_cross_entropy,resnet18,imagenet,71,34,37,121,23,8,15,44,0.5652173913043478,0.6833333333333333,0.6111470229117288,1.0,0.3333333333333333,0.4444444444444444,1.0,0.6153846153846154,0.474766343832016,5,10,0,8,1,50142
5,2,lr_1em05_sched_none_img_320_ft_fc_only_loss_weighted_cross_entropy_589fa61b61,1e-05,none,320,fc_only,weighted_cross_entropy,resnet18,imagenet,70,30,40,124,24,12,12,41,0.5416666666666666,0.2638888888888889,0.4511348867041087,0.0833333333333333,1.0,1.0,0.0833333333333333,0.1538461538461538,0.6000249981880188,12,0,11,1,21,50242
5,3,lr_1em05_sched_none_img_320_ft_fc_only_loss_weighted_cross_entropy_589fa61b61,1e-05,none,320,fc_only,weighted_cross_entropy,resnet18,imagenet,70,32,38,122,24,10,14,43,0.6666666666666666,0.4071428571428571,0.5069340785073051,0.2,1.0,1.0,0.2,0.3333333333333333,0.8530141711235046,14,0,8,2,1,50342
5,4,lr_1em05_sched_none_img_320_ft_fc_only_loss_weighted_cross_entropy_589fa61b61,1e-05,none,320,fc_only,weighted_cross_entropy,resnet18,imagenet,71,30,41,128,23,12,11,37,0.6521739130434783,0.6287878787878788,0.7181651681651682,0.4166666666666667,0.9090909090909092,0.8333333333333334,0.4166666666666667,0.5555555555555556,0.6455095410346985,10,1,7,5,1,50442
5,1,lr_1em05_sched_none_img_320_ft_fc_only_loss_focal_cd25028d9c,1e-05,none,320,fc_only,focal,resnet18,imagenet,71,34,37,121,23,8,15,44,0.5652173913043478,0.6833333333333333,0.6111470229117288,1.0,0.3333333333333333,0.4444444444444444,1.0,0.6153846153846154,0.477522611618042,5,10,0,8,1,50142
5,2,lr_1em05_sched_none_img_320_ft_fc_only_loss_focal_cd25028d9c,1e-05,none,320,fc_only,focal,resnet18,imagenet,70,30,40,124,24,12,12,41,0.5416666666666666,0.2638888888888889,0.4511348867041087,0.0833333333333333,1.0,1.0,0.0833333333333333,0.1538461538461538,0.5977281928062439,12,0,11,1,21,50242
5,3,lr_1em05_sched_none_img_320_ft_fc_only_loss_focal_cd25028d9c,1e-05,none,320,fc_only,focal,resnet18,imagenet,70,32,38,122,24,10,14,43,0.6666666666666666,0.4071428571428571,0.5069340785073051,0.2,1.0,1.0,0.2,0.3333333333333333,0.8511244058609009,14,0,8,2,1,50342
5,4,lr_1em05_sched_none_img_320_ft_fc_only_loss_focal_cd25028d9c,1e-05,none,320,fc_only,focal,resnet18,imagenet,71,30,41,128,23,12,11,37,0.6521739130434783,0.6212121212121212,0.6903873903873904,0.4166666666666667,0.9090909090909092,0.8333333333333334,0.4166666666666667,0.5555555555555556,0.6504678726196289,10,1,7,5,1,50442
5,1,lr_1em05_sched_none_img_320_ft_layer4_fc_loss_weighted_cross_entropy_c4d0a72aef,1e-05,none,320,layer4_fc,weighted_cross_entropy,resnet18,imagenet,71,34,37,121,23,8,15,44,0.8260869565217391,0.7916666666666667,0.6684782608695653,0.875,0.8,0.7,0.875,0.7777777777777778,0.4751378297805786,12,3,1,7,26,50142
5,2,lr_1em05_sched_none_img_320_ft_layer4_fc_loss_weighted_cross_entropy_c4d0a72aef,1e-05,none,320,layer4_fc,weighted_cross_entropy,resnet18,imagenet,70,30,40,124,24,12,12,41,0.75,0.7152777777777778,0.7346219684454978,0.6666666666666666,0.8333333333333334,0.8,0.6666666666666666,0.7272727272727273,0.4157298505306244,10,2,4,8,30,50242
5,3,lr_1em05_sched_none_img_320_ft_layer4_fc_loss_weighted_cross_entropy_c4d0a72aef,1e-05,none,320,layer4_fc,weighted_cross_entropy,resnet18,imagenet,70,32,38,122,24,10,14,43,0.75,0.7571428571428572,0.7736596736596737,0.6,0.8571428571428571,0.75,0.6,0.6666666666666666,0.5477436184883118,12,2,4,6,30,50342
5,4,lr_1em05_sched_none_img_320_ft_layer4_fc_loss_weighted_cross_entropy_c4d0a72aef,1e-05,none,320,layer4_fc,weighted_cross_entropy,resnet18,imagenet,71,30,41,128,23,12,11,37,0.782608695652174,0.787878787878788,0.8452053471361253,0.6666666666666666,0.9090909090909092,0.8888888888888888,0.6666666666666666,0.7619047619047619,0.4838249087333679,10,1,4,8,26,50442
5,1,lr_1em05_sched_none_img_320_ft_layer4_fc_loss_focal_2440d60379,1e-05,none,320,layer4_fc,focal,resnet18,imagenet,71,34,37,121,23,8,15,44,0.782608695652174,0.7583333333333333,0.6744306418219461,0.75,0.8,0.6666666666666666,0.75,0.7058823529411765,0.5363290309906006,12,3,2,6,9,50142
5,2,lr_1em05_sched_none_img_320_ft_layer4_fc_loss_focal_2440d60379,1e-05,none,320,layer4_fc,focal,resnet18,imagenet,70,30,40,124,24,12,12,41,0.75,0.6805555555555556,0.7406487232574189,0.6666666666666666,0.8333333333333334,0.8,0.6666666666666666,0.7272727272727273,0.4516545832157135,10,2,4,8,29,50242
5,3,lr_1em05_sched_none_img_320_ft_layer4_fc_loss_focal_2440d60379,1e-05,none,320,layer4_fc,focal,resnet18,imagenet,70,32,38,122,24,10,14,43,0.8333333333333334,0.8357142857142857,0.763704481792717,0.7,0.9285714285714286,0.875,0.7,0.7777777777777778,0.5781810879707336,13,1,3,7,30,50342
5,4,lr_1em05_sched_none_img_320_ft_layer4_fc_loss_focal_2440d60379,1e-05,none,320,layer4_fc,focal,resnet18,imagenet,71,30,41,128,23,12,11,37,0.6956521739130435,0.7575757575757575,0.8109434818993644,0.5,0.9090909090909092,0.8571428571428571,0.5,0.631578947368421,0.5584417581558228,10,1,6,6,15,50442
5,1,lr_1em05_sched_none_img_320_ft_layer3_layer4_fc_loss_weighted_cross_entropy_c4016f6283,1e-05,none,320,layer3_layer4_fc,weighted_cross_entropy,resnet18,imagenet,71,34,37,121,23,8,15,44,0.8260869565217391,0.7666666666666667,0.6778532608695652,0.875,0.8,0.7,0.875,0.7777777777777778,0.5506559014320374,12,3,1,7,12,50142
5,2,lr_1em05_sched_none_img_320_ft_layer3_layer4_fc_loss_weighted_cross_entropy_c4016f6283,1e-05,none,320,layer3_layer4_fc,weighted_cross_entropy,resnet18,imagenet,70,30,40,124,24,12,12,41,0.75,0.7986111111111112,0.7754464285714285,0.5833333333333334,0.9166666666666666,0.875,0.5833333333333334,0.7,0.5886421799659729,11,1,5,7,28,50242
5,3,lr_1em05_sched_none_img_320_ft_layer3_layer4_fc_loss_weighted_cross_entropy_c4016f6283,1e-05,none,320,layer3_layer4_fc,weighted_cross_entropy,resnet18,imagenet,70,32,38,122,24,10,14,43,0.8333333333333334,0.8642857142857143,0.7905844155844156,1.0,0.7142857142857143,0.7142857142857143,1.0,0.8333333333333334,0.5186482071876526,10,4,0,10,18,50342
5,4,lr_1em05_sched_none_img_320_ft_layer3_layer4_fc_loss_weighted_cross_entropy_c4016f6283,1e-05,none,320,layer3_layer4_fc,weighted_cross_entropy,resnet18,imagenet,71,30,41,128,23,12,11,37,0.8260869565217391,0.7954545454545454,0.8749501594896333,0.6666666666666666,1.0,1.0,0.6666666666666666,0.8,0.499349445104599,11,0,4,8,12,50442
5,1,lr_1em05_sched_none_img_320_ft_layer3_layer4_fc_loss_focal_43e790596e,1e-05,none,320,layer3_layer4_fc,focal,resnet18,imagenet,71,34,37,121,23,8,15,44,0.8260869565217391,0.775,0.6431806418219462,0.875,0.8,0.7,0.875,0.7777777777777778,0.4659410119056701,12,3,1,7,12,50142
5,2,lr_1em05_sched_none_img_320_ft_layer3_layer4_fc_loss_focal_43e790596e,1e-05,none,320,layer3_layer4_fc,focal,resnet18,imagenet,70,30,40,124,24,12,12,41,0.5,0.5,0.5,1.0,0.0,0.5,1.0,0.6666666666666666,0.0,0,12,0,12,9,50242
5,3,lr_1em05_sched_none_img_320_ft_layer3_layer4_fc_loss_focal_43e790596e,1e-05,none,320,layer3_layer4_fc,focal,resnet18,imagenet,70,32,38,122,24,10,14,43,0.8333333333333334,0.8714285714285714,0.8721477052359405,0.7,0.9285714285714286,0.875,0.7,0.7777777777777778,0.6377650499343872,13,1,3,7,18,50342
5,4,lr_1em05_sched_none_img_320_ft_layer3_layer4_fc_loss_focal_43e790596e,1e-05,none,320,layer3_layer4_fc,focal,resnet18,imagenet,71,30,41,128,23,12,11,37,0.7391304347826086,0.7803030303030303,0.8472552910052912,0.5,1.0,1.0,0.5,0.6666666666666666,0.5383338928222656,11,0,6,6,15,50442
5,1,lr_1em05_sched_none_img_320_ft_full_loss_weighted_cross_entropy_32f76c3c3c,1e-05,none,320,full,weighted_cross_entropy,resnet18,imagenet,71,34,37,121,23,8,15,44,0.782608695652174,0.7500000000000001,0.593452380952381,0.875,0.7333333333333333,0.6363636363636364,0.875,0.7368421052631579,0.512826681137085,11,4,1,7,20,50142
5,2,lr_1em05_sched_none_img_320_ft_full_loss_weighted_cross_entropy_32f76c3c3c,1e-05,none,320,full,weighted_cross_entropy,resnet18,imagenet,70,30,40,124,24,12,12,41,0.8333333333333334,0.7777777777777777,0.7581454425204426,0.8333333333333334,0.8333333333333334,0.8333333333333334,0.8333333333333334,0.8333333333333334,0.3309813737869262,10,2,2,10,30,50242
5,3,lr_1em05_sched_none_img_320_ft_full_loss_weighted_cross_entropy_32f76c3c3c,1e-05,none,320,full,weighted_cross_entropy,resnet18,imagenet,70,32,38,122,24,10,14,43,0.9166666666666666,0.9214285714285716,0.9267857142857144,0.8,1.0,1.0,0.8,0.8888888888888888,0.7691944241523743,14,0,2,8,29,50342
5,4,lr_1em05_sched_none_img_320_ft_full_loss_weighted_cross_entropy_32f76c3c3c,1e-05,none,320,full,weighted_cross_entropy,resnet18,imagenet,71,30,41,128,23,12,11,37,0.7391304347826086,0.7424242424242424,0.8196598472333768,0.5833333333333334,0.9090909090909092,0.875,0.5833333333333334,0.7,0.421216756105423,10,1,5,7,10,50442
5,1,lr_1em05_sched_none_img_320_ft_full_loss_focal_906b334381,1e-05,none,320,full,focal,resnet18,imagenet,71,34,37,121,23,8,15,44,0.782608695652174,0.8083333333333333,0.8105237154150198,0.875,0.7333333333333333,0.6363636363636364,0.875,0.7368421052631579,0.5457378625869751,11,4,1,7,8,50142
5,2,lr_1em05_sched_none_img_320_ft_full_loss_focal_906b334381,1e-05,none,320,full,focal,resnet18,imagenet,70,30,40,124,24,12,12,41,0.75,0.6944444444444444,0.7399873475960432,0.6666666666666666,0.8333333333333334,0.8,0.6666666666666666,0.7272727272727273,0.4474913775920868,10,2,4,8,13,50242
5,3,lr_1em05_sched_none_img_320_ft_full_loss_focal_906b334381,1e-05,none,320,full,focal,resnet18,imagenet,70,32,38,122,24,10,14,43,0.7916666666666666,0.8214285714285714,0.7578162034044387,0.9,0.7142857142857143,0.6923076923076923,0.9,0.782608695652174,0.4920823276042938,10,4,1,9,29,50342
5,4,lr_1em05_sched_none_img_320_ft_full_loss_focal_906b334381,1e-05,none,320,full,focal,resnet18,imagenet,71,30,41,128,23,12,11,37,0.8695652173913043,0.8181818181818182,0.8955357142857144,0.75,1.0,1.0,0.75,0.8571428571428571,0.4664631485939026,11,0,3,9,23,50442
5,1,lr_1em04_sched_step_img_224_ft_fc_only_loss_weighted_cross_entropy_3528f314c6,0.0001,step,224,fc_only,weighted_cross_entropy,resnet18,imagenet,71,34,37,121,23,8,15,44,0.7391304347826086,0.675,0.5468968531468531,0.5,0.8666666666666667,0.6666666666666666,0.5,0.5714285714285714,0.67708820104599,13,2,4,4,1,50142
5,2,lr_1em04_sched_step_img_224_ft_fc_only_loss_weighted_cross_entropy_3528f314c6,0.0001,step,224,fc_only,weighted_cross_entropy,resnet18,imagenet,70,30,40,124,24,12,12,41,0.5833333333333334,0.4722222222222222,0.5735152031827223,0.3333333333333333,0.8333333333333334,0.6666666666666666,0.3333333333333333,0.4444444444444444,0.2351808995008468,10,2,8,4,9,50242
5,3,lr_1em04_sched_step_img_224_ft_fc_only_loss_weighted_cross_entropy_3528f314c6,0.0001,step,224,fc_only,weighted_cross_entropy,resnet18,imagenet,70,32,38,122,24,10,14,43,0.6666666666666666,0.4928571428571428,0.4573971861471861,0.5,0.7857142857142857,0.625,0.5,0.5555555555555556,0.7656610608100891,11,3,5,5,1,50342
5,4,lr_1em04_sched_step_img_224_ft_fc_only_loss_weighted_cross_entropy_3528f314c6,0.0001,step,224,fc_only,weighted_cross_entropy,resnet18,imagenet,71,30,41,128,23,12,11,37,0.5652173913043478,0.4545454545454545,0.5371711578754922,0.25,0.9090909090909092,0.75,0.25,0.375,0.6628826856613159,10,1,9,3,1,50442
5,1,lr_1em04_sched_step_img_224_ft_fc_only_loss_focal_01d1647617,0.0001,step,224,fc_only,focal,resnet18,imagenet,71,34,37,121,23,8,15,44,0.782608695652174,0.7,0.6845597213244272,0.375,1.0,1.0,0.375,0.5454545454545454,0.3054314255714416,15,0,5,3,9,50142
5,2,lr_1em04_sched_step_img_224_ft_fc_only_loss_focal_01d1647617,0.0001,step,224,fc_only,focal,resnet18,imagenet,70,30,40,124,24,12,12,41,0.5833333333333334,0.4722222222222222,0.5698135442179055,0.5,0.6666666666666666,0.6,0.5,0.5454545454545454,0.3433106243610382,8,4,6,6,10,50242
5,3,lr_1em04_sched_step_img_224_ft_fc_only_loss_focal_01d1647617,0.0001,step,224,fc_only,focal,resnet18,imagenet,70,32,38,122,24,10,14,43,0.625,0.4857142857142857,0.446801948051948,0.4,0.7857142857142857,0.5714285714285714,0.4,0.4705882352941176,0.7945169806480408,11,3,6,4,1,50342
5,4,lr_1em04_sched_step_img_224_ft_fc_only_loss_focal_01d1647617,0.0001,step,224,fc_only,focal,resnet18,imagenet,71,30,41,128,23,12,11,37,0.5652173913043478,0.4393939393939394,0.5234522013933778,1.0,0.0909090909090909,0.5454545454545454,1.0,0.7058823529411765,0.4395945370197296,1,10,0,12,1,50442
5,1,lr_1em04_sched_step_img_224_ft_layer4_fc_loss_weighted_cross_entropy_d015fb22bf,0.0001,step,224,layer4_fc,weighted_cross_entropy,resnet18,imagenet,71,34,37,121,23,8,15,44,0.8695652173913043,0.8916666666666667,0.8576388888888888,0.875,0.8666666666666667,0.7777777777777778,0.875,0.8235294117647058,0.079981654882431,13,2,1,7,8,50142
5,2,lr_1em04_sched_step_img_224_ft_layer4_fc_loss_weighted_cross_entropy_d015fb22bf,0.0001,step,224,layer4_fc,weighted_cross_entropy,resnet18,imagenet,70,30,40,124,24,12,12,41,0.875,0.8958333333333334,0.8929864117364117,0.8333333333333334,0.9166666666666666,0.9090909090909092,0.8333333333333334,0.8695652173913043,0.4606397449970245,11,1,2,10,10,50242
5,3,lr_1em04_sched_step_img_224_ft_layer4_fc_loss_weighted_cross_entropy_d015fb22bf,0.0001,step,224,layer4_fc,weighted_cross_entropy,resnet18,imagenet,70,32,38,122,24,10,14,43,0.75,0.7857142857142857,0.7197527472527473,1.0,0.5714285714285714,0.625,1.0,0.7692307692307693,0.3266460001468658,8,6,0,10,4,50342
5,4,lr_1em04_sched_step_img_224_ft_layer4_fc_loss_weighted_cross_entropy_d015fb22bf,0.0001,step,224,layer4_fc,weighted_cross_entropy,resnet18,imagenet,71,30,41,128,23,12,11,37,0.7391304347826086,0.7803030303030303,0.8332739292298117,0.6666666666666666,0.8181818181818182,0.8,0.6666666666666666,0.7272727272727273,0.4046755135059356,9,2,4,8,1,50442
5,1,lr_1em04_sched_step_img_224_ft_layer4_fc_loss_focal_80411213cb,0.0001,step,224,layer4_fc,focal,resnet18,imagenet,71,34,37,121,23,8,15,44,0.8695652173913043,0.7916666666666666,0.7091528640441683,0.875,0.8666666666666667,0.7777777777777778,0.875,0.8235294117647058,0.1206859722733497,13,2,1,7,4,50142
5,2,lr_1em04_sched_step_img_224_ft_layer4_fc_loss_focal_80411213cb,0.0001,step,224,layer4_fc,focal,resnet18,imagenet,70,30,40,124,24,12,12,41,0.9166666666666666,0.9166666666666669,0.8775102212602213,0.9166666666666666,0.9166666666666666,0.9166666666666666,0.9166666666666666,0.9166666666666666,0.3985234200954437,11,1,1,11,16,50242
5,3,lr_1em04_sched_step_img_224_ft_layer4_fc_loss_focal_80411213cb,0.0001,step,224,layer4_fc,focal,resnet18,imagenet,70,32,38,122,24,10,14,43,0.8333333333333334,0.8571428571428571,0.8591117216117216,0.7,0.9285714285714286,0.875,0.7,0.7777777777777778,0.4232210218906402,13,1,3,7,9,50342
5,4,lr_1em04_sched_step_img_224_ft_layer4_fc_loss_focal_80411213cb,0.0001,step,224,layer4_fc,focal,resnet18,imagenet,71,30,41,128,23,12,11,37,0.8695652173913043,0.8106060606060607,0.8946608946608948,0.75,1.0,1.0,0.75,0.8571428571428571,0.3249732255935669,11,0,3,9,9,50442
5,1,lr_1em04_sched_step_img_224_ft_layer3_layer4_fc_loss_weighted_cross_entropy_ef5e104c47,0.0001,step,224,layer3_layer4_fc,weighted_cross_entropy,resnet18,imagenet,71,34,37,121,23,8,15,44,0.8695652173913043,0.8416666666666668,0.7999007936507937,0.875,0.8666666666666667,0.7777777777777778,0.875,0.8235294117647058,0.152945190668106,13,2,1,7,9,50142
5,2,lr_1em04_sched_step_img_224_ft_layer3_layer4_fc_loss_weighted_cross_entropy_ef5e104c47,0.0001,step,224,layer3_layer4_fc,weighted_cross_entropy,resnet18,imagenet,70,30,40,124,24,12,12,41,0.875,0.8472222222222223,0.8132300355017072,0.8333333333333334,0.9166666666666666,0.9090909090909092,0.8333333333333334,0.8695652173913043,0.2794912159442901,11,1,2,10,8,50242
5,3,lr_1em04_sched_step_img_224_ft_layer3_layer4_fc_loss_weighted_cross_entropy_ef5e104c47,0.0001,step,224,layer3_layer4_fc,weighted_cross_entropy,resnet18,imagenet,70,32,38,122,24,10,14,43,0.8333333333333334,0.8857142857142857,0.8534415584415584,0.9,0.7857142857142857,0.75,0.9,0.8181818181818182,0.7383253574371338,11,3,1,9,3,50342
5,4,lr_1em04_sched_step_img_224_ft_layer3_layer4_fc_loss_weighted_cross_entropy_ef5e104c47,0.0001,step,224,layer3_layer4_fc,weighted_cross_entropy,resnet18,imagenet,71,30,41,128,23,12,11,37,0.8695652173913043,0.8636363636363635,0.9156698564593304,0.8333333333333334,0.9090909090909092,0.9090909090909092,0.8333333333333334,0.8695652173913043,0.2953384220600128,10,1,2,10,5,50442
5,1,lr_1em04_sched_step_img_224_ft_layer3_layer4_fc_loss_focal_3046730bb6,0.0001,step,224,layer3_layer4_fc,focal,resnet18,imagenet,71,34,37,121,23,8,15,44,0.7391304347826086,0.7666666666666668,0.7097402597402598,0.875,0.6666666666666666,0.5833333333333334,0.875,0.7,0.4908381700515747,10,5,1,7,1,50142
5,2,lr_1em04_sched_step_img_224_ft_layer3_layer4_fc_loss_focal_3046730bb6,0.0001,step,224,layer3_layer4_fc,focal,resnet18,imagenet,70,30,40,124,24,12,12,41,0.9166666666666666,0.9166666666666669,0.8775102212602213,0.9166666666666666,0.9166666666666666,0.9166666666666666,0.9166666666666666,0.9166666666666666,0.5305120348930359,11,1,1,11,29,50242
5,3,lr_1em04_sched_step_img_224_ft_layer3_layer4_fc_loss_focal_3046730bb6,0.0001,step,224,layer3_layer4_fc,focal,resnet18,imagenet,70,32,38,122,24,10,14,43,0.75,0.7999999999999999,0.8083500557413601,0.9,0.6428571428571429,0.6428571428571429,0.9,0.75,0.2247836291790008,9,5,1,9,8,50342
5,4,lr_1em04_sched_step_img_224_ft_layer3_layer4_fc_loss_focal_3046730bb6,0.0001,step,224,layer3_layer4_fc,focal,resnet18,imagenet,71,30,41,128,23,12,11,37,0.8695652173913043,0.856060606060606,0.91530910609858,0.75,1.0,1.0,0.75,0.8571428571428571,0.3704328238964081,11,0,3,9,15,50442
5,1,lr_1em04_sched_step_img_224_ft_full_loss_weighted_cross_entropy_c5368ba9f8,0.0001,step,224,full,weighted_cross_entropy,resnet18,imagenet,71,34,37,121,23,8,15,44,0.8695652173913043,0.9,0.8516865079365079,0.875,0.8666666666666667,0.7777777777777778,0.875,0.8235294117647058,0.2716400623321533,13,2,1,7,11,50142
5,2,lr_1em04_sched_step_img_224_ft_full_loss_weighted_cross_entropy_c5368ba9f8,0.0001,step,224,full,weighted_cross_entropy,resnet18,imagenet,70,30,40,124,24,12,12,41,0.7916666666666666,0.7916666666666667,0.8292367225997257,0.75,0.8333333333333334,0.8181818181818182,0.75,0.782608695652174,0.2327174842357635,10,2,3,9,16,50242
5,3,lr_1em04_sched_step_img_224_ft_full_loss_weighted_cross_entropy_c5368ba9f8,0.0001,step,224,full,weighted_cross_entropy,resnet18,imagenet,70,32,38,122,24,10,14,43,0.875,0.9142857142857144,0.886024531024531,0.9,0.8571428571428571,0.8181818181818182,0.9,0.8571428571428571,0.3831855952739715,12,2,1,9,3,50342
5,4,lr_1em04_sched_step_img_224_ft_full_loss_weighted_cross_entropy_c5368ba9f8,0.0001,step,224,full,weighted_cross_entropy,resnet18,imagenet,71,30,41,128,23,12,11,37,0.8260869565217391,0.8257575757575757,0.8724341569736308,0.75,0.9090909090909092,0.9,0.75,0.8181818181818182,0.6035649180412292,10,1,3,9,9,50442
5,1,lr_1em04_sched_step_img_224_ft_full_loss_focal_17f3442150,0.0001,step,224,full,focal,resnet18,imagenet,71,34,37,121,23,8,15,44,0.9130434782608696,0.8416666666666667,0.839162784679089,0.875,0.9333333333333332,0.875,0.875,0.875,0.3568213284015655,14,1,1,7,17,50142
5,2,lr_1em04_sched_step_img_224_ft_full_loss_focal_17f3442150,0.0001,step,224,full,focal,resnet18,imagenet,70,30,40,124,24,12,12,41,0.7916666666666666,0.7638888888888888,0.7660908807967631,0.6666666666666666,0.9166666666666666,0.8888888888888888,0.6666666666666666,0.7619047619047619,0.819162905216217,11,1,4,8,1,50242
5,3,lr_1em04_sched_step_img_224_ft_full_loss_focal_17f3442150,0.0001,step,224,full,focal,resnet18,imagenet,70,32,38,122,24,10,14,43,0.875,0.9285714285714286,0.8986832611832611,0.9,0.8571428571428571,0.8181818181818182,0.9,0.8571428571428571,0.4033927023410797,12,2,1,9,6,50342
5,4,lr_1em04_sched_step_img_224_ft_full_loss_focal_17f3442150,0.0001,step,224,full,focal,resnet18,imagenet,71,30,41,128,23,12,11,37,0.8260869565217391,0.7727272727272727,0.838544999686304,0.8333333333333334,0.8181818181818182,0.8333333333333334,0.8333333333333334,0.8333333333333334,0.2165348380804062,9,2,2,10,5,50442
5,1,lr_1em04_sched_step_img_320_ft_fc_only_loss_weighted_cross_entropy_498b9f67ff,0.0001,step,320,fc_only,weighted_cross_entropy,resnet18,imagenet,71,34,37,121,23,8,15,44,0.782608695652174,0.6916666666666667,0.6746753246753247,0.375,1.0,1.0,0.375,0.5454545454545454,0.4069332778453827,15,0,5,3,8,50142
5,2,lr_1em04_sched_step_img_320_ft_fc_only_loss_weighted_cross_entropy_498b9f67ff,0.0001,step,320,fc_only,weighted_cross_entropy,resnet18,imagenet,70,30,40,124,24,12,12,41,0.5416666666666666,0.3472222222222222,0.5112012092704312,0.25,0.8333333333333334,0.6,0.25,0.3529411764705882,0.3468528091907501,10,2,9,3,21,50242
5,3,lr_1em04_sched_step_img_320_ft_fc_only_loss_weighted_cross_entropy_498b9f67ff,0.0001,step,320,fc_only,weighted_cross_entropy,resnet18,imagenet,70,32,38,122,24,10,14,43,0.6666666666666666,0.4285714285714286,0.5130469096046563,0.2,1.0,1.0,0.2,0.3333333333333333,0.8151648640632629,14,0,8,2,1,50342
5,4,lr_1em04_sched_step_img_320_ft_fc_only_loss_weighted_cross_entropy_498b9f67ff,0.0001,step,320,fc_only,weighted_cross_entropy,resnet18,imagenet,71,30,41,128,23,12,11,37,0.6521739130434783,0.6212121212121212,0.7082445332445333,0.5,0.8181818181818182,0.75,0.5,0.6,0.6085253953933716,9,2,6,6,1,50442
5,1,lr_1em04_sched_step_img_320_ft_fc_only_loss_focal_4ea8bce2fb,0.0001,step,320,fc_only,focal,resnet18,imagenet,71,34,37,121,23,8,15,44,0.8260869565217391,0.7,0.712696158008658,0.5,1.0,1.0,0.5,0.6666666666666666,0.347560316324234,15,0,4,4,8,50142
5,2,lr_1em04_sched_step_img_320_ft_fc_only_loss_focal_4ea8bce2fb,0.0001,step,320,fc_only,focal,resnet18,imagenet,70,30,40,124,24,12,12,41,0.5833333333333334,0.3611111111111111,0.5422841248928205,0.1666666666666666,1.0,1.0,0.1666666666666666,0.2857142857142857,0.475554883480072,12,0,10,2,29,50242
5,3,lr_1em04_sched_step_img_320_ft_fc_only_loss_focal_4ea8bce2fb,0.0001,step,320,fc_only,focal,resnet18,imagenet,70,32,38,122,24,10,14,43,0.6666666666666666,0.4285714285714286,0.5130469096046563,0.2,1.0,1.0,0.2,0.3333333333333333,0.8102409243583679,14,0,8,2,1,50342
5,4,lr_1em04_sched_step_img_320_ft_fc_only_loss_focal_4ea8bce2fb,0.0001,step,320,fc_only,focal,resnet18,imagenet,71,30,41,128,23,12,11,37,0.6521739130434783,0.6136363636363636,0.7029415029415029,0.5,0.8181818181818182,0.75,0.5,0.6,0.6122477054595947,9,2,6,6,1,50442
5,1,lr_1em04_sched_step_img_320_ft_layer4_fc_loss_weighted_cross_entropy_75ba4e1d96,0.0001,step,320,layer4_fc,weighted_cross_entropy,resnet18,imagenet,71,34,37,121,23,8,15,44,0.6956521739130435,0.7666666666666666,0.6588963732346086,0.875,0.6,0.5384615384615384,0.875,0.6666666666666666,0.1680690795183181,9,6,1,7,2,50142
5,2,lr_1em04_sched_step_img_320_ft_layer4_fc_loss_weighted_cross_entropy_75ba4e1d96,0.0001,step,320,layer4_fc,weighted_cross_entropy,resnet18,imagenet,70,30,40,124,24,12,12,41,0.8333333333333334,0.861111111111111,0.8699344636844637,0.8333333333333334,0.8333333333333334,0.8333333333333334,0.8333333333333334,0.8333333333333334,0.2910905182361603,10,2,2,10,8,50242
5,3,lr_1em04_sched_step_img_320_ft_layer4_fc_loss_weighted_cross_entropy_75ba4e1d96,0.0001,step,320,layer4_fc,weighted_cross_entropy,resnet18,imagenet,70,32,38,122,24,10,14,43,0.875,0.8857142857142857,0.895619658119658,0.8,0.9285714285714286,0.8888888888888888,0.8,0.8421052631578947,0.7056497931480408,13,1,2,8,12,50342
5,4,lr_1em04_sched_step_img_320_ft_layer4_fc_loss_weighted_cross_entropy_75ba4e1d96,0.0001,step,320,layer4_fc,weighted_cross_entropy,resnet18,imagenet,71,30,41,128,23,12,11,37,0.782608695652174,0.803030303030303,0.8443196788591526,0.75,0.8181818181818182,0.8181818181818182,0.75,0.782608695652174,0.5182456374168396,9,2,3,9,3,50442
5,1,lr_1em04_sched_step_img_320_ft_layer4_fc_loss_focal_130b3233c3,0.0001,step,320,layer4_fc,focal,resnet18,imagenet,71,34,37,121,23,8,15,44,0.8695652173913043,0.8583333333333334,0.8561507936507937,0.875,0.8666666666666667,0.7777777777777778,0.875,0.8235294117647058,0.2961596250534057,13,2,1,7,13,50142
5,2,lr_1em04_sched_step_img_320_ft_layer4_fc_loss_focal_130b3233c3,0.0001,step,320,layer4_fc,focal,resnet18,imagenet,70,30,40,124,24,12,12,41,0.7916666666666666,0.8194444444444444,0.7791005291005291,0.9166666666666666,0.6666666666666666,0.7333333333333333,0.9166666666666666,0.8148148148148148,0.2155957370996475,8,4,1,11,19,50242
5,3,lr_1em04_sched_step_img_320_ft_layer4_fc_loss_focal_130b3233c3,0.0001,step,320,layer4_fc,focal,resnet18,imagenet,70,32,38,122,24,10,14,43,0.8333333333333334,0.8285714285714286,0.8561734997029115,0.8,0.8571428571428571,0.8,0.8,0.8,0.5147932171821594,12,2,2,8,2,50342
5,4,lr_1em04_sched_step_img_320_ft_layer4_fc_loss_focal_130b3233c3,0.0001,step,320,layer4_fc,focal,resnet18,imagenet,71,30,41,128,23,12,11,37,0.782608695652174,0.803030303030303,0.8563434250934251,0.75,0.8181818181818182,0.8181818181818182,0.75,0.782608695652174,0.375576764345169,9,2,3,9,2,50442
5,1,lr_1em04_sched_step_img_320_ft_layer3_layer4_fc_loss_weighted_cross_entropy_1af0675037,0.0001,step,320,layer3_layer4_fc,weighted_cross_entropy,resnet18,imagenet,71,34,37,121,23,8,15,44,0.8695652173913043,0.9,0.8618055555555555,0.875,0.8666666666666667,0.7777777777777778,0.875,0.8235294117647058,0.187239184975624,13,2,1,7,10,50142
5,2,lr_1em04_sched_step_img_320_ft_layer3_layer4_fc_loss_weighted_cross_entropy_1af0675037,0.0001,step,320,layer3_layer4_fc,weighted_cross_entropy,resnet18,imagenet,70,30,40,124,24,12,12,41,0.8333333333333334,0.8819444444444444,0.9105820105820106,0.8333333333333334,0.8333333333333334,0.8333333333333334,0.8333333333333334,0.8333333333333334,0.3945301175117492,10,2,2,10,17,50242
5,3,lr_1em04_sched_step_img_320_ft_layer3_layer4_fc_loss_weighted_cross_entropy_1af0675037,0.0001,step,320,layer3_layer4_fc,weighted_cross_entropy,resnet18,imagenet,70,32,38,122,24,10,14,43,0.9166666666666666,0.9642857142857144,0.9614285714285716,0.9,0.9285714285714286,0.9,0.9,0.9,0.4534883499145508,13,1,1,9,7,50342
5,4,lr_1em04_sched_step_img_320_ft_layer3_layer4_fc_loss_weighted_cross_entropy_1af0675037,0.0001,step,320,layer3_layer4_fc,weighted_cross_entropy,resnet18,imagenet,71,30,41,128,23,12,11,37,0.8260869565217391,0.8409090909090908,0.8886408730158731,0.6666666666666666,1.0,1.0,0.6666666666666666,0.8,0.5281258225440979,11,0,4,8,1,50442
5,1,lr_1em04_sched_step_img_320_ft_layer3_layer4_fc_loss_focal_41d524f6ac,0.0001,step,320,layer3_layer4_fc,focal,resnet18,imagenet,71,34,37,121,23,8,15,44,0.782608695652174,0.775,0.7017322954822954,0.625,0.8666666666666667,0.7142857142857143,0.625,0.6666666666666666,0.4856453239917755,13,2,3,5,2,50142
5,2,lr_1em04_sched_step_img_320_ft_layer3_layer4_fc_loss_focal_41d524f6ac,0.0001,step,320,layer3_layer4_fc,focal,resnet18,imagenet,70,30,40,124,24,12,12,41,0.8333333333333334,0.8819444444444444,0.912046287046287,0.6666666666666666,1.0,1.0,0.6666666666666666,0.8,0.5283411145210266,12,0,4,8,30,50242
5,3,lr_1em04_sched_step_img_320_ft_layer3_layer4_fc_loss_focal_41d524f6ac,0.0001,step,320,layer3_layer4_fc,focal,resnet18,imagenet,70,32,38,122,24,10,14,43,0.7083333333333334,0.7428571428571429,0.657491111829347,1.0,0.5,0.5882352941176471,1.0,0.7407407407407407,0.4900905191898346,7,7,0,10,1,50342
5,4,lr_1em04_sched_step_img_320_ft_layer3_layer4_fc_loss_focal_41d524f6ac,0.0001,step,320,layer3_layer4_fc,focal,resnet18,imagenet,71,30,41,128,23,12,11,37,0.8260869565217391,0.803030303030303,0.858757215007215,0.8333333333333334,0.8181818181818182,0.8333333333333334,0.8333333333333334,0.8333333333333334,0.1850069761276245,9,2,2,10,2,50442
5,1,lr_1em04_sched_step_img_320_ft_full_loss_weighted_cross_entropy_9d8dca3eb2,0.0001,step,320,full,weighted_cross_entropy,resnet18,imagenet,71,34,37,121,23,8,15,44,0.8260869565217391,0.8,0.7764069264069264,0.75,0.8666666666666667,0.75,0.75,0.75,0.5086977481842041,13,2,2,6,5,50142
5,2,lr_1em04_sched_step_img_320_ft_full_loss_weighted_cross_entropy_9d8dca3eb2,0.0001,step,320,full,weighted_cross_entropy,resnet18,imagenet,70,30,40,124,24,12,12,41,0.875,0.9305555555555556,0.9410353535353536,0.8333333333333334,0.9166666666666666,0.9090909090909092,0.8333333333333334,0.8695652173913043,0.5327877402305603,11,1,2,10,11,50242
5,3,lr_1em04_sched_step_img_320_ft_full_loss_weighted_cross_entropy_9d8dca3eb2,0.0001,step,320,full,weighted_cross_entropy,resnet18,imagenet,70,32,38,122,24,10,14,43,0.875,0.8928571428571428,0.8571672771672771,0.8,0.9285714285714286,0.8888888888888888,0.8,0.8421052631578947,0.4600969851016998,13,1,2,8,4,50342
5,4,lr_1em04_sched_step_img_320_ft_full_loss_weighted_cross_entropy_9d8dca3eb2,0.0001,step,320,full,weighted_cross_entropy,resnet18,imagenet,71,30,41,128,23,12,11,37,0.8260869565217391,0.8409090909090909,0.8939615452773347,0.6666666666666666,1.0,1.0,0.6666666666666666,0.8,0.3726547360420227,11,0,4,8,8,50442
5,1,lr_1em04_sched_step_img_320_ft_full_loss_focal_e52545cdfc,0.0001,step,320,full,focal,resnet18,imagenet,71,34,37,121,23,8,15,44,0.782608695652174,0.8416666666666667,0.8017857142857143,0.75,0.8,0.6666666666666666,0.75,0.7058823529411765,0.2924736738204956,12,3,2,6,11,50142
5,2,lr_1em04_sched_step_img_320_ft_full_loss_focal_e52545cdfc,0.0001,step,320,full,focal,resnet18,imagenet,70,30,40,124,24,12,12,41,0.8333333333333334,0.8749999999999999,0.9132473806386848,0.8333333333333334,0.8333333333333334,0.8333333333333334,0.8333333333333334,0.8333333333333334,0.4452035129070282,10,2,2,10,22,50242
5,3,lr_1em04_sched_step_img_320_ft_full_loss_focal_e52545cdfc,0.0001,step,320,full,focal,resnet18,imagenet,70,32,38,122,24,10,14,43,0.8333333333333334,0.8642857142857143,0.8695833333333334,0.8,0.8571428571428571,0.8,0.8,0.8,0.7650577425956726,12,2,2,8,1,50342
5,4,lr_1em04_sched_step_img_320_ft_full_loss_focal_e52545cdfc,0.0001,step,320,full,focal,resnet18,imagenet,71,30,41,128,23,12,11,37,0.8695652173913043,0.8257575757575757,0.9109025032938076,0.75,1.0,1.0,0.75,0.8571428571428571,0.5253070592880249,11,0,3,9,8,50442
5,1,lr_1em04_sched_cosine_img_224_ft_fc_only_loss_weighted_cross_entropy_444ada7645,0.0001,cosine,224,fc_only,weighted_cross_entropy,resnet18,imagenet,71,34,37,121,23,8,15,44,0.7391304347826086,0.6916666666666667,0.5586489898989899,0.5,0.8666666666666667,0.6666666666666666,0.5,0.5714285714285714,0.7226123809814453,13,2,4,4,1,50142
5,2,lr_1em04_sched_cosine_img_224_ft_fc_only_loss_weighted_cross_entropy_444ada7645,0.0001,cosine,224,fc_only,weighted_cross_entropy,resnet18,imagenet,70,30,40,124,24,12,12,41,0.5833333333333334,0.4930555555555555,0.5819490895577852,0.3333333333333333,0.8333333333333334,0.6666666666666666,0.3333333333333333,0.4444444444444444,0.2683749198913574,10,2,8,4,9,50242
5,3,lr_1em04_sched_cosine_img_224_ft_fc_only_loss_weighted_cross_entropy_444ada7645,0.0001,cosine,224,fc_only,weighted_cross_entropy,resnet18,imagenet,70,32,38,122,24,10,14,43,0.6666666666666666,0.4857142857142856,0.4548236567354214,0.5,0.7857142857142857,0.625,0.5,0.5555555555555556,0.7482193112373352,11,3,5,5,1,50342
5,4,lr_1em04_sched_cosine_img_224_ft_fc_only_loss_weighted_cross_entropy_444ada7645,0.0001,cosine,224,fc_only,weighted_cross_entropy,resnet18,imagenet,71,30,41,128,23,12,11,37,0.5652173913043478,0.4318181818181817,0.5123716153127917,1.0,0.0909090909090909,0.5454545454545454,1.0,0.7058823529411765,0.4062638580799103,1,10,0,12,1,50442
5,1,lr_1em04_sched_cosine_img_224_ft_fc_only_loss_focal_410b517dba,0.0001,cosine,224,fc_only,focal,resnet18,imagenet,71,34,37,121,23,8,15,44,0.7391304347826086,0.6833333333333333,0.5538412975912976,0.5,0.8666666666666667,0.6666666666666666,0.5,0.5714285714285714,0.6775560975074768,13,2,4,4,1,50142
5,2,lr_1em04_sched_cosine_img_224_ft_fc_only_loss_focal_410b517dba,0.0001,cosine,224,fc_only,focal,resnet18,imagenet,70,30,40,124,24,12,12,41,0.5833333333333334,0.4861111111111111,0.5779589076264269,0.5,0.6666666666666666,0.6,0.5,0.5454545454545454,0.4051586985588074,8,4,6,6,10,50242
5,3,lr_1em04_sched_cosine_img_224_ft_fc_only_loss_focal_410b517dba,0.0001,cosine,224,fc_only,focal,resnet18,imagenet,70,32,38,122,24,10,14,43,0.6666666666666666,0.4928571428571428,0.4567284186401833,0.5,0.7857142857142857,0.625,0.5,0.5555555555555556,0.7483817338943481,11,3,5,5,1,50342
5,4,lr_1em04_sched_cosine_img_224_ft_fc_only_loss_focal_410b517dba,0.0001,cosine,224,fc_only,focal,resnet18,imagenet,71,30,41,128,23,12,11,37,0.5652173913043478,0.4393939393939393,0.5224886181929524,1.0,0.0909090909090909,0.5454545454545454,1.0,0.7058823529411765,0.4659537971019745,1,10,0,12,1,50442
5,1,lr_1em04_sched_cosine_img_224_ft_layer4_fc_loss_weighted_cross_entropy_68e86ebf06,0.0001,cosine,224,layer4_fc,weighted_cross_entropy,resnet18,imagenet,71,34,37,121,23,8,15,44,0.9130434782608696,0.8583333333333333,0.8661390692640694,0.875,0.9333333333333332,0.875,0.875,0.875,0.2619685232639313,14,1,1,7,18,50142
5,2,lr_1em04_sched_cosine_img_224_ft_layer4_fc_loss_weighted_cross_entropy_68e86ebf06,0.0001,cosine,224,layer4_fc,weighted_cross_entropy,resnet18,imagenet,70,30,40,124,24,12,12,41,0.875,0.8819444444444445,0.8758008195508196,0.8333333333333334,0.9166666666666666,0.9090909090909092,0.8333333333333334,0.8695652173913043,0.3252041637897491,11,1,2,10,25,50242
5,3,lr_1em04_sched_cosine_img_224_ft_layer4_fc_loss_weighted_cross_entropy_68e86ebf06,0.0001,cosine,224,layer4_fc,weighted_cross_entropy,resnet18,imagenet,70,32,38,122,24,10,14,43,0.7916666666666666,0.8285714285714285,0.7672650878533231,0.8,0.7857142857142857,0.7272727272727273,0.8,0.7619047619047619,0.7449033856391907,11,3,2,8,3,50342
5,4,lr_1em04_sched_cosine_img_224_ft_layer4_fc_loss_weighted_cross_entropy_68e86ebf06,0.0001,cosine,224,layer4_fc,weighted_cross_entropy,resnet18,imagenet,71,30,41,128,23,12,11,37,0.8695652173913043,0.8712121212121211,0.9265275032938076,0.75,1.0,1.0,0.75,0.8571428571428571,0.738898515701294,11,0,3,9,9,50442
5,1,lr_1em04_sched_cosine_img_224_ft_layer4_fc_loss_focal_8eca8245ec,0.0001,cosine,224,layer4_fc,focal,resnet18,imagenet,71,34,37,121,23,8,15,44,0.8695652173913043,0.8333333333333334,0.6873538011695907,0.875,0.8666666666666667,0.7777777777777778,0.875,0.8235294117647058,0.2891251444816589,13,2,1,7,4,50142
5,2,lr_1em04_sched_cosine_img_224_ft_layer4_fc_loss_focal_8eca8245ec,0.0001,cosine,224,layer4_fc,focal,resnet18,imagenet,70,30,40,124,24,12,12,41,0.7916666666666666,0.8333333333333334,0.8650360056610057,0.8333333333333334,0.75,0.7692307692307693,0.8333333333333334,0.8,0.2829338014125824,9,3,2,10,21,50242
5,3,lr_1em04_sched_cosine_img_224_ft_layer4_fc_loss_focal_8eca8245ec,0.0001,cosine,224,layer4_fc,focal,resnet18,imagenet,70,32,38,122,24,10,14,43,0.875,0.907142857142857,0.9108386496544392,0.9,0.8571428571428571,0.8181818181818182,0.9,0.8571428571428571,0.5225223898887634,12,2,1,9,13,50342
5,4,lr_1em04_sched_cosine_img_224_ft_layer4_fc_loss_focal_8eca8245ec,0.0001,cosine,224,layer4_fc,focal,resnet18,imagenet,71,30,41,128,23,12,11,37,0.8695652173913043,0.803030303030303,0.8946687370600416,0.75,1.0,1.0,0.75,0.8571428571428571,0.4519874453544616,11,0,3,9,13,50442
5,1,lr_1em04_sched_cosine_img_224_ft_layer3_layer4_fc_loss_weighted_cross_entropy_691980fc50,0.0001,cosine,224,layer3_layer4_fc,weighted_cross_entropy,resnet18,imagenet,71,34,37,121,23,8,15,44,0.782608695652174,0.85,0.8109880315762669,0.875,0.7333333333333333,0.6363636363636364,0.875,0.7368421052631579,0.1918358951807022,11,4,1,7,13,50142
5,2,lr_1em04_sched_cosine_img_224_ft_layer3_layer4_fc_loss_weighted_cross_entropy_691980fc50,0.0001,cosine,224,layer3_layer4_fc,weighted_cross_entropy,resnet18,imagenet,70,30,40,124,24,12,12,41,0.8333333333333334,0.8402777777777778,0.8259059897217793,0.8333333333333334,0.8333333333333334,0.8333333333333334,0.8333333333333334,0.8333333333333334,0.1514608412981033,10,2,2,10,18,50242
5,3,lr_1em04_sched_cosine_img_224_ft_layer3_layer4_fc_loss_weighted_cross_entropy_691980fc50,0.0001,cosine,224,layer3_layer4_fc,weighted_cross_entropy,resnet18,imagenet,70,32,38,122,24,10,14,43,0.9166666666666666,0.914285714285714,0.8571031746031745,0.9,0.9285714285714286,0.9,0.9,0.9,0.7751163244247437,13,1,1,9,2,50342
5,4,lr_1em04_sched_cosine_img_224_ft_layer3_layer4_fc_loss_weighted_cross_entropy_691980fc50,0.0001,cosine,224,layer3_layer4_fc,weighted_cross_entropy,resnet18,imagenet,71,30,41,128,23,12,11,37,0.8260869565217391,0.8257575757575757,0.8960168041975823,0.6666666666666666,1.0,1.0,0.6666666666666666,0.8,0.3305323719978332,11,0,4,8,11,50442
5,1,lr_1em04_sched_cosine_img_224_ft_layer3_layer4_fc_loss_focal_26653f65da,0.0001,cosine,224,layer3_layer4_fc,focal,resnet18,imagenet,71,34,37,121,23,8,15,44,0.8695652173913043,0.8166666666666667,0.8232600732600732,0.625,1.0,1.0,0.625,0.7692307692307693,0.5381395220756531,15,0,3,5,5,50142
5,2,lr_1em04_sched_cosine_img_224_ft_layer3_layer4_fc_loss_focal_26653f65da,0.0001,cosine,224,layer3_layer4_fc,focal,resnet18,imagenet,70,30,40,124,24,12,12,41,0.9583333333333334,0.923611111111111,0.8599888537388537,1.0,0.9166666666666666,0.9230769230769232,1.0,0.96,0.3320319354534149,11,1,0,12,12,50242
5,3,lr_1em04_sched_cosine_img_224_ft_layer3_layer4_fc_loss_focal_26653f65da,0.0001,cosine,224,layer3_layer4_fc,focal,resnet18,imagenet,70,32,38,122,24,10,14,43,0.7916666666666666,0.8214285714285714,0.8221528471528471,0.9,0.7142857142857143,0.6923076923076923,0.9,0.782608695652174,0.556248128414154,10,4,1,9,2,50342
5,4,lr_1em04_sched_cosine_img_224_ft_layer3_layer4_fc_loss_focal_26653f65da,0.0001,cosine,224,layer3_layer4_fc,focal,resnet18,imagenet,71,30,41,128,23,12,11,37,0.6956521739130435,0.7196969696969697,0.7935578181708213,0.5,0.9090909090909092,0.8571428571428571,0.5,0.631578947368421,0.4484196901321411,10,1,6,6,1,50442
5,1,lr_1em04_sched_cosine_img_224_ft_full_loss_weighted_cross_entropy_76e3fcc61d,0.0001,cosine,224,full,weighted_cross_entropy,resnet18,imagenet,71,34,37,121,23,8,15,44,0.7391304347826086,0.8583333333333334,0.8058035714285714,1.0,0.6,0.5714285714285714,1.0,0.7272727272727273,0.0920350700616836,9,6,0,8,19,50142
5,2,lr_1em04_sched_cosine_img_224_ft_full_loss_weighted_cross_entropy_76e3fcc61d,0.0001,cosine,224,full,weighted_cross_entropy,resnet18,imagenet,70,30,40,124,24,12,12,41,0.75,0.7083333333333334,0.7157142565037302,0.8333333333333334,0.6666666666666666,0.7142857142857143,0.8333333333333334,0.7692307692307693,0.5507794618606567,8,4,2,10,1,50242
5,3,lr_1em04_sched_cosine_img_224_ft_full_loss_weighted_cross_entropy_76e3fcc61d,0.0001,cosine,224,full,weighted_cross_entropy,resnet18,imagenet,70,32,38,122,24,10,14,43,0.875,0.8999999999999999,0.8994981325863678,0.8,0.9285714285714286,0.8888888888888888,0.8,0.8421052631578947,0.56235271692276,13,1,2,8,4,50342
5,4,lr_1em04_sched_cosine_img_224_ft_full_loss_weighted_cross_entropy_76e3fcc61d,0.0001,cosine,224,full,weighted_cross_entropy,resnet18,imagenet,71,30,41,128,23,12,11,37,0.8260869565217391,0.8333333333333333,0.8918142043142044,0.6666666666666666,1.0,1.0,0.6666666666666666,0.8,0.2424893975257873,11,0,4,8,6,50442
5,1,lr_1em04_sched_cosine_img_224_ft_full_loss_focal_13433d0a9c,0.0001,cosine,224,full,focal,resnet18,imagenet,71,34,37,121,23,8,15,44,0.8260869565217391,0.8166666666666668,0.8038949275362319,0.875,0.8,0.7,0.875,0.7777777777777778,0.2540887594223022,12,3,1,7,11,50142
5,2,lr_1em04_sched_cosine_img_224_ft_full_loss_focal_13433d0a9c,0.0001,cosine,224,full,focal,resnet18,imagenet,70,30,40,124,24,12,12,41,0.7916666666666666,0.8055555555555556,0.8460740648240648,0.75,0.8333333333333334,0.8181818181818182,0.75,0.782608695652174,0.6086720824241638,10,2,3,9,2,50242
5,3,lr_1em04_sched_cosine_img_224_ft_full_loss_focal_13433d0a9c,0.0001,cosine,224,full,focal,resnet18,imagenet,70,32,38,122,24,10,14,43,0.9166666666666666,0.9357142857142856,0.8905880230880231,1.0,0.8571428571428571,0.8333333333333334,1.0,0.9090909090909092,0.2509487569332123,12,2,0,10,16,50342
5,4,lr_1em04_sched_cosine_img_224_ft_full_loss_focal_13433d0a9c,0.0001,cosine,224,full,focal,resnet18,imagenet,71,30,41,128,23,12,11,37,0.8695652173913043,0.8333333333333334,0.9085497835497836,0.75,1.0,1.0,0.75,0.8571428571428571,0.4298889338970184,11,0,3,9,9,50442
5,1,lr_1em04_sched_cosine_img_320_ft_fc_only_loss_weighted_cross_entropy_ac7cf43cc1,0.0001,cosine,320,fc_only,weighted_cross_entropy,resnet18,imagenet,71,34,37,121,23,8,15,44,0.782608695652174,0.7,0.6738602053140097,0.5,0.9333333333333332,0.8,0.5,0.6153846153846154,0.4010426104068756,14,1,4,4,9,50142
5,2,lr_1em04_sched_cosine_img_320_ft_fc_only_loss_weighted_cross_entropy_ac7cf43cc1,0.0001,cosine,320,fc_only,weighted_cross_entropy,resnet18,imagenet,70,30,40,124,24,12,12,41,0.5833333333333334,0.3888888888888889,0.5543773686230612,0.25,0.9166666666666666,0.75,0.25,0.375,0.3058357536792755,11,1,9,3,21,50242
5,3,lr_1em04_sched_cosine_img_320_ft_fc_only_loss_weighted_cross_entropy_ac7cf43cc1,0.0001,cosine,320,fc_only,weighted_cross_entropy,resnet18,imagenet,70,32,38,122,24,10,14,43,0.6666666666666666,0.4214285714285714,0.5109416464467615,0.2,1.0,1.0,0.2,0.3333333333333333,0.8186374306678772,14,0,8,2,1,50342
5,4,lr_1em04_sched_cosine_img_320_ft_fc_only_loss_weighted_cross_entropy_ac7cf43cc1,0.0001,cosine,320,fc_only,weighted_cross_entropy,resnet18,imagenet,71,30,41,128,23,12,11,37,0.6521739130434783,0.6136363636363636,0.7059176934176934,0.4166666666666667,0.9090909090909092,0.8333333333333334,0.4166666666666667,0.5555555555555556,0.6290936470031738,10,1,7,5,1,50442
5,1,lr_1em04_sched_cosine_img_320_ft_fc_only_loss_focal_a2392d1b17,0.0001,cosine,320,fc_only,focal,resnet18,imagenet,71,34,37,121,23,8,15,44,0.8260869565217391,0.6916666666666667,0.7079613095238095,0.5,1.0,1.0,0.5,0.6666666666666666,0.4666530787944793,15,0,4,4,8,50142
5,2,lr_1em04_sched_cosine_img_320_ft_fc_only_loss_focal_a2392d1b17,0.0001,cosine,320,fc_only,focal,resnet18,imagenet,70,30,40,124,24,12,12,41,0.5416666666666666,0.3263888888888889,0.4857863463555684,0.0833333333333333,1.0,1.0,0.0833333333333333,0.1538461538461538,0.4532949030399322,12,0,11,1,21,50242
5,3,lr_1em04_sched_cosine_img_320_ft_fc_only_loss_focal_a2392d1b17,0.0001,cosine,320,fc_only,focal,resnet18,imagenet,70,32,38,122,24,10,14,43,0.6666666666666666,0.45,0.5228975165140867,0.2,1.0,1.0,0.2,0.3333333333333333,0.7927598357200623,14,0,8,2,1,50342
5,4,lr_1em04_sched_cosine_img_320_ft_fc_only_loss_focal_a2392d1b17,0.0001,cosine,320,fc_only,focal,resnet18,imagenet,71,30,41,128,23,12,11,37,0.6521739130434783,0.6212121212121212,0.7082445332445333,0.5,0.8181818181818182,0.75,0.5,0.6,0.630211353302002,9,2,6,6,1,50442
5,1,lr_1em04_sched_cosine_img_320_ft_layer4_fc_loss_weighted_cross_entropy_d1e124db05,0.0001,cosine,320,layer4_fc,weighted_cross_entropy,resnet18,imagenet,71,34,37,121,23,8,15,44,0.8260869565217391,0.775,0.6917395104895105,0.625,0.9333333333333332,0.8333333333333334,0.625,0.7142857142857143,0.4527995884418487,14,1,3,5,11,50142
5,2,lr_1em04_sched_cosine_img_320_ft_layer4_fc_loss_weighted_cross_entropy_d1e124db05,0.0001,cosine,320,layer4_fc,weighted_cross_entropy,resnet18,imagenet,70,30,40,124,24,12,12,41,0.7916666666666666,0.8611111111111112,0.873776455026455,0.6666666666666666,0.9166666666666666,0.8888888888888888,0.6666666666666666,0.7619047619047619,0.396298348903656,11,1,4,8,19,50242
5,3,lr_1em04_sched_cosine_img_320_ft_layer4_fc_loss_weighted_cross_entropy_d1e124db05,0.0001,cosine,320,layer4_fc,weighted_cross_entropy,resnet18,imagenet,70,32,38,122,24,10,14,43,0.875,0.9142857142857144,0.9173737373737372,0.9,0.8571428571428571,0.8181818181818182,0.9,0.8571428571428571,0.3478946685791015,12,2,1,9,3,50342
5,4,lr_1em04_sched_cosine_img_320_ft_layer4_fc_loss_weighted_cross_entropy_d1e124db05,0.0001,cosine,320,layer4_fc,weighted_cross_entropy,resnet18,imagenet,71,30,41,128,23,12,11,37,0.8260869565217391,0.7727272727272727,0.8386690787426082,0.75,0.9090909090909092,0.9,0.75,0.8181818181818182,0.4269438982009887,10,1,3,9,2,50442
5,1,lr_1em04_sched_cosine_img_320_ft_layer4_fc_loss_focal_f702c93367,0.0001,cosine,320,layer4_fc,focal,resnet18,imagenet,71,34,37,121,23,8,15,44,0.8695652173913043,0.8250000000000001,0.7843434343434343,0.875,0.8666666666666667,0.7777777777777778,0.875,0.8235294117647058,0.4076893031597137,13,2,1,7,12,50142
5,2,lr_1em04_sched_cosine_img_320_ft_layer4_fc_loss_focal_f702c93367,0.0001,cosine,320,layer4_fc,focal,resnet18,imagenet,70,30,40,124,24,12,12,41,0.8333333333333334,0.8611111111111112,0.8761918150076045,0.9166666666666666,0.75,0.7857142857142857,0.9166666666666666,0.8461538461538461,0.31868577003479,9,3,1,11,24,50242
5,3,lr_1em04_sched_cosine_img_320_ft_layer4_fc_loss_focal_f702c93367,0.0001,cosine,320,layer4_fc,focal,resnet18,imagenet,70,32,38,122,24,10,14,43,0.8333333333333334,0.8500000000000001,0.8218989262371615,0.8,0.8571428571428571,0.8,0.8,0.8,0.5869617462158203,12,2,2,8,3,50342
5,4,lr_1em04_sched_cosine_img_320_ft_layer4_fc_loss_focal_f702c93367,0.0001,cosine,320,layer4_fc,focal,resnet18,imagenet,71,30,41,128,23,12,11,37,0.8260869565217391,0.8333333333333334,0.8780753968253968,0.75,0.9090909090909092,0.9,0.75,0.8181818181818182,0.3594886064529419,10,1,3,9,2,50442
5,1,lr_1em04_sched_cosine_img_320_ft_layer3_layer4_fc_loss_weighted_cross_entropy_87bb184750,0.0001,cosine,320,layer3_layer4_fc,weighted_cross_entropy,resnet18,imagenet,71,34,37,121,23,8,15,44,0.8695652173913043,0.8166666666666668,0.7363095238095239,0.75,0.9333333333333332,0.8571428571428571,0.75,0.8,0.7096810936927795,14,1,2,6,3,50142
5,2,lr_1em04_sched_cosine_img_320_ft_layer3_layer4_fc_loss_weighted_cross_entropy_87bb184750,0.0001,cosine,320,layer3_layer4_fc,weighted_cross_entropy,resnet18,imagenet,70,30,40,124,24,12,12,41,0.875,0.9375,0.9411778036778036,0.8333333333333334,0.9166666666666666,0.9090909090909092,0.8333333333333334,0.8695652173913043,0.501606822013855,11,1,2,10,20,50242
5,3,lr_1em04_sched_cosine_img_320_ft_layer3_layer4_fc_loss_weighted_cross_entropy_87bb184750,0.0001,cosine,320,layer3_layer4_fc,weighted_cross_entropy,resnet18,imagenet,70,32,38,122,24,10,14,43,0.8333333333333334,0.9142857142857144,0.9008866133866134,1.0,0.7142857142857143,0.7142857142857143,1.0,0.8333333333333334,0.2149334996938705,10,4,0,10,19,50342
5,4,lr_1em04_sched_cosine_img_320_ft_layer3_layer4_fc_loss_weighted_cross_entropy_87bb184750,0.0001,cosine,320,layer3_layer4_fc,weighted_cross_entropy,resnet18,imagenet,71,30,41,128,23,12,11,37,0.7391304347826086,0.787878787878788,0.842503819709702,0.5,1.0,1.0,0.5,0.6666666666666666,0.4926035106182098,11,0,6,6,2,50442
5,1,lr_1em04_sched_cosine_img_320_ft_layer3_layer4_fc_loss_focal_cc0803cc90,0.0001,cosine,320,layer3_layer4_fc,focal,resnet18,imagenet,71,34,37,121,23,8,15,44,0.8260869565217391,0.8166666666666668,0.779656862745098,0.625,0.9333333333333332,0.8333333333333334,0.625,0.7142857142857143,0.6025673151016235,14,1,3,5,20,50142
5,2,lr_1em04_sched_cosine_img_320_ft_layer3_layer4_fc_loss_focal_cc0803cc90,0.0001,cosine,320,layer3_layer4_fc,focal,resnet18,imagenet,70,30,40,124,24,12,12,41,0.7916666666666666,0.8472222222222222,0.8555511890070714,0.75,0.8333333333333334,0.8181818181818182,0.75,0.782608695652174,0.4550381004810333,10,2,3,9,20,50242
5,3,lr_1em04_sched_cosine_img_320_ft_layer3_layer4_fc_loss_focal_cc0803cc90,0.0001,cosine,320,layer3_layer4_fc,focal,resnet18,imagenet,70,32,38,122,24,10,14,43,0.875,0.9214285714285714,0.9122863247863248,0.8,0.9285714285714286,0.8888888888888888,0.8,0.8421052631578947,0.541746973991394,13,1,2,8,16,50342
5,4,lr_1em04_sched_cosine_img_320_ft_layer3_layer4_fc_loss_focal_cc0803cc90,0.0001,cosine,320,layer3_layer4_fc,focal,resnet18,imagenet,71,30,41,128,23,12,11,37,0.782608695652174,0.8257575757575758,0.8790204678362573,0.5833333333333334,1.0,1.0,0.5833333333333334,0.7368421052631579,0.3740069270133972,11,0,5,7,1,50442
5,1,lr_1em04_sched_cosine_img_320_ft_full_loss_weighted_cross_entropy_c4cc1f1985,0.0001,cosine,320,full,weighted_cross_entropy,resnet18,imagenet,71,34,37,121,23,8,15,44,0.9130434782608696,0.925,0.9138888888888888,0.75,1.0,1.0,0.75,0.8571428571428571,0.2978217899799347,15,0,2,6,14,50142
5,2,lr_1em04_sched_cosine_img_320_ft_full_loss_weighted_cross_entropy_c4cc1f1985,0.0001,cosine,320,full,weighted_cross_entropy,resnet18,imagenet,70,30,40,124,24,12,12,41,0.9166666666666666,0.923611111111111,0.9497655122655122,0.9166666666666666,0.9166666666666666,0.9166666666666666,0.9166666666666666,0.9166666666666666,0.3573400974273681,11,1,1,11,9,50242
5,3,lr_1em04_sched_cosine_img_320_ft_full_loss_weighted_cross_entropy_c4cc1f1985,0.0001,cosine,320,full,weighted_cross_entropy,resnet18,imagenet,70,32,38,122,24,10,14,43,0.9166666666666666,0.9142857142857144,0.9190204678362572,0.9,0.9285714285714286,0.9,0.9,0.9,0.3130924701690674,13,1,1,9,11,50342
5,4,lr_1em04_sched_cosine_img_320_ft_full_loss_weighted_cross_entropy_c4cc1f1985,0.0001,cosine,320,full,weighted_cross_entropy,resnet18,imagenet,71,30,41,128,23,12,11,37,0.8260869565217391,0.8257575757575757,0.860370396511701,0.8333333333333334,0.8181818181818182,0.8333333333333334,0.8333333333333334,0.8333333333333334,0.1708338409662246,9,2,2,10,9,50442
5,1,lr_1em04_sched_cosine_img_320_ft_full_loss_focal_cae5e53d6e,0.0001,cosine,320,full,focal,resnet18,imagenet,71,34,37,121,23,8,15,44,0.8260869565217391,0.875,0.7589285714285715,0.875,0.8,0.7,0.875,0.7777777777777778,0.3565989732742309,12,3,1,7,7,50142
5,2,lr_1em04_sched_cosine_img_320_ft_full_loss_focal_cae5e53d6e,0.0001,cosine,320,full,focal,resnet18,imagenet,70,30,40,124,24,12,12,41,0.8333333333333334,0.8819444444444444,0.9021177409335304,0.9166666666666666,0.75,0.7857142857142857,0.9166666666666666,0.8461538461538461,0.4091050326824188,9,3,1,11,11,50242
5,3,lr_1em04_sched_cosine_img_320_ft_full_loss_focal_cae5e53d6e,0.0001,cosine,320,full,focal,resnet18,imagenet,70,32,38,122,24,10,14,43,0.875,0.9428571428571428,0.9373737373737372,0.9,0.8571428571428571,0.8181818181818182,0.9,0.8571428571428571,0.6167725920677185,12,2,1,9,5,50342
5,4,lr_1em04_sched_cosine_img_320_ft_full_loss_focal_cae5e53d6e,0.0001,cosine,320,full,focal,resnet18,imagenet,71,30,41,128,23,12,11,37,0.8260869565217391,0.8257575757575758,0.8824737762237763,0.75,0.9090909090909092,0.9,0.75,0.8181818181818182,0.4732267260551452,10,1,3,9,12,50442
5,1,lr_1em04_sched_none_img_224_ft_fc_only_loss_weighted_cross_entropy_471dbeb812,0.0001,none,224,fc_only,weighted_cross_entropy,resnet18,imagenet,71,34,37,121,23,8,15,44,0.782608695652174,0.7,0.5753156565656566,0.5,0.9333333333333332,0.8,0.5,0.6153846153846154,0.7381016612052917,14,1,4,4,1,50142
5,2,lr_1em04_sched_none_img_224_ft_fc_only_loss_weighted_cross_entropy_471dbeb812,0.0001,none,224,fc_only,weighted_cross_entropy,resnet18,imagenet,70,30,40,124,24,12,12,41,0.5833333333333334,0.4930555555555556,0.609127738795258,0.1666666666666666,1.0,1.0,0.1666666666666666,0.2857142857142857,0.5470491647720337,12,0,10,2,10,50242
5,3,lr_1em04_sched_none_img_224_ft_fc_only_loss_weighted_cross_entropy_471dbeb812,0.0001,none,224,fc_only,weighted_cross_entropy,resnet18,imagenet,70,32,38,122,24,10,14,43,0.625,0.4928571428571429,0.4523575036075036,0.5,0.7142857142857143,0.5555555555555556,0.5,0.5263157894736842,0.7914544343948364,10,4,5,5,1,50342
5,4,lr_1em04_sched_none_img_224_ft_fc_only_loss_weighted_cross_entropy_471dbeb812,0.0001,none,224,fc_only,weighted_cross_entropy,resnet18,imagenet,71,30,41,128,23,12,11,37,0.5652173913043478,0.4393939393939393,0.5224886181929524,1.0,0.0909090909090909,0.5454545454545454,1.0,0.7058823529411765,0.4486130177974701,1,10,0,12,1,50442
5,1,lr_1em04_sched_none_img_224_ft_fc_only_loss_focal_dbe5706b7b,0.0001,none,224,fc_only,focal,resnet18,imagenet,71,34,37,121,23,8,15,44,0.7391304347826086,0.675,0.5468968531468531,0.5,0.8666666666666667,0.6666666666666666,0.5,0.5714285714285714,0.6518719792366028,13,2,4,4,1,50142
5,2,lr_1em04_sched_none_img_224_ft_fc_only_loss_focal_dbe5706b7b,0.0001,none,224,fc_only,focal,resnet18,imagenet,70,30,40,124,24,12,12,41,0.5833333333333334,0.5138888888888888,0.5959371847958804,0.4166666666666667,0.75,0.625,0.4166666666666667,0.5,0.4244421422481537,9,3,7,5,10,50242
5,3,lr_1em04_sched_none_img_224_ft_fc_only_loss_focal_dbe5706b7b,0.0001,none,224,fc_only,focal,resnet18,imagenet,70,32,38,122,24,10,14,43,0.6666666666666666,0.4928571428571428,0.4567284186401833,0.5,0.7857142857142857,0.625,0.5,0.5555555555555556,0.7620146870613098,11,3,5,5,1,50342
5,4,lr_1em04_sched_none_img_224_ft_fc_only_loss_focal_dbe5706b7b,0.0001,none,224,fc_only,focal,resnet18,imagenet,71,30,41,128,23,12,11,37,0.5652173913043478,0.4318181818181817,0.5178589885633229,1.0,0.0909090909090909,0.5454545454545454,1.0,0.7058823529411765,0.4720200002193451,1,10,0,12,1,50442
5,1,lr_1em04_sched_none_img_224_ft_layer4_fc_loss_weighted_cross_entropy_20e90af686,0.0001,none,224,layer4_fc,weighted_cross_entropy,resnet18,imagenet,71,34,37,121,23,8,15,44,0.782608695652174,0.775,0.7584050007963051,0.75,0.8,0.6666666666666666,0.75,0.7058823529411765,0.1790332198143005,12,3,2,6,7,50142
5,2,lr_1em04_sched_none_img_224_ft_layer4_fc_loss_weighted_cross_entropy_20e90af686,0.0001,none,224,layer4_fc,weighted_cross_entropy,resnet18,imagenet,70,30,40,124,24,12,12,41,0.7916666666666666,0.861111111111111,0.8510676279058631,0.8333333333333334,0.75,0.7692307692307693,0.8333333333333334,0.8,0.3036783635616302,9,3,2,10,11,50242
5,3,lr_1em04_sched_none_img_224_ft_layer4_fc_loss_weighted_cross_entropy_20e90af686,0.0001,none,224,layer4_fc,weighted_cross_entropy,resnet18,imagenet,70,32,38,122,24,10,14,43,0.9166666666666666,0.9428571428571428,0.9416666666666668,0.8,1.0,1.0,0.8,0.8888888888888888,0.8679910898208618,14,0,2,8,4,50342
5,4,lr_1em04_sched_none_img_224_ft_layer4_fc_loss_weighted_cross_entropy_20e90af686,0.0001,none,224,layer4_fc,weighted_cross_entropy,resnet18,imagenet,71,30,41,128,23,12,11,37,0.8695652173913043,0.803030303030303,0.8926846100759146,0.75,1.0,1.0,0.75,0.8571428571428571,0.2705278992652893,11,0,3,9,17,50442
5,1,lr_1em04_sched_none_img_224_ft_layer4_fc_loss_focal_89249d0ccb,0.0001,none,224,layer4_fc,focal,resnet18,imagenet,71,34,37,121,23,8,15,44,0.8695652173913043,0.9583333333333334,0.9381313131313131,1.0,0.8,0.7272727272727273,1.0,0.8421052631578947,0.2156272679567337,12,3,0,8,30,50142
5,2,lr_1em04_sched_none_img_224_ft_layer4_fc_loss_focal_89249d0ccb,0.0001,none,224,layer4_fc,focal,resnet18,imagenet,70,30,40,124,24,12,12,41,0.8333333333333334,0.8402777777777779,0.8171169108669109,1.0,0.6666666666666666,0.75,1.0,0.8571428571428571,0.1752990931272506,8,4,0,12,13,50242
5,3,lr_1em04_sched_none_img_224_ft_layer4_fc_loss_focal_89249d0ccb,0.0001,none,224,layer4_fc,focal,resnet18,imagenet,70,32,38,122,24,10,14,43,0.8333333333333334,0.8857142857142857,0.8808870214752569,0.8,0.8571428571428571,0.8,0.8,0.8,0.6193336248397827,12,2,2,8,5,50342
5,4,lr_1em04_sched_none_img_224_ft_layer4_fc_loss_focal_89249d0ccb,0.0001,none,224,layer4_fc,focal,resnet18,imagenet,71,30,41,128,23,12,11,37,0.782608695652174,0.8181818181818181,0.8764835858585859,0.5833333333333334,1.0,1.0,0.5833333333333334,0.7368421052631579,0.7010320425033569,11,0,5,7,11,50442
5,1,lr_1em04_sched_none_img_224_ft_layer3_layer4_fc_loss_weighted_cross_entropy_024220f936,0.0001,none,224,layer3_layer4_fc,weighted_cross_entropy,resnet18,imagenet,71,34,37,121,23,8,15,44,0.8260869565217391,0.8416666666666667,0.7942401960784314,0.625,0.9333333333333332,0.8333333333333334,0.625,0.7142857142857143,0.1049525588750839,14,1,3,5,8,50142
5,2,lr_1em04_sched_none_img_224_ft_layer3_layer4_fc_loss_weighted_cross_entropy_024220f936,0.0001,none,224,layer3_layer4_fc,weighted_cross_entropy,resnet18,imagenet,70,30,40,124,24,12,12,41,0.875,0.8680555555555556,0.8828854016354015,0.8333333333333334,0.9166666666666666,0.9090909090909092,0.8333333333333334,0.8695652173913043,0.5230666995048523,11,1,2,10,14,50242
5,3,lr_1em04_sched_none_img_224_ft_layer3_layer4_fc_loss_weighted_cross_entropy_024220f936,0.0001,none,224,layer3_layer4_fc,weighted_cross_entropy,resnet18,imagenet,70,32,38,122,24,10,14,43,0.6666666666666666,0.7142857142857143,0.6718818681318681,0.9,0.5,0.5625,0.9,0.6923076923076923,0.87151700258255,7,7,1,9,1,50342
5,4,lr_1em04_sched_none_img_224_ft_layer3_layer4_fc_loss_weighted_cross_entropy_024220f936,0.0001,none,224,layer3_layer4_fc,weighted_cross_entropy,resnet18,imagenet,71,30,41,128,23,12,11,37,0.8260869565217391,0.8257575757575757,0.8797601642996381,0.75,0.9090909090909092,0.9,0.75,0.8181818181818182,0.5482372641563416,10,1,3,9,11,50442
5,1,lr_1em04_sched_none_img_224_ft_layer3_layer4_fc_loss_focal_7009f53a4e,0.0001,none,224,layer3_layer4_fc,focal,resnet18,imagenet,71,34,37,121,23,8,15,44,0.9130434782608696,0.85,0.864162784679089,0.875,0.9333333333333332,0.875,0.875,0.875,0.0979306027293205,14,1,1,7,22,50142
5,2,lr_1em04_sched_none_img_224_ft_layer3_layer4_fc_loss_focal_7009f53a4e,0.0001,none,224,layer3_layer4_fc,focal,resnet18,imagenet,70,30,40,124,24,12,12,41,0.7916666666666666,0.8333333333333334,0.75938425000925,0.75,0.8333333333333334,0.8181818181818182,0.75,0.782608695652174,0.2505710124969482,10,2,3,9,11,50242
5,3,lr_1em04_sched_none_img_224_ft_layer3_layer4_fc_loss_focal_7009f53a4e,0.0001,none,224,layer3_layer4_fc,focal,resnet18,imagenet,70,32,38,122,24,10,14,43,0.9166666666666666,0.95,0.9464285714285714,0.8,1.0,1.0,0.8,0.8888888888888888,0.3616898655891418,14,0,2,8,13,50342
5,4,lr_1em04_sched_none_img_224_ft_layer3_layer4_fc_loss_focal_7009f53a4e,0.0001,none,224,layer3_layer4_fc,focal,resnet18,imagenet,71,30,41,128,23,12,11,37,0.8260869565217391,0.7878787878787878,0.8725378787878789,0.6666666666666666,1.0,1.0,0.6666666666666666,0.8,0.6350454688072205,11,0,4,8,9,50442
5,1,lr_1em04_sched_none_img_224_ft_full_loss_weighted_cross_entropy_1a9f8948b1,0.0001,none,224,full,weighted_cross_entropy,resnet18,imagenet,71,34,37,121,23,8,15,44,0.9130434782608696,0.8666666666666667,0.7783234126984128,0.875,0.9333333333333332,0.875,0.875,0.875,0.3533072471618652,14,1,1,7,9,50142
5,2,lr_1em04_sched_none_img_224_ft_full_loss_weighted_cross_entropy_1a9f8948b1,0.0001,none,224,full,weighted_cross_entropy,resnet18,imagenet,70,30,40,124,24,12,12,41,0.8333333333333334,0.8402777777777778,0.86623075998076,0.8333333333333334,0.8333333333333334,0.8333333333333334,0.8333333333333334,0.8333333333333334,0.4980325400829315,10,2,2,10,3,50242
5,3,lr_1em04_sched_none_img_224_ft_full_loss_weighted_cross_entropy_1a9f8948b1,0.0001,none,224,full,weighted_cross_entropy,resnet18,imagenet,70,32,38,122,24,10,14,43,0.9166666666666666,0.9571428571428572,0.9566666666666668,0.9,0.9285714285714286,0.9,0.9,0.9,0.6952067613601685,13,1,1,9,13,50342
5,4,lr_1em04_sched_none_img_224_ft_full_loss_weighted_cross_entropy_1a9f8948b1,0.0001,none,224,full,weighted_cross_entropy,resnet18,imagenet,71,30,41,128,23,12,11,37,0.7391304347826086,0.6969696969696969,0.751534338482868,0.6666666666666666,0.8181818181818182,0.8,0.6666666666666666,0.7272727272727273,0.446623682975769,9,2,4,8,1,50442
5,1,lr_1em04_sched_none_img_224_ft_full_loss_focal_9957d5753e,0.0001,none,224,full,focal,resnet18,imagenet,71,34,37,121,23,8,15,44,0.8260869565217391,0.8833333333333334,0.7912087912087912,0.875,0.8,0.7,0.875,0.7777777777777778,0.3160973787307739,12,3,1,7,16,50142
5,2,lr_1em04_sched_none_img_224_ft_full_loss_focal_9957d5753e,0.0001,none,224,full,focal,resnet18,imagenet,70,30,40,124,24,12,12,41,0.7916666666666666,0.7638888888888888,0.7964873361932185,0.8333333333333334,0.75,0.7692307692307693,0.8333333333333334,0.8,0.5955377817153931,9,3,2,10,2,50242
5,3,lr_1em04_sched_none_img_224_ft_full_loss_focal_9957d5753e,0.0001,none,224,full,focal,resnet18,imagenet,70,32,38,122,24,10,14,43,0.9166666666666666,0.95,0.9525,0.9,0.9285714285714286,0.9,0.9,0.9,0.8395982980728149,13,1,1,9,4,50342
5,4,lr_1em04_sched_none_img_224_ft_full_loss_focal_9957d5753e,0.0001,none,224,full,focal,resnet18,imagenet,71,30,41,128,23,12,11,37,0.8695652173913043,0.8636363636363636,0.9221380471380471,0.75,1.0,1.0,0.75,0.8571428571428571,0.7299830913543701,11,0,3,9,12,50442
5,1,lr_1em04_sched_none_img_320_ft_fc_only_loss_weighted_cross_entropy_120ca1f841,0.0001,none,320,fc_only,weighted_cross_entropy,resnet18,imagenet,71,34,37,121,23,8,15,44,0.782608695652174,0.6916666666666667,0.6746753246753247,0.375,1.0,1.0,0.375,0.5454545454545454,0.3912851512432098,15,0,5,3,8,50142
5,2,lr_1em04_sched_none_img_320_ft_fc_only_loss_weighted_cross_entropy_120ca1f841,0.0001,none,320,fc_only,weighted_cross_entropy,resnet18,imagenet,70,30,40,124,24,12,12,41,0.625,0.375,0.5201611090198046,0.3333333333333333,0.9166666666666666,0.8,0.3333333333333333,0.4705882352941176,0.2401944398880005,11,1,8,4,21,50242
5,3,lr_1em04_sched_none_img_320_ft_fc_only_loss_weighted_cross_entropy_120ca1f841,0.0001,none,320,fc_only,weighted_cross_entropy,resnet18,imagenet,70,32,38,122,24,10,14,43,0.6666666666666666,0.45,0.5228975165140867,0.2,1.0,1.0,0.2,0.3333333333333333,0.7789073586463928,14,0,8,2,1,50342
5,4,lr_1em04_sched_none_img_320_ft_fc_only_loss_weighted_cross_entropy_120ca1f841,0.0001,none,320,fc_only,weighted_cross_entropy,resnet18,imagenet,71,30,41,128,23,12,11,37,0.6521739130434783,0.6212121212121212,0.7082445332445333,0.5,0.8181818181818182,0.75,0.5,0.6,0.6072648763656616,9,2,6,6,1,50442
5,1,lr_1em04_sched_none_img_320_ft_fc_only_loss_focal_2cd089706b,0.0001,none,320,fc_only,focal,resnet18,imagenet,71,34,37,121,23,8,15,44,0.7391304347826086,0.6916666666666668,0.5920893719806763,0.75,0.7333333333333333,0.6,0.75,0.6666666666666666,0.4427188336849212,11,4,2,6,10,50142
5,2,lr_1em04_sched_none_img_320_ft_fc_only_loss_focal_2cd089706b,0.0001,none,320,fc_only,focal,resnet18,imagenet,70,30,40,124,24,12,12,41,0.5833333333333334,0.3680555555555555,0.5394964162421088,0.25,0.9166666666666666,0.75,0.25,0.375,0.3371923863887787,11,1,9,3,17,50242
5,3,lr_1em04_sched_none_img_320_ft_fc_only_loss_focal_2cd089706b,0.0001,none,320,fc_only,focal,resnet18,imagenet,70,32,38,122,24,10,14,43,0.6666666666666666,0.45,0.5228975165140867,0.2,1.0,1.0,0.2,0.3333333333333333,0.7962700724601746,14,0,8,2,1,50342
5,4,lr_1em04_sched_none_img_320_ft_fc_only_loss_focal_2cd089706b,0.0001,none,320,fc_only,focal,resnet18,imagenet,71,30,41,128,23,12,11,37,0.6521739130434783,0.6212121212121212,0.6903873903873904,0.4166666666666667,0.9090909090909092,0.8333333333333334,0.4166666666666667,0.5555555555555556,0.6448680758476257,10,1,7,5,1,50442
5,1,lr_1em04_sched_none_img_320_ft_layer4_fc_loss_weighted_cross_entropy_846efdc675,0.0001,none,320,layer4_fc,weighted_cross_entropy,resnet18,imagenet,71,34,37,121,23,8,15,44,0.9130434782608696,0.9333333333333332,0.9129464285714286,0.875,0.9333333333333332,0.875,0.875,0.875,0.1365048736333847,14,1,1,7,20,50142
5,2,lr_1em04_sched_none_img_320_ft_layer4_fc_loss_weighted_cross_entropy_846efdc675,0.0001,none,320,layer4_fc,weighted_cross_entropy,resnet18,imagenet,70,30,40,124,24,12,12,41,0.8333333333333334,0.8402777777777778,0.8869360902255639,0.6666666666666666,1.0,1.0,0.6666666666666666,0.8,0.5950064063072205,12,0,4,8,10,50242
5,3,lr_1em04_sched_none_img_320_ft_layer4_fc_loss_weighted_cross_entropy_846efdc675,0.0001,none,320,layer4_fc,weighted_cross_entropy,resnet18,imagenet,70,32,38,122,24,10,14,43,0.8333333333333334,0.9357142857142856,0.9264285714285716,1.0,0.7142857142857143,0.7142857142857143,1.0,0.8333333333333334,0.2977277338504791,10,4,0,10,8,50342
5,4,lr_1em04_sched_none_img_320_ft_layer4_fc_loss_weighted_cross_entropy_846efdc675,0.0001,none,320,layer4_fc,weighted_cross_entropy,resnet18,imagenet,71,30,41,128,23,12,11,37,0.8260869565217391,0.8257575757575757,0.883490924280398,0.8333333333333334,0.8181818181818182,0.8333333333333334,0.8333333333333334,0.8333333333333334,0.6380137801170349,9,2,2,10,5,50442
5,1,lr_1em04_sched_none_img_320_ft_layer4_fc_loss_focal_12752ae693,0.0001,none,320,layer4_fc,focal,resnet18,imagenet,71,34,37,121,23,8,15,44,0.8260869565217391,0.825,0.7826388888888889,0.625,0.9333333333333332,0.8333333333333334,0.625,0.7142857142857143,0.1928500831127166,14,1,3,5,10,50142
5,2,lr_1em04_sched_none_img_320_ft_layer4_fc_loss_focal_12752ae693,0.0001,none,320,layer4_fc,focal,resnet18,imagenet,70,30,40,124,24,12,12,41,0.7916666666666666,0.8472222222222222,0.8777447089947089,0.6666666666666666,0.9166666666666666,0.8888888888888888,0.6666666666666666,0.7619047619047619,0.5232129096984863,11,1,4,8,11,50242
5,3,lr_1em04_sched_none_img_320_ft_layer4_fc_loss_focal_12752ae693,0.0001,none,320,layer4_fc,focal,resnet18,imagenet,70,32,38,122,24,10,14,43,0.8333333333333334,0.8642857142857143,0.8728588516746412,0.7,0.9285714285714286,0.875,0.7,0.7777777777777778,0.3774408400058746,13,1,3,7,25,50342
5,4,lr_1em04_sched_none_img_320_ft_layer4_fc_loss_focal_12752ae693,0.0001,none,320,layer4_fc,focal,resnet18,imagenet,71,30,41,128,23,12,11,37,0.8695652173913043,0.8333333333333333,0.9128866302779348,0.75,1.0,1.0,0.75,0.8571428571428571,0.4169545471668243,11,0,3,9,9,50442
5,1,lr_1em04_sched_none_img_320_ft_layer3_layer4_fc_loss_weighted_cross_entropy_84e3553d1d,0.0001,none,320,layer3_layer4_fc,weighted_cross_entropy,resnet18,imagenet,71,34,37,121,23,8,15,44,0.8260869565217391,0.8333333333333334,0.8085839598997494,0.75,0.8666666666666667,0.75,0.75,0.75,0.4348869621753692,13,2,2,6,12,50142
5,2,lr_1em04_sched_none_img_320_ft_layer3_layer4_fc_loss_weighted_cross_entropy_84e3553d1d,0.0001,none,320,layer3_layer4_fc,weighted_cross_entropy,resnet18,imagenet,70,30,40,124,24,12,12,41,0.875,0.8958333333333334,0.9259975920192638,0.75,1.0,1.0,0.75,0.8571428571428571,0.7773540616035461,12,0,3,9,8,50242
5,3,lr_1em04_sched_none_img_320_ft_layer3_layer4_fc_loss_weighted_cross_entropy_84e3553d1d,0.0001,none,320,layer3_layer4_fc,weighted_cross_entropy,resnet18,imagenet,70,32,38,122,24,10,14,43,0.8333333333333334,0.907142857142857,0.8876082251082251,0.9,0.7857142857142857,0.75,0.9,0.8181818181818182,0.3432612121105194,11,3,1,9,10,50342
5,4,lr_1em04_sched_none_img_320_ft_layer3_layer4_fc_loss_weighted_cross_entropy_84e3553d1d,0.0001,none,320,layer3_layer4_fc,weighted_cross_entropy,resnet18,imagenet,71,30,41,128,23,12,11,37,0.8695652173913043,0.8409090909090908,0.9016173641173644,0.8333333333333334,0.9090909090909092,0.9090909090909092,0.8333333333333334,0.8695652173913043,0.308611661195755,10,1,2,10,2,50442
5,1,lr_1em04_sched_none_img_320_ft_layer3_layer4_fc_loss_focal_789636f16b,0.0001,none,320,layer3_layer4_fc,focal,resnet18,imagenet,71,34,37,121,23,8,15,44,0.9130434782608696,0.8500000000000001,0.8120535714285715,0.875,0.9333333333333332,0.875,0.875,0.875,0.5141316652297974,14,1,1,7,18,50142
5,2,lr_1em04_sched_none_img_320_ft_layer3_layer4_fc_loss_focal_789636f16b,0.0001,none,320,layer3_layer4_fc,focal,resnet18,imagenet,70,30,40,124,24,12,12,41,0.7916666666666666,0.8194444444444444,0.7898152229034582,0.8333333333333334,0.75,0.7692307692307693,0.8333333333333334,0.8,0.3506088554859161,9,3,2,10,13,50242
5,3,lr_1em04_sched_none_img_320_ft_layer3_layer4_fc_loss_focal_789636f16b,0.0001,none,320,layer3_layer4_fc,focal,resnet18,imagenet,70,32,38,122,24,10,14,43,0.875,0.9428571428571428,0.9353174603174604,0.8,0.9285714285714286,0.8888888888888888,0.8,0.8421052631578947,0.4906162321567535,13,1,2,8,17,50342
5,4,lr_1em04_sched_none_img_320_ft_layer3_layer4_fc_loss_focal_789636f16b,0.0001,none,320,layer3_layer4_fc,focal,resnet18,imagenet,71,30,41,128,23,12,11,37,0.782608695652174,0.8106060606060607,0.8570631030189854,0.6666666666666666,0.9090909090909092,0.8888888888888888,0.6666666666666666,0.7619047619047619,0.521479606628418,10,1,4,8,1,50442
5,1,lr_1em04_sched_none_img_320_ft_full_loss_weighted_cross_entropy_931a87fcf8,0.0001,none,320,full,weighted_cross_entropy,resnet18,imagenet,71,34,37,121,23,8,15,44,0.9130434782608696,0.9166666666666669,0.9040178571428572,0.875,0.9333333333333332,0.875,0.875,0.875,0.147378072142601,14,1,1,7,18,50142
5,2,lr_1em04_sched_none_img_320_ft_full_loss_weighted_cross_entropy_931a87fcf8,0.0001,none,320,full,weighted_cross_entropy,resnet18,imagenet,70,30,40,124,24,12,12,41,0.8333333333333334,0.9027777777777778,0.9239583333333334,0.8333333333333334,0.8333333333333334,0.8333333333333334,0.8333333333333334,0.8333333333333334,0.1461910605430603,10,2,2,10,15,50242
5,3,lr_1em04_sched_none_img_320_ft_full_loss_weighted_cross_entropy_931a87fcf8,0.0001,none,320,full,weighted_cross_entropy,resnet18,imagenet,70,32,38,122,24,10,14,43,0.9166666666666666,0.9571428571428572,0.9503174603174604,0.9,0.9285714285714286,0.9,0.9,0.9,0.3644168078899383,13,1,1,9,7,50342
5,4,lr_1em04_sched_none_img_320_ft_full_loss_weighted_cross_entropy_931a87fcf8,0.0001,none,320,full,weighted_cross_entropy,resnet18,imagenet,71,30,41,128,23,12,11,37,0.9130434782608696,0.8636363636363636,0.9270334928229664,0.8333333333333334,1.0,1.0,0.8333333333333334,0.9090909090909092,0.2585714161396026,11,0,2,10,11,50442
5,1,lr_1em04_sched_none_img_320_ft_full_loss_focal_4f30fb3b6b,0.0001,none,320,full,focal,resnet18,imagenet,71,34,37,121,23,8,15,44,0.782608695652174,0.8416666666666667,0.7813311688311688,0.875,0.7333333333333333,0.6363636363636364,0.875,0.7368421052631579,0.1964825242757797,11,4,1,7,10,50142
5,2,lr_1em04_sched_none_img_320_ft_full_loss_focal_4f30fb3b6b,0.0001,none,320,full,focal,resnet18,imagenet,70,30,40,124,24,12,12,41,0.7916666666666666,0.8472222222222222,0.8704187016687016,0.8333333333333334,0.75,0.7692307692307693,0.8333333333333334,0.8,0.5560686588287354,9,3,2,10,15,50242
5,3,lr_1em04_sched_none_img_320_ft_full_loss_focal_4f30fb3b6b,0.0001,none,320,full,focal,resnet18,imagenet,70,32,38,122,24,10,14,43,0.875,0.9214285714285714,0.9206196581196582,0.8,0.9285714285714286,0.8888888888888888,0.8,0.8421052631578947,0.6356785893440247,13,1,2,8,3,50342
5,4,lr_1em04_sched_none_img_320_ft_full_loss_focal_4f30fb3b6b,0.0001,none,320,full,focal,resnet18,imagenet,71,30,41,128,23,12,11,37,0.782608695652174,0.7954545454545454,0.8226805114963011,0.75,0.8181818181818182,0.8181818181818182,0.75,0.782608695652174,0.2764697968959808,9,2,3,9,1,50442
5,1,lr_1em03_sched_step_img_224_ft_fc_only_loss_weighted_cross_entropy_0b40563ccb,0.001,step,224,fc_only,weighted_cross_entropy,resnet18,imagenet,71,34,37,121,23,8,15,44,0.782608695652174,0.8166666666666667,0.7548926767676767,0.875,0.7333333333333333,0.6363636363636364,0.875,0.7368421052631579,0.01138730160892,11,4,1,7,8,50142
5,2,lr_1em03_sched_step_img_224_ft_fc_only_loss_weighted_cross_entropy_0b40563ccb,0.001,step,224,fc_only,weighted_cross_entropy,resnet18,imagenet,70,30,40,124,24,12,12,41,0.7916666666666666,0.7638888888888888,0.8226289784919816,0.6666666666666666,0.9166666666666666,0.8888888888888888,0.6666666666666666,0.7619047619047619,0.4517728686332702,11,1,4,8,21,50242
5,3,lr_1em03_sched_step_img_224_ft_fc_only_loss_weighted_cross_entropy_0b40563ccb,0.001,step,224,fc_only,weighted_cross_entropy,resnet18,imagenet,70,32,38,122,24,10,14,43,0.7083333333333334,0.6357142857142857,0.5441702741702741,0.7,0.7142857142857143,0.6363636363636364,0.7,0.6666666666666666,0.3527497947216034,10,4,3,7,8,50342
5,4,lr_1em03_sched_step_img_224_ft_fc_only_loss_weighted_cross_entropy_0b40563ccb,0.001,step,224,fc_only,weighted_cross_entropy,resnet18,imagenet,71,30,41,128,23,12,11,37,0.7391304347826086,0.7045454545454546,0.695544733044733,0.75,0.7272727272727273,0.75,0.75,0.75,0.2734962999820709,8,3,3,9,23,50442
5,1,lr_1em03_sched_step_img_224_ft_fc_only_loss_focal_e3cf0822c5,0.001,step,224,fc_only,focal,resnet18,imagenet,71,34,37,121,23,8,15,44,0.8260869565217391,0.8166666666666667,0.7902243589743589,0.75,0.8666666666666667,0.75,0.75,0.75,0.0951536819338798,13,2,2,6,14,50142
5,2,lr_1em03_sched_step_img_224_ft_fc_only_loss_focal_e3cf0822c5,0.001,step,224,fc_only,focal,resnet18,imagenet,70,30,40,124,24,12,12,41,0.8333333333333334,0.8125000000000001,0.7580732040290864,0.8333333333333334,0.8333333333333334,0.8333333333333334,0.8333333333333334,0.8333333333333334,0.4281788468360901,10,2,2,10,19,50242
5,3,lr_1em03_sched_step_img_224_ft_fc_only_loss_focal_e3cf0822c5,0.001,step,224,fc_only,focal,resnet18,imagenet,70,32,38,122,24,10,14,43,0.75,0.6642857142857143,0.5295292207792208,0.8,0.7142857142857143,0.6666666666666666,0.8,0.7272727272727273,0.0767692625522613,10,4,2,8,8,50342
5,4,lr_1em03_sched_step_img_224_ft_fc_only_loss_focal_e3cf0822c5,0.001,step,224,fc_only,focal,resnet18,imagenet,71,30,41,128,23,12,11,37,0.782608695652174,0.7727272727272727,0.8473196881091619,0.6666666666666666,0.9090909090909092,0.8888888888888888,0.6666666666666666,0.7619047619047619,0.3656647503376007,10,1,4,8,29,50442
5,1,lr_1em03_sched_step_img_224_ft_layer4_fc_loss_weighted_cross_entropy_cb2ba33d1b,0.001,step,224,layer4_fc,weighted_cross_entropy,resnet18,imagenet,71,34,37,121,23,8,15,44,0.8695652173913043,0.8083333333333333,0.8066928475935828,0.625,1.0,1.0,0.625,0.7692307692307693,0.3829665184020996,15,0,3,5,9,50142
5,2,lr_1em03_sched_step_img_224_ft_layer4_fc_loss_weighted_cross_entropy_cb2ba33d1b,0.001,step,224,layer4_fc,weighted_cross_entropy,resnet18,imagenet,70,30,40,124,24,12,12,41,0.8333333333333334,0.9166666666666669,0.9269272394272394,1.0,0.6666666666666666,0.75,1.0,0.8571428571428571,0.1492308974266052,8,4,0,12,10,50242
5,3,lr_1em03_sched_step_img_224_ft_layer4_fc_loss_weighted_cross_entropy_cb2ba33d1b,0.001,step,224,layer4_fc,weighted_cross_entropy,resnet18,imagenet,70,32,38,122,24,10,14,43,0.875,0.9285714285714284,0.9216666666666667,0.7,1.0,1.0,0.7,0.8235294117647058,0.5253485441207886,14,0,3,7,11,50342
5,4,lr_1em03_sched_step_img_224_ft_layer4_fc_loss_weighted_cross_entropy_cb2ba33d1b,0.001,step,224,layer4_fc,weighted_cross_entropy,resnet18,imagenet,71,30,41,128,23,12,11,37,0.8260869565217391,0.8484848484848485,0.8881403318903319,0.8333333333333334,0.8181818181818182,0.8333333333333334,0.8333333333333334,0.8333333333333334,0.7112587094306946,9,2,2,10,1,50442
5,1,lr_1em03_sched_step_img_224_ft_layer4_fc_loss_focal_59cd78cb54,0.001,step,224,layer4_fc,focal,resnet18,imagenet,71,34,37,121,23,8,15,44,0.8260869565217391,0.8583333333333334,0.8296568627450981,0.75,0.8666666666666667,0.75,0.75,0.75,0.7561428546905518,13,2,2,6,5,50142
5,2,lr_1em03_sched_step_img_224_ft_layer4_fc_loss_focal_59cd78cb54,0.001,step,224,layer4_fc,focal,resnet18,imagenet,70,30,40,124,24,12,12,41,0.8333333333333334,0.888888888888889,0.912962962962963,0.8333333333333334,0.8333333333333334,0.8333333333333334,0.8333333333333334,0.8333333333333334,0.8952652812004089,10,2,2,10,1,50242
5,3,lr_1em03_sched_step_img_224_ft_layer4_fc_loss_focal_59cd78cb54,0.001,step,224,layer4_fc,focal,resnet18,imagenet,70,32,38,122,24,10,14,43,0.9166666666666666,0.9428571428571428,0.9330555555555556,0.9,0.9285714285714286,0.9,0.9,0.9,0.4427409768104553,13,1,1,9,6,50342
5,4,lr_1em03_sched_step_img_224_ft_layer4_fc_loss_focal_59cd78cb54,0.001,step,224,layer4_fc,focal,resnet18,imagenet,71,30,41,128,23,12,11,37,0.9130434782608696,0.8409090909090909,0.9204623878536924,0.8333333333333334,1.0,1.0,0.8333333333333334,0.9090909090909092,0.5814087390899658,11,0,2,10,18,50442
5,1,lr_1em03_sched_step_img_224_ft_layer3_layer4_fc_loss_weighted_cross_entropy_219ed9e3e6,0.001,step,224,layer3_layer4_fc,weighted_cross_entropy,resnet18,imagenet,71,34,37,121,23,8,15,44,0.782608695652174,0.7416666666666667,0.7325109649122807,0.75,0.8,0.6666666666666666,0.75,0.7058823529411765,0.0296387746930122,12,3,2,6,2,50142
5,2,lr_1em03_sched_step_img_224_ft_layer3_layer4_fc_loss_weighted_cross_entropy_219ed9e3e6,0.001,step,224,layer3_layer4_fc,weighted_cross_entropy,resnet18,imagenet,70,30,40,124,24,12,12,41,0.9166666666666666,0.9652777777777778,0.9652417027417028,1.0,0.8333333333333334,0.8571428571428571,1.0,0.9230769230769232,0.2842113375663757,10,2,0,12,14,50242
5,3,lr_1em03_sched_step_img_224_ft_layer3_layer4_fc_loss_weighted_cross_entropy_219ed9e3e6,0.001,step,224,layer3_layer4_fc,weighted_cross_entropy,resnet18,imagenet,70,32,38,122,24,10,14,43,0.8333333333333334,0.9142857142857144,0.9018939393939394,0.9,0.7857142857142857,0.75,0.9,0.8181818181818182,0.1242129430174827,11,3,1,9,4,50342
5,4,lr_1em03_sched_step_img_224_ft_layer3_layer4_fc_loss_weighted_cross_entropy_219ed9e3e6,0.001,step,224,layer3_layer4_fc,weighted_cross_entropy,resnet18,imagenet,71,30,41,128,23,12,11,37,0.8260869565217391,0.8409090909090909,0.895912910618793,0.6666666666666666,1.0,1.0,0.6666666666666666,0.8,0.7840807437896729,11,0,4,8,10,50442
5,1,lr_1em03_sched_step_img_224_ft_layer3_layer4_fc_loss_focal_a50d7f940a,0.001,step,224,layer3_layer4_fc,focal,resnet18,imagenet,71,34,37,121,23,8,15,44,0.3478260869565217,0.5,0.3478260869565217,1.0,0.0,0.3478260869565217,1.0,0.5161290322580645,0.0,0,15,0,8,1,50142
5,2,lr_1em03_sched_step_img_224_ft_layer3_layer4_fc_loss_focal_a50d7f940a,0.001,step,224,layer3_layer4_fc,focal,resnet18,imagenet,70,30,40,124,24,12,12,41,0.875,0.9305555555555556,0.9420787545787546,0.75,1.0,1.0,0.75,0.8571428571428571,0.9999247789382936,12,0,3,9,6,50242
5,3,lr_1em03_sched_step_img_224_ft_layer3_layer4_fc_loss_focal_a50d7f940a,0.001,step,224,layer3_layer4_fc,focal,resnet18,imagenet,70,32,38,122,24,10,14,43,0.9166666666666666,0.8785714285714287,0.9097402597402596,0.8,1.0,1.0,0.8,0.8888888888888888,0.6292554140090942,14,0,2,8,5,50342
5,4,lr_1em03_sched_step_img_224_ft_layer3_layer4_fc_loss_focal_a50d7f940a,0.001,step,224,layer3_layer4_fc,focal,resnet18,imagenet,71,30,41,128,23,12,11,37,0.782608695652174,0.7878787878787878,0.8455612613507352,0.75,0.8181818181818182,0.8181818181818182,0.75,0.782608695652174,0.4050545990467071,9,2,3,9,5,50442
5,1,lr_1em03_sched_step_img_224_ft_full_loss_weighted_cross_entropy_ecea878002,0.001,step,224,full,weighted_cross_entropy,resnet18,imagenet,71,34,37,121,23,8,15,44,0.9130434782608696,0.8583333333333333,0.8849961180124224,0.875,0.9333333333333332,0.875,0.875,0.875,0.7677288055419922,14,1,1,7,3,50142
5,2,lr_1em03_sched_step_img_224_ft_full_loss_weighted_cross_entropy_ecea878002,0.001,step,224,full,weighted_cross_entropy,resnet18,imagenet,70,30,40,124,24,12,12,41,0.7916666666666666,0.8055555555555555,0.8149398055648056,0.75,0.8333333333333334,0.8181818181818182,0.75,0.782608695652174,0.1657092124223709,10,2,3,9,8,50242
5,3,lr_1em03_sched_step_img_224_ft_full_loss_weighted_cross_entropy_ecea878002,0.001,step,224,full,weighted_cross_entropy,resnet18,imagenet,70,32,38,122,24,10,14,43,0.7083333333333334,0.7785714285714286,0.7482700632700632,0.9,0.5714285714285714,0.6,0.9,0.72,0.999572217464447,8,6,1,9,1,50342
5,4,lr_1em03_sched_step_img_224_ft_full_loss_weighted_cross_entropy_ecea878002,0.001,step,224,full,weighted_cross_entropy,resnet18,imagenet,71,30,41,128,23,12,11,37,0.8260869565217391,0.8636363636363636,0.9078504341662238,0.6666666666666666,1.0,1.0,0.6666666666666666,0.8,0.4518909752368927,11,0,4,8,8,50442
5,1,lr_1em03_sched_step_img_224_ft_full_loss_focal_846bacb5ff,0.001,step,224,full,focal,resnet18,imagenet,71,34,37,121,23,8,15,44,0.8695652173913043,0.775,0.7888144841269842,0.625,1.0,1.0,0.625,0.7692307692307693,0.0738379284739494,15,0,3,5,2,50142
5,2,lr_1em03_sched_step_img_224_ft_full_loss_focal_846bacb5ff,0.001,step,224,full,focal,resnet18,imagenet,70,30,40,124,24,12,12,41,0.7083333333333334,0.7013888888888888,0.7161643581686656,0.5833333333333334,0.8333333333333334,0.7777777777777778,0.5833333333333334,0.6666666666666666,0.4572148025035858,10,2,5,7,10,50242
5,3,lr_1em03_sched_step_img_224_ft_full_loss_focal_846bacb5ff,0.001,step,224,full,focal,resnet18,imagenet,70,32,38,122,24,10,14,43,0.9166666666666666,0.9214285714285714,0.9344497607655504,0.8,1.0,1.0,0.8,0.8888888888888888,0.5003211498260498,14,0,2,8,20,50342
5,4,lr_1em03_sched_step_img_224_ft_full_loss_focal_846bacb5ff,0.001,step,224,full,focal,resnet18,imagenet,71,30,41,128,23,12,11,37,0.8260869565217391,0.8181818181818181,0.8909223817118556,0.6666666666666666,1.0,1.0,0.6666666666666666,0.8,0.440896600484848,11,0,4,8,8,50442
5,1,lr_1em03_sched_step_img_320_ft_fc_only_loss_weighted_cross_entropy_02c83b04b9,0.001,step,320,fc_only,weighted_cross_entropy,resnet18,imagenet,71,34,37,121,23,8,15,44,0.7391304347826086,0.7083333333333334,0.6205886504799547,0.875,0.6666666666666666,0.5833333333333334,0.875,0.7,0.0354950316250324,10,5,1,7,7,50142
5,2,lr_1em03_sched_step_img_320_ft_fc_only_loss_weighted_cross_entropy_02c83b04b9,0.001,step,320,fc_only,weighted_cross_entropy,resnet18,imagenet,70,30,40,124,24,12,12,41,0.7083333333333334,0.6319444444444445,0.7429591607223186,0.5,0.9166666666666666,0.8571428571428571,0.5,0.631578947368421,0.2709742784500122,11,1,6,6,28,50242
5,3,lr_1em03_sched_step_img_320_ft_fc_only_loss_weighted_cross_entropy_02c83b04b9,0.001,step,320,fc_only,weighted_cross_entropy,resnet18,imagenet,70,32,38,122,24,10,14,43,0.7083333333333334,0.6785714285714286,0.5861530860443904,0.8,0.6428571428571429,0.6153846153846154,0.8,0.6956521739130435,0.2356255799531936,9,5,2,8,29,50342
5,4,lr_1em03_sched_step_img_320_ft_fc_only_loss_weighted_cross_entropy_02c83b04b9,0.001,step,320,fc_only,weighted_cross_entropy,resnet18,imagenet,71,30,41,128,23,12,11,37,0.782608695652174,0.7575757575757576,0.7740944240944241,0.9166666666666666,0.6363636363636364,0.7333333333333333,0.9166666666666666,0.8148148148148148,0.5791200399398804,7,4,1,11,4,50442
5,1,lr_1em03_sched_step_img_320_ft_fc_only_loss_focal_cf6332eec5,0.001,step,320,fc_only,focal,resnet18,imagenet,71,34,37,121,23,8,15,44,0.6956521739130435,0.6833333333333333,0.6164141414141414,0.75,0.6666666666666666,0.5454545454545454,0.75,0.631578947368421,0.0693610087037086,10,5,2,6,8,50142
5,2,lr_1em03_sched_step_img_320_ft_fc_only_loss_focal_cf6332eec5,0.001,step,320,fc_only,focal,resnet18,imagenet,70,30,40,124,24,12,12,41,0.7083333333333334,0.7083333333333333,0.7948757626389205,0.5833333333333334,0.8333333333333334,0.7777777777777778,0.5833333333333334,0.6666666666666666,0.5632745623588562,10,2,5,7,21,50242
5,3,lr_1em03_sched_step_img_320_ft_fc_only_loss_focal_cf6332eec5,0.001,step,320,fc_only,focal,resnet18,imagenet,70,32,38,122,24,10,14,43,0.7916666666666666,0.7928571428571428,0.6592224442224441,1.0,0.6428571428571429,0.6666666666666666,1.0,0.8,0.3440616130828857,9,5,0,10,23,50342
5,4,lr_1em03_sched_step_img_320_ft_fc_only_loss_focal_cf6332eec5,0.001,step,320,fc_only,focal,resnet18,imagenet,71,30,41,128,23,12,11,37,0.6521739130434783,0.5984848484848485,0.674476911976912,0.4166666666666667,0.9090909090909092,0.8333333333333334,0.4166666666666667,0.5555555555555556,0.711264431476593,10,1,7,5,1,50442
5,1,lr_1em03_sched_step_img_320_ft_layer4_fc_loss_weighted_cross_entropy_cd97784069,0.001,step,320,layer4_fc,weighted_cross_entropy,resnet18,imagenet,71,34,37,121,23,8,15,44,0.782608695652174,0.8166666666666667,0.7686353668261563,0.875,0.7333333333333333,0.6363636363636364,0.875,0.7368421052631579,0.3548832833766937,11,4,1,7,12,50142
5,2,lr_1em03_sched_step_img_320_ft_layer4_fc_loss_weighted_cross_entropy_cd97784069,0.001,step,320,layer4_fc,weighted_cross_entropy,resnet18,imagenet,70,30,40,124,24,12,12,41,0.875,0.9444444444444444,0.9537337662337662,0.75,1.0,1.0,0.75,0.8571428571428571,0.5404976010322571,12,0,3,9,8,50242
5,3,lr_1em03_sched_step_img_320_ft_layer4_fc_loss_weighted_cross_entropy_cd97784069,0.001,step,320,layer4_fc,weighted_cross_entropy,resnet18,imagenet,70,32,38,122,24,10,14,43,0.875,0.8928571428571428,0.905,0.7,1.0,1.0,0.7,0.8235294117647058,0.7979387640953064,14,0,3,7,6,50342
5,4,lr_1em03_sched_step_img_320_ft_layer4_fc_loss_weighted_cross_entropy_cd97784069,0.001,step,320,layer4_fc,weighted_cross_entropy,resnet18,imagenet,71,30,41,128,23,12,11,37,0.7391304347826086,0.7878787878787878,0.8502509337068161,0.5,1.0,1.0,0.5,0.6666666666666666,0.92275470495224,11,0,6,6,7,50442
5,1,lr_1em03_sched_step_img_320_ft_layer4_fc_loss_focal_365edc75f1,0.001,step,320,layer4_fc,focal,resnet18,imagenet,71,34,37,121,23,8,15,44,0.9130434782608696,0.925,0.908184523809524,0.875,0.9333333333333332,0.875,0.875,0.875,0.4562581777572632,14,1,1,7,7,50142
5,2,lr_1em03_sched_step_img_320_ft_layer4_fc_loss_focal_365edc75f1,0.001,step,320,layer4_fc,focal,resnet18,imagenet,70,30,40,124,24,12,12,41,0.875,0.9513888888888888,0.9546037296037296,0.8333333333333334,0.9166666666666666,0.9090909090909092,0.8333333333333334,0.8695652173913043,0.3140464425086975,11,1,2,10,9,50242
5,3,lr_1em03_sched_step_img_320_ft_layer4_fc_loss_focal_365edc75f1,0.001,step,320,layer4_fc,focal,resnet18,imagenet,70,32,38,122,24,10,14,43,0.875,0.8857142857142857,0.8124531024531025,0.9,0.8571428571428571,0.8181818181818182,0.9,0.8571428571428571,2.3634308945474918e-06,12,2,1,9,1,50342
5,4,lr_1em03_sched_step_img_320_ft_layer4_fc_loss_focal_365edc75f1,0.001,step,320,layer4_fc,focal,resnet18,imagenet,71,30,41,128,23,12,11,37,0.8260869565217391,0.8030303030303031,0.882162724554029,0.8333333333333334,0.8181818181818182,0.8333333333333334,0.8333333333333334,0.8333333333333334,0.5212834477424622,9,2,2,10,16,50442
5,1,lr_1em03_sched_step_img_320_ft_layer3_layer4_fc_loss_weighted_cross_entropy_2e77ebeaf3,0.001,step,320,layer3_layer4_fc,weighted_cross_entropy,resnet18,imagenet,71,34,37,121,23,8,15,44,0.8260869565217391,0.8666666666666667,0.8023809523809524,0.75,0.8666666666666667,0.75,0.75,0.75,0.214080736041069,13,2,2,6,4,50142
5,2,lr_1em03_sched_step_img_320_ft_layer3_layer4_fc_loss_weighted_cross_entropy_2e77ebeaf3,0.001,step,320,layer3_layer4_fc,weighted_cross_entropy,resnet18,imagenet,70,30,40,124,24,12,12,41,0.875,0.9097222222222222,0.9388528138528138,0.75,1.0,1.0,0.75,0.8571428571428571,0.576035737991333,12,0,3,9,21,50242
5,3,lr_1em03_sched_step_img_320_ft_layer3_layer4_fc_loss_weighted_cross_entropy_2e77ebeaf3,0.001,step,320,layer3_layer4_fc,weighted_cross_entropy,resnet18,imagenet,70,32,38,122,24,10,14,43,0.875,0.9214285714285714,0.915897435897436,0.7,1.0,1.0,0.7,0.8235294117647058,0.2839056253433227,14,0,3,7,6,50342
5,4,lr_1em03_sched_step_img_320_ft_layer3_layer4_fc_loss_weighted_cross_entropy_2e77ebeaf3,0.001,step,320,layer3_layer4_fc,weighted_cross_entropy,resnet18,imagenet,71,30,41,128,23,12,11,37,0.8260869565217391,0.8636363636363636,0.9093267356425252,0.6666666666666666,1.0,1.0,0.6666666666666666,0.8,0.9998741149902344,11,0,4,8,2,50442
5,1,lr_1em03_sched_step_img_320_ft_layer3_layer4_fc_loss_focal_13ec69550d,0.001,step,320,layer3_layer4_fc,focal,resnet18,imagenet,71,34,37,121,23,8,15,44,0.8260869565217391,0.8583333333333334,0.8229166666666667,0.625,0.9333333333333332,0.8333333333333334,0.625,0.7142857142857143,0.3639032244682312,14,1,3,5,6,50142
5,2,lr_1em03_sched_step_img_320_ft_layer3_layer4_fc_loss_focal_13ec69550d,0.001,step,320,layer3_layer4_fc,focal,resnet18,imagenet,70,30,40,124,24,12,12,41,0.8333333333333334,0.8680555555555555,0.8960297259929614,0.6666666666666666,1.0,1.0,0.6666666666666666,0.8,0.9879876375198364,12,0,4,8,3,50242
5,3,lr_1em03_sched_step_img_320_ft_layer3_layer4_fc_loss_focal_13ec69550d,0.001,step,320,layer3_layer4_fc,focal,resnet18,imagenet,70,32,38,122,24,10,14,43,0.9166666666666666,0.9285714285714284,0.9146031746031746,0.9,0.9285714285714286,0.9,0.9,0.9,0.9965793490409852,13,1,1,9,3,50342
5,4,lr_1em03_sched_step_img_320_ft_layer3_layer4_fc_loss_focal_13ec69550d,0.001,step,320,layer3_layer4_fc,focal,resnet18,imagenet,71,30,41,128,23,12,11,37,0.8260869565217391,0.8409090909090908,0.8997354497354498,0.6666666666666666,1.0,1.0,0.6666666666666666,0.8,0.333059012889862,11,0,4,8,7,50442
5,1,lr_1em03_sched_step_img_320_ft_full_loss_weighted_cross_entropy_3b47231c27,0.001,step,320,full,weighted_cross_entropy,resnet18,imagenet,71,34,37,121,23,8,15,44,0.9130434782608696,0.8500000000000001,0.8809782608695652,0.75,1.0,1.0,0.75,0.8571428571428571,0.3686509430408478,15,0,2,6,14,50142
5,2,lr_1em03_sched_step_img_320_ft_full_loss_weighted_cross_entropy_3b47231c27,0.001,step,320,full,weighted_cross_entropy,resnet18,imagenet,70,30,40,124,24,12,12,41,0.8333333333333334,0.8194444444444444,0.7263439719322072,0.8333333333333334,0.8333333333333334,0.8333333333333334,0.8333333333333334,0.8333333333333334,0.5182556509971619,10,2,2,10,24,50242
5,3,lr_1em03_sched_step_img_320_ft_full_loss_weighted_cross_entropy_3b47231c27,0.001,step,320,full,weighted_cross_entropy,resnet18,imagenet,70,32,38,122,24,10,14,43,0.8333333333333334,0.7785714285714286,0.6602487126400169,0.8,0.8571428571428571,0.8,0.8,0.8,0.5181713700294495,12,2,2,8,5,50342
5,4,lr_1em03_sched_step_img_320_ft_full_loss_weighted_cross_entropy_3b47231c27,0.001,step,320,full,weighted_cross_entropy,resnet18,imagenet,71,30,41,128,23,12,11,37,0.8260869565217391,0.8333333333333333,0.9001734175647219,0.6666666666666666,1.0,1.0,0.6666666666666666,0.8,0.6205124258995056,11,0,4,8,11,50442
5,1,lr_1em03_sched_step_img_320_ft_full_loss_focal_46ee41ff95,0.001,step,320,full,focal,resnet18,imagenet,71,34,37,121,23,8,15,44,0.9130434782608696,0.8958333333333334,0.8849961180124224,0.875,0.9333333333333332,0.875,0.875,0.875,3.2104295706391695e-15,14,1,1,7,4,50142
5,2,lr_1em03_sched_step_img_320_ft_full_loss_focal_46ee41ff95,0.001,step,320,full,focal,resnet18,imagenet,70,30,40,124,24,12,12,41,0.7916666666666666,0.7708333333333334,0.8234908609908609,0.75,0.8333333333333334,0.8181818181818182,0.75,0.782608695652174,0.4502187371253967,10,2,3,9,17,50242
5,3,lr_1em03_sched_step_img_320_ft_full_loss_focal_46ee41ff95,0.001,step,320,full,focal,resnet18,imagenet,70,32,38,122,24,10,14,43,0.875,0.8500000000000001,0.8621031746031746,0.8,0.9285714285714286,0.8888888888888888,0.8,0.8421052631578947,0.4272347092628479,13,1,2,8,11,50342
5,4,lr_1em03_sched_step_img_320_ft_full_loss_focal_46ee41ff95,0.001,step,320,full,focal,resnet18,imagenet,71,30,41,128,23,12,11,37,0.7391304347826086,0.8181818181818181,0.8483871452621452,0.75,0.7272727272727273,0.75,0.75,0.75,0.8297718167304993,8,3,3,9,3,50442
5,1,lr_1em03_sched_cosine_img_224_ft_fc_only_loss_weighted_cross_entropy_b823b64dc5,0.001,cosine,224,fc_only,weighted_cross_entropy,resnet18,imagenet,71,34,37,121,23,8,15,44,0.782608695652174,0.7666666666666668,0.6657061688311688,0.875,0.7333333333333333,0.6363636363636364,0.875,0.7368421052631579,0.0664495229721069,11,4,1,7,8,50142
5,2,lr_1em03_sched_cosine_img_224_ft_fc_only_loss_weighted_cross_entropy_b823b64dc5,0.001,cosine,224,fc_only,weighted_cross_entropy,resnet18,imagenet,70,30,40,124,24,12,12,41,0.7916666666666666,0.8333333333333334,0.8653064800123624,0.75,0.8333333333333334,0.8181818181818182,0.75,0.782608695652174,0.4390338957309723,10,2,3,9,13,50242
5,3,lr_1em03_sched_cosine_img_224_ft_fc_only_loss_weighted_cross_entropy_b823b64dc5,0.001,cosine,224,fc_only,weighted_cross_entropy,resnet18,imagenet,70,32,38,122,24,10,14,43,0.625,0.6142857142857143,0.5377566877566877,0.8,0.5,0.5333333333333333,0.8,0.64,0.378875732421875,7,7,2,8,1,50342
5,4,lr_1em03_sched_cosine_img_224_ft_fc_only_loss_weighted_cross_entropy_b823b64dc5,0.001,cosine,224,fc_only,weighted_cross_entropy,resnet18,imagenet,71,30,41,128,23,12,11,37,0.6521739130434783,0.5909090909090909,0.6224261781247076,0.9166666666666666,0.3636363636363636,0.6111111111111112,0.9166666666666666,0.7333333333333333,0.2083326876163482,4,7,1,11,23,50442
5,1,lr_1em03_sched_cosine_img_224_ft_fc_only_loss_focal_d13ac3e3bf,0.001,cosine,224,fc_only,focal,resnet18,imagenet,71,34,37,121,23,8,15,44,0.8260869565217391,0.8083333333333333,0.7660714285714285,0.875,0.8,0.7,0.875,0.7777777777777778,0.3317272663116455,12,3,1,7,8,50142
5,2,lr_1em03_sched_cosine_img_224_ft_fc_only_loss_focal_d13ac3e3bf,0.001,cosine,224,fc_only,focal,resnet18,imagenet,70,30,40,124,24,12,12,41,0.8333333333333334,0.798611111111111,0.7508372414622415,0.8333333333333334,0.8333333333333334,0.8333333333333334,0.8333333333333334,0.8333333333333334,0.3715094923973083,10,2,2,10,21,50242
5,3,lr_1em03_sched_cosine_img_224_ft_fc_only_loss_focal_d13ac3e3bf,0.001,cosine,224,fc_only,focal,resnet18,imagenet,70,32,38,122,24,10,14,43,0.6666666666666666,0.6,0.4920112781954887,0.7,0.6428571428571429,0.5833333333333334,0.7,0.6363636363636364,0.3030062913894653,9,5,3,7,10,50342
5,4,lr_1em03_sched_cosine_img_224_ft_fc_only_loss_focal_d13ac3e3bf,0.001,cosine,224,fc_only,focal,resnet18,imagenet,71,30,41,128,23,12,11,37,0.7391304347826086,0.712121212121212,0.6888144535203359,0.8333333333333334,0.6363636363636364,0.7142857142857143,0.8333333333333334,0.7692307692307693,0.3713827133178711,7,4,2,10,30,50442
5,1,lr_1em03_sched_cosine_img_224_ft_layer4_fc_loss_weighted_cross_entropy_ef51ec0390,0.001,cosine,224,layer4_fc,weighted_cross_entropy,resnet18,imagenet,71,34,37,121,23,8,15,44,0.8260869565217391,0.8416666666666668,0.8205357142857144,0.875,0.8,0.7,0.875,0.7777777777777778,0.2635558545589447,12,3,1,7,8,50142
5,2,lr_1em03_sched_cosine_img_224_ft_layer4_fc_loss_weighted_cross_entropy_ef51ec0390,0.001,cosine,224,layer4_fc,weighted_cross_entropy,resnet18,imagenet,70,30,40,124,24,12,12,41,0.8333333333333334,0.8541666666666666,0.8882295743708788,0.9166666666666666,0.75,0.7857142857142857,0.9166666666666666,0.8461538461538461,5.381434675655328e-06,9,3,1,11,3,50242
5,3,lr_1em03_sched_cosine_img_224_ft_layer4_fc_loss_weighted_cross_entropy_ef51ec0390,0.001,cosine,224,layer4_fc,weighted_cross_entropy,resnet18,imagenet,70,32,38,122,24,10,14,43,0.9583333333333334,0.9857142857142858,0.9833333333333332,0.9,1.0,1.0,0.9,0.9473684210526316,0.9978145360946656,14,0,1,9,2,50342
5,4,lr_1em03_sched_cosine_img_224_ft_layer4_fc_loss_weighted_cross_entropy_ef51ec0390,0.001,cosine,224,layer4_fc,weighted_cross_entropy,resnet18,imagenet,71,30,41,128,23,12,11,37,0.782608695652174,0.8484848484848484,0.8847044159544161,0.6666666666666666,0.9090909090909092,0.8888888888888888,0.6666666666666666,0.7619047619047619,0.0363387577235698,10,1,4,8,3,50442
5,1,lr_1em03_sched_cosine_img_224_ft_layer4_fc_loss_focal_499bb0caeb,0.001,cosine,224,layer4_fc,focal,resnet18,imagenet,71,34,37,121,23,8,15,44,0.9130434782608696,0.8333333333333334,0.8570261437908497,0.75,1.0,1.0,0.75,0.8571428571428571,0.3228383362293243,15,0,2,6,22,50142
5,2,lr_1em03_sched_cosine_img_224_ft_layer4_fc_loss_focal_499bb0caeb,0.001,cosine,224,layer4_fc,focal,resnet18,imagenet,70,30,40,124,24,12,12,41,0.9583333333333334,0.9861111111111112,0.988095238095238,0.9166666666666666,1.0,1.0,0.9166666666666666,0.9565217391304348,0.3928616344928741,12,0,1,11,2,50242
5,3,lr_1em03_sched_cosine_img_224_ft_layer4_fc_loss_focal_499bb0caeb,0.001,cosine,224,layer4_fc,focal,resnet18,imagenet,70,32,38,122,24,10,14,43,0.9583333333333334,0.9785714285714286,0.9697979797979798,1.0,0.9285714285714286,0.9090909090909092,1.0,0.9523809523809524,0.2870716154575348,13,1,0,10,11,50342
5,4,lr_1em03_sched_cosine_img_224_ft_layer4_fc_loss_focal_499bb0caeb,0.001,cosine,224,layer4_fc,focal,resnet18,imagenet,71,30,41,128,23,12,11,37,0.782608695652174,0.7803030303030304,0.8567002442002444,0.5833333333333334,1.0,1.0,0.5833333333333334,0.7368421052631579,0.8569382429122925,11,0,5,7,7,50442
5,1,lr_1em03_sched_cosine_img_224_ft_layer3_layer4_fc_loss_weighted_cross_entropy_910d3681f6,0.001,cosine,224,layer3_layer4_fc,weighted_cross_entropy,resnet18,imagenet,71,34,37,121,23,8,15,44,0.6956521739130435,0.7583333333333333,0.7012362637362637,0.875,0.6,0.5384615384615384,0.875,0.6666666666666666,0.5247973799705505,9,6,1,7,8,50142
5,2,lr_1em03_sched_cosine_img_224_ft_layer3_layer4_fc_loss_weighted_cross_entropy_910d3681f6,0.001,cosine,224,layer3_layer4_fc,weighted_cross_entropy,resnet18,imagenet,70,30,40,124,24,12,12,41,0.9166666666666666,0.9583333333333334,0.9654761904761904,0.8333333333333334,1.0,1.0,0.8333333333333334,0.9090909090909092,0.718969464302063,12,0,2,10,13,50242
5,3,lr_1em03_sched_cosine_img_224_ft_layer3_layer4_fc_loss_weighted_cross_entropy_910d3681f6,0.001,cosine,224,layer3_layer4_fc,weighted_cross_entropy,resnet18,imagenet,70,32,38,122,24,10,14,43,0.875,0.9357142857142856,0.9228174603174604,0.8,0.9285714285714286,0.8888888888888888,0.8,0.8421052631578947,0.4105409383773803,13,1,2,8,4,50342
5,4,lr_1em03_sched_cosine_img_224_ft_layer3_layer4_fc_loss_weighted_cross_entropy_910d3681f6,0.001,cosine,224,layer3_layer4_fc,weighted_cross_entropy,resnet18,imagenet,71,30,41,128,23,12,11,37,0.8695652173913043,0.8257575757575758,0.9032079032079032,0.75,1.0,1.0,0.75,0.8571428571428571,0.5092998147010803,11,0,3,9,16,50442
5,1,lr_1em03_sched_cosine_img_224_ft_layer3_layer4_fc_loss_focal_1c2cfa6c7e,0.001,cosine,224,layer3_layer4_fc,focal,resnet18,imagenet,71,34,37,121,23,8,15,44,0.8260869565217391,0.8166666666666667,0.785609243697479,0.5,1.0,1.0,0.5,0.6666666666666666,0.5779106020927429,15,0,4,4,11,50142
5,2,lr_1em03_sched_cosine_img_224_ft_layer3_layer4_fc_loss_focal_1c2cfa6c7e,0.001,cosine,224,layer3_layer4_fc,focal,resnet18,imagenet,70,30,40,124,24,12,12,41,0.875,0.9305555555555556,0.9339947089947088,1.0,0.75,0.8,1.0,0.8888888888888888,0.4598938822746277,9,3,0,12,8,50242
5,3,lr_1em03_sched_cosine_img_224_ft_layer3_layer4_fc_loss_focal_1c2cfa6c7e,0.001,cosine,224,layer3_layer4_fc,focal,resnet18,imagenet,70,32,38,122,24,10,14,43,0.875,0.8214285714285714,0.8708466819221968,0.7,1.0,1.0,0.7,0.8235294117647058,0.9839789867401124,14,0,3,7,2,50342
5,4,lr_1em03_sched_cosine_img_224_ft_layer3_layer4_fc_loss_focal_1c2cfa6c7e,0.001,cosine,224,layer3_layer4_fc,focal,resnet18,imagenet,71,30,41,128,23,12,11,37,0.7391304347826086,0.7424242424242424,0.8218187933067965,0.5833333333333334,0.9090909090909092,0.875,0.5833333333333334,0.7,0.4184697270393371,10,1,5,7,5,50442
5,1,lr_1em03_sched_cosine_img_224_ft_full_loss_weighted_cross_entropy_39e37e168b,0.001,cosine,224,full,weighted_cross_entropy,resnet18,imagenet,71,34,37,121,23,8,15,44,0.782608695652174,0.7666666666666666,0.5697916666666667,0.75,0.8,0.6666666666666666,0.75,0.7058823529411765,0.2523805797100067,12,3,2,6,12,50142
5,2,lr_1em03_sched_cosine_img_224_ft_full_loss_weighted_cross_entropy_39e37e168b,0.001,cosine,224,full,weighted_cross_entropy,resnet18,imagenet,70,30,40,124,24,12,12,41,0.75,0.7708333333333334,0.8014545710517578,0.6666666666666666,0.8333333333333334,0.8,0.6666666666666666,0.7272727272727273,0.0364657118916511,10,2,4,8,2,50242
5,3,lr_1em03_sched_cosine_img_224_ft_full_loss_weighted_cross_entropy_39e37e168b,0.001,cosine,224,full,weighted_cross_entropy,resnet18,imagenet,70,32,38,122,24,10,14,43,0.875,0.8714285714285714,0.7488559969442322,0.9,0.8571428571428571,0.8181818181818182,0.9,0.8571428571428571,5.240414111540304e-07,12,2,1,9,1,50342
5,4,lr_1em03_sched_cosine_img_224_ft_full_loss_weighted_cross_entropy_39e37e168b,0.001,cosine,224,full,weighted_cross_entropy,resnet18,imagenet,71,30,41,128,23,12,11,37,0.8260869565217391,0.8181818181818182,0.882175925925926,0.6666666666666666,1.0,1.0,0.6666666666666666,0.8,0.2985606491565704,11,0,4,8,15,50442
5,1,lr_1em03_sched_cosine_img_224_ft_full_loss_focal_6f8c3142a9,0.001,cosine,224,full,focal,resnet18,imagenet,71,34,37,121,23,8,15,44,0.8695652173913043,0.8416666666666667,0.8631211180124223,0.75,0.9333333333333332,0.8571428571428571,0.75,0.8,0.6087852120399475,14,1,2,6,2,50142
5,2,lr_1em03_sched_cosine_img_224_ft_full_loss_focal_6f8c3142a9,0.001,cosine,224,full,focal,resnet18,imagenet,70,30,40,124,24,12,12,41,0.75,0.7986111111111112,0.769590661531451,0.5833333333333334,0.9166666666666666,0.875,0.5833333333333334,0.7,0.3388038575649261,11,1,5,7,13,50242
5,3,lr_1em03_sched_cosine_img_224_ft_full_loss_focal_6f8c3142a9,0.001,cosine,224,full,focal,resnet18,imagenet,70,32,38,122,24,10,14,43,0.8333333333333334,0.8642857142857143,0.8700641025641025,0.8,0.8571428571428571,0.8,0.8,0.8,0.3884798884391784,12,2,2,8,13,50342
5,4,lr_1em03_sched_cosine_img_224_ft_full_loss_focal_6f8c3142a9,0.001,cosine,224,full,focal,resnet18,imagenet,71,30,41,128,23,12,11,37,0.9130434782608696,0.8712121212121212,0.9291979949874688,0.8333333333333334,1.0,1.0,0.8333333333333334,0.9090909090909092,0.4027859270572662,11,0,2,10,14,50442
5,1,lr_1em03_sched_cosine_img_320_ft_fc_only_loss_weighted_cross_entropy_bc21784528,0.001,cosine,320,fc_only,weighted_cross_entropy,resnet18,imagenet,71,34,37,121,23,8,15,44,0.6956521739130435,0.7333333333333334,0.6748286435786436,0.75,0.6666666666666666,0.5454545454545454,0.75,0.631578947368421,0.3392303884029388,10,5,2,6,8,50142
5,2,lr_1em03_sched_cosine_img_320_ft_fc_only_loss_weighted_cross_entropy_bc21784528,0.001,cosine,320,fc_only,weighted_cross_entropy,resnet18,imagenet,70,30,40,124,24,12,12,41,0.5833333333333334,0.5208333333333334,0.621525234025234,0.5,0.6666666666666666,0.6,0.5,0.5454545454545454,0.0278184786438941,8,4,6,6,8,50242
5,3,lr_1em03_sched_cosine_img_320_ft_fc_only_loss_weighted_cross_entropy_bc21784528,0.001,cosine,320,fc_only,weighted_cross_entropy,resnet18,imagenet,70,32,38,122,24,10,14,43,0.6666666666666666,0.6642857142857143,0.5545695307108351,0.9,0.5,0.5625,0.9,0.6923076923076923,0.3183379471302032,7,7,1,9,25,50342
5,4,lr_1em03_sched_cosine_img_320_ft_fc_only_loss_weighted_cross_entropy_bc21784528,0.001,cosine,320,fc_only,weighted_cross_entropy,resnet18,imagenet,71,30,41,128,23,12,11,37,0.8695652173913043,0.8409090909090909,0.9030092592592596,0.75,1.0,1.0,0.75,0.8571428571428571,0.5052098631858826,11,0,3,9,25,50442
5,1,lr_1em03_sched_cosine_img_320_ft_fc_only_loss_focal_57dc43c36e,0.001,cosine,320,fc_only,focal,resnet18,imagenet,71,34,37,121,23,8,15,44,0.782608695652174,0.7083333333333334,0.6244306418219461,0.625,0.8666666666666667,0.7142857142857143,0.625,0.6666666666666666,0.4621251225471496,13,2,3,5,8,50142
5,2,lr_1em03_sched_cosine_img_320_ft_fc_only_loss_focal_57dc43c36e,0.001,cosine,320,fc_only,focal,resnet18,imagenet,70,30,40,124,24,12,12,41,0.6666666666666666,0.5972222222222222,0.7032545956459,0.4166666666666667,0.9166666666666666,0.8333333333333334,0.4166666666666667,0.5555555555555556,0.4363628029823303,11,1,7,5,27,50242
5,3,lr_1em03_sched_cosine_img_320_ft_fc_only_loss_focal_57dc43c36e,0.001,cosine,320,fc_only,focal,resnet18,imagenet,70,32,38,122,24,10,14,43,0.75,0.7571428571428571,0.6250702075702076,0.7,0.7857142857142857,0.7,0.7,0.7,0.3939096927642822,11,3,3,7,28,50342
5,4,lr_1em03_sched_cosine_img_320_ft_fc_only_loss_focal_57dc43c36e,0.001,cosine,320,fc_only,focal,resnet18,imagenet,71,30,41,128,23,12,11,37,0.7391304347826086,0.7727272727272727,0.8380485527544351,0.5,1.0,1.0,0.5,0.6666666666666666,0.468296080827713,11,0,6,6,29,50442
5,1,lr_1em03_sched_cosine_img_320_ft_layer4_fc_loss_weighted_cross_entropy_6c9df830c6,0.001,cosine,320,layer4_fc,weighted_cross_entropy,resnet18,imagenet,71,34,37,121,23,8,15,44,0.8695652173913043,0.9083333333333334,0.8507326007326007,0.75,0.9333333333333332,0.8571428571428571,0.75,0.8,0.0356104150414466,14,1,2,6,9,50142
5,2,lr_1em03_sched_cosine_img_320_ft_layer4_fc_loss_weighted_cross_entropy_6c9df830c6,0.001,cosine,320,layer4_fc,weighted_cross_entropy,resnet18,imagenet,70,30,40,124,24,12,12,41,0.8333333333333334,0.8263888888888888,0.7598757179639533,0.8333333333333334,0.8333333333333334,0.8333333333333334,0.8333333333333334,0.8333333333333334,0.2628612816333771,10,2,2,10,3,50242
5,3,lr_1em03_sched_cosine_img_320_ft_layer4_fc_loss_weighted_cross_entropy_6c9df830c6,0.001,cosine,320,layer4_fc,weighted_cross_entropy,resnet18,imagenet,70,32,38,122,24,10,14,43,0.9166666666666666,0.942857142857143,0.9229292929292928,1.0,0.8571428571428571,0.8333333333333334,1.0,0.9090909090909092,0.1368583142757415,12,2,0,10,5,50342
5,4,lr_1em03_sched_cosine_img_320_ft_layer4_fc_loss_weighted_cross_entropy_6c9df830c6,0.001,cosine,320,layer4_fc,weighted_cross_entropy,resnet18,imagenet,71,30,41,128,23,12,11,37,0.8695652173913043,0.8181818181818181,0.8952940376853421,0.8333333333333334,0.9090909090909092,0.9090909090909092,0.8333333333333334,0.8695652173913043,0.6028341054916382,10,1,2,10,14,50442
5,1,lr_1em03_sched_cosine_img_320_ft_layer4_fc_loss_focal_341f170a81,0.001,cosine,320,layer4_fc,focal,resnet18,imagenet,71,34,37,121,23,8,15,44,0.8260869565217391,0.8166666666666667,0.7734797065679418,0.625,0.9333333333333332,0.8333333333333334,0.625,0.7142857142857143,0.381411463022232,14,1,3,5,14,50142
5,2,lr_1em03_sched_cosine_img_320_ft_layer4_fc_loss_focal_341f170a81,0.001,cosine,320,layer4_fc,focal,resnet18,imagenet,70,30,40,124,24,12,12,41,0.75,0.7569444444444444,0.8261437908496732,0.5,1.0,1.0,0.5,0.6666666666666666,0.5560728311538696,12,0,6,6,13,50242
5,3,lr_1em03_sched_cosine_img_320_ft_layer4_fc_loss_focal_341f170a81,0.001,cosine,320,layer4_fc,focal,resnet18,imagenet,70,32,38,122,24,10,14,43,0.8333333333333334,0.8642857142857142,0.8518253968253968,0.9,0.7857142857142857,0.75,0.9,0.8181818181818182,0.8758818507194519,11,3,1,9,3,50342
5,4,lr_1em03_sched_cosine_img_320_ft_layer4_fc_loss_focal_341f170a81,0.001,cosine,320,layer4_fc,focal,resnet18,imagenet,71,30,41,128,23,12,11,37,0.8260869565217391,0.8257575757575758,0.8924034299034299,0.6666666666666666,1.0,1.0,0.6666666666666666,0.8,0.4405745267868042,11,0,4,8,16,50442
5,1,lr_1em03_sched_cosine_img_320_ft_layer3_layer4_fc_loss_weighted_cross_entropy_1377c12b1a,0.001,cosine,320,layer3_layer4_fc,weighted_cross_entropy,resnet18,imagenet,71,34,37,121,23,8,15,44,0.8695652173913043,0.85,0.8262362637362637,0.625,1.0,1.0,0.625,0.7692307692307693,0.5529389381408691,15,0,3,5,10,50142
5,2,lr_1em03_sched_cosine_img_320_ft_layer3_layer4_fc_loss_weighted_cross_entropy_1377c12b1a,0.001,cosine,320,layer3_layer4_fc,weighted_cross_entropy,resnet18,imagenet,70,30,40,124,24,12,12,41,0.7916666666666666,0.8194444444444444,0.7818432180564533,1.0,0.5833333333333334,0.7058823529411765,1.0,0.8275862068965517,0.0338545627892017,7,5,0,12,8,50242
5,3,lr_1em03_sched_cosine_img_320_ft_layer3_layer4_fc_loss_weighted_cross_entropy_1377c12b1a,0.001,cosine,320,layer3_layer4_fc,weighted_cross_entropy,resnet18,imagenet,70,32,38,122,24,10,14,43,0.9166666666666666,0.9071428571428573,0.9354545454545456,0.9,0.9285714285714286,0.9,0.9,0.9,0.999996304512024,13,1,1,9,1,50342
5,4,lr_1em03_sched_cosine_img_320_ft_layer3_layer4_fc_loss_weighted_cross_entropy_1377c12b1a,0.001,cosine,320,layer3_layer4_fc,weighted_cross_entropy,resnet18,imagenet,71,30,41,128,23,12,11,37,0.8695652173913043,0.8409090909090908,0.9018651426546164,0.8333333333333334,0.9090909090909092,0.9090909090909092,0.8333333333333334,0.8695652173913043,0.5008476376533508,10,1,2,10,12,50442
5,1,lr_1em03_sched_cosine_img_320_ft_layer3_layer4_fc_loss_focal_e4d2aaa6dc,0.001,cosine,320,layer3_layer4_fc,focal,resnet18,imagenet,71,34,37,121,23,8,15,44,0.782608695652174,0.7166666666666667,0.6794823232323233,0.5,0.9333333333333332,0.8,0.5,0.6153846153846154,0.999588668346405,14,1,4,4,2,50142
5,2,lr_1em03_sched_cosine_img_320_ft_layer3_layer4_fc_loss_focal_e4d2aaa6dc,0.001,cosine,320,layer3_layer4_fc,focal,resnet18,imagenet,70,30,40,124,24,12,12,41,0.9166666666666666,0.9652777777777778,0.9652417027417028,1.0,0.8333333333333334,0.8571428571428571,1.0,0.9230769230769232,0.4210873544216156,10,2,0,12,14,50242
5,3,lr_1em03_sched_cosine_img_320_ft_layer3_layer4_fc_loss_focal_e4d2aaa6dc,0.001,cosine,320,layer3_layer4_fc,focal,resnet18,imagenet,70,32,38,122,24,10,14,43,0.875,0.9071428571428573,0.9165204678362572,0.8,0.9285714285714286,0.8888888888888888,0.8,0.8421052631578947,0.4296938180923462,13,1,2,8,3,50342
5,4,lr_1em03_sched_cosine_img_320_ft_layer3_layer4_fc_loss_focal_e4d2aaa6dc,0.001,cosine,320,layer3_layer4_fc,focal,resnet18,imagenet,71,30,41,128,23,12,11,37,0.8695652173913043,0.8409090909090908,0.9111683193490976,0.75,1.0,1.0,0.75,0.8571428571428571,0.4276153445243835,11,0,3,9,9,50442
5,1,lr_1em03_sched_cosine_img_320_ft_full_loss_weighted_cross_entropy_7dfecf0062,0.001,cosine,320,full,weighted_cross_entropy,resnet18,imagenet,71,34,37,121,23,8,15,44,0.9565217391304348,0.8833333333333333,0.9204545454545454,0.875,1.0,1.0,0.875,0.9333333333333332,0.4642083644866943,15,0,1,7,10,50142
5,2,lr_1em03_sched_cosine_img_320_ft_full_loss_weighted_cross_entropy_7dfecf0062,0.001,cosine,320,full,weighted_cross_entropy,resnet18,imagenet,70,30,40,124,24,12,12,41,0.8333333333333334,0.8472222222222222,0.8904040404040405,0.8333333333333334,0.8333333333333334,0.8333333333333334,0.8333333333333334,0.8333333333333334,0.3634672462940216,10,2,2,10,2,50242
5,3,lr_1em03_sched_cosine_img_320_ft_full_loss_weighted_cross_entropy_7dfecf0062,0.001,cosine,320,full,weighted_cross_entropy,resnet18,imagenet,70,32,38,122,24,10,14,43,0.875,0.9,0.9032828282828282,0.7,1.0,1.0,0.7,0.8235294117647058,0.6447557806968689,14,0,3,7,12,50342
5,4,lr_1em03_sched_cosine_img_320_ft_full_loss_weighted_cross_entropy_7dfecf0062,0.001,cosine,320,full,weighted_cross_entropy,resnet18,imagenet,71,30,41,128,23,12,11,37,0.8260869565217391,0.8106060606060606,0.8638871484266223,0.75,0.9090909090909092,0.9,0.75,0.8181818181818182,0.4857078492641449,10,1,3,9,10,50442
5,1,lr_1em03_sched_cosine_img_320_ft_full_loss_focal_18d6d88640,0.001,cosine,320,full,focal,resnet18,imagenet,71,34,37,121,23,8,15,44,0.9130434782608696,0.8833333333333333,0.9028532608695652,0.875,0.9333333333333332,0.875,0.875,0.875,0.1426328420639038,14,1,1,7,3,50142
5,2,lr_1em03_sched_cosine_img_320_ft_full_loss_focal_18d6d88640,0.001,cosine,320,full,focal,resnet18,imagenet,70,30,40,124,24,12,12,41,0.9166666666666666,0.9097222222222222,0.9392676767676768,0.9166666666666666,0.9166666666666666,0.9166666666666666,0.9166666666666666,0.9166666666666666,0.5000224709510803,11,1,1,11,19,50242
5,3,lr_1em03_sched_cosine_img_320_ft_full_loss_focal_18d6d88640,0.001,cosine,320,full,focal,resnet18,imagenet,70,32,38,122,24,10,14,43,0.9166666666666666,0.95,0.9326515151515152,1.0,0.8571428571428571,0.8333333333333334,1.0,0.9090909090909092,0.149898961186409,12,2,0,10,3,50342
5,4,lr_1em03_sched_cosine_img_320_ft_full_loss_focal_18d6d88640,0.001,cosine,320,full,focal,resnet18,imagenet,71,30,41,128,23,12,11,37,0.8260869565217391,0.8181818181818181,0.8827363547758286,0.75,0.9090909090909092,0.9,0.75,0.8181818181818182,0.4569188356399536,10,1,3,9,12,50442
5,1,lr_1em03_sched_none_img_224_ft_fc_only_loss_weighted_cross_entropy_b7e54e70a9,0.001,none,224,fc_only,weighted_cross_entropy,resnet18,imagenet,71,34,37,121,23,8,15,44,0.8695652173913043,0.8916666666666667,0.857521645021645,0.75,0.9333333333333332,0.8571428571428571,0.75,0.8,0.1153591126203537,14,1,2,6,27,50142
5,2,lr_1em03_sched_none_img_224_ft_fc_only_loss_weighted_cross_entropy_b7e54e70a9,0.001,none,224,fc_only,weighted_cross_entropy,resnet18,imagenet,70,30,40,124,24,12,12,41,0.8333333333333334,0.8194444444444445,0.8283864555923379,0.8333333333333334,0.8333333333333334,0.8333333333333334,0.8333333333333334,0.8333333333333334,0.3879935443401336,10,2,2,10,22,50242
5,3,lr_1em03_sched_none_img_224_ft_fc_only_loss_weighted_cross_entropy_b7e54e70a9,0.001,none,224,fc_only,weighted_cross_entropy,resnet18,imagenet,70,32,38,122,24,10,14,43,0.7083333333333334,0.6499999999999999,0.5839481171002909,0.8,0.6428571428571429,0.6153846153846154,0.8,0.6956521739130435,0.0918386355042457,9,5,2,8,8,50342
5,4,lr_1em03_sched_none_img_224_ft_fc_only_loss_weighted_cross_entropy_b7e54e70a9,0.001,none,224,fc_only,weighted_cross_entropy,resnet18,imagenet,71,30,41,128,23,12,11,37,0.8260869565217391,0.7878787878787878,0.870142467181941,0.6666666666666666,1.0,1.0,0.6666666666666666,0.8,0.5706384778022766,11,0,4,8,17,50442
5,1,lr_1em03_sched_none_img_224_ft_fc_only_loss_focal_05666f2b69,0.001,none,224,fc_only,focal,resnet18,imagenet,71,34,37,121,23,8,15,44,0.8695652173913043,0.8833333333333334,0.8640873015873016,0.875,0.8666666666666667,0.7777777777777778,0.875,0.8235294117647058,0.1163871213793754,13,2,1,7,26,50142
5,2,lr_1em03_sched_none_img_224_ft_fc_only_loss_focal_05666f2b69,0.001,none,224,fc_only,focal,resnet18,imagenet,70,30,40,124,24,12,12,41,0.8333333333333334,0.8472222222222222,0.8501861349578069,0.75,0.9166666666666666,0.9,0.75,0.8181818181818182,0.3752374053001404,11,1,3,9,30,50242
5,3,lr_1em03_sched_none_img_224_ft_fc_only_loss_focal_05666f2b69,0.001,none,224,fc_only,focal,resnet18,imagenet,70,32,38,122,24,10,14,43,0.5833333333333334,0.5785714285714285,0.5172890559732665,0.7,0.5,0.5,0.7,0.5833333333333334,0.2338395118713379,7,7,3,7,6,50342
5,4,lr_1em03_sched_none_img_224_ft_fc_only_loss_focal_05666f2b69,0.001,none,224,fc_only,focal,resnet18,imagenet,71,30,41,128,23,12,11,37,0.782608695652174,0.6590909090909091,0.7894664953446419,0.6666666666666666,0.9090909090909092,0.8888888888888888,0.6666666666666666,0.7619047619047619,0.6364393830299377,10,1,4,8,13,50442
5,1,lr_1em03_sched_none_img_224_ft_layer4_fc_loss_weighted_cross_entropy_35a6db6239,0.001,none,224,layer4_fc,weighted_cross_entropy,resnet18,imagenet,71,34,37,121,23,8,15,44,0.8260869565217391,0.775,0.7604890513897866,0.5,1.0,1.0,0.5,0.6666666666666666,0.5199169516563416,15,0,4,4,6,50142
5,2,lr_1em03_sched_none_img_224_ft_layer4_fc_loss_weighted_cross_entropy_35a6db6239,0.001,none,224,layer4_fc,weighted_cross_entropy,resnet18,imagenet,70,30,40,124,24,12,12,41,0.875,0.9305555555555556,0.9455128205128204,0.75,1.0,1.0,0.75,0.8571428571428571,0.9998921155929564,12,0,3,9,1,50242
5,3,lr_1em03_sched_none_img_224_ft_layer4_fc_loss_weighted_cross_entropy_35a6db6239,0.001,none,224,layer4_fc,weighted_cross_entropy,resnet18,imagenet,70,32,38,122,24,10,14,43,0.875,0.9285714285714286,0.9295306001188354,0.9,0.8571428571428571,0.8181818181818182,0.9,0.8571428571428571,0.5912562012672424,12,2,1,9,8,50342
5,4,lr_1em03_sched_none_img_224_ft_layer4_fc_loss_weighted_cross_entropy_35a6db6239,0.001,none,224,layer4_fc,weighted_cross_entropy,resnet18,imagenet,71,30,41,128,23,12,11,37,0.8695652173913043,0.8636363636363636,0.8879220316720317,0.8333333333333334,0.9090909090909092,0.9090909090909092,0.8333333333333334,0.8695652173913043,0.0001328640646534,10,1,2,10,3,50442
5,1,lr_1em03_sched_none_img_224_ft_layer4_fc_loss_focal_1801ecd509,0.001,none,224,layer4_fc,focal,resnet18,imagenet,71,34,37,121,23,8,15,44,0.782608695652174,0.7833333333333334,0.7428113553113553,0.625,0.8666666666666667,0.7142857142857143,0.625,0.6666666666666666,0.9999618530273438,13,2,3,5,1,50142
5,2,lr_1em03_sched_none_img_224_ft_layer4_fc_loss_focal_1801ecd509,0.001,none,224,layer4_fc,focal,resnet18,imagenet,70,30,40,124,24,12,12,41,0.9166666666666666,0.9652777777777778,0.9705128205128206,0.8333333333333334,1.0,1.0,0.8333333333333334,0.9090909090909092,0.9999948740005492,12,0,2,10,1,50242
5,3,lr_1em03_sched_none_img_224_ft_layer4_fc_loss_focal_1801ecd509,0.001,none,224,layer4_fc,focal,resnet18,imagenet,70,32,38,122,24,10,14,43,0.9583333333333334,0.9571428571428572,0.9625,0.9,1.0,1.0,0.9,0.9473684210526316,0.5101384520530701,14,0,1,9,8,50342
5,4,lr_1em03_sched_none_img_224_ft_layer4_fc_loss_focal_1801ecd509,0.001,none,224,layer4_fc,focal,resnet18,imagenet,71,30,41,128,23,12,11,37,0.8260869565217391,0.8409090909090909,0.8870192307692307,0.75,0.9090909090909092,0.9,0.75,0.8181818181818182,0.2407119125127792,10,1,3,9,6,50442
5,1,lr_1em03_sched_none_img_224_ft_layer3_layer4_fc_loss_weighted_cross_entropy_85e7d70c96,0.001,none,224,layer3_layer4_fc,weighted_cross_entropy,resnet18,imagenet,71,34,37,121,23,8,15,44,0.782608695652174,0.875,0.8301406926406927,0.875,0.7333333333333333,0.6363636363636364,0.875,0.7368421052631579,0.3338954746723175,11,4,1,7,7,50142
5,2,lr_1em03_sched_none_img_224_ft_layer3_layer4_fc_loss_weighted_cross_entropy_85e7d70c96,0.001,none,224,layer3_layer4_fc,weighted_cross_entropy,resnet18,imagenet,70,30,40,124,24,12,12,41,0.9166666666666666,0.9652777777777778,0.9676989676989676,1.0,0.8333333333333334,0.8571428571428571,1.0,0.9230769230769232,0.6523768901824951,10,2,0,12,9,50242
5,3,lr_1em03_sched_none_img_224_ft_layer3_layer4_fc_loss_weighted_cross_entropy_85e7d70c96,0.001,none,224,layer3_layer4_fc,weighted_cross_entropy,resnet18,imagenet,70,32,38,122,24,10,14,43,0.9166666666666666,0.9285714285714286,0.9426315789473684,0.9,0.9285714285714286,0.9,0.9,0.9,0.6960597038269043,13,1,1,9,7,50342
5,4,lr_1em03_sched_none_img_224_ft_layer3_layer4_fc_loss_weighted_cross_entropy_85e7d70c96,0.001,none,224,layer3_layer4_fc,weighted_cross_entropy,resnet18,imagenet,71,30,41,128,23,12,11,37,0.8260869565217391,0.8106060606060606,0.8659902597402597,0.75,0.9090909090909092,0.9,0.75,0.8181818181818182,0.8014519810676575,10,1,3,9,29,50442
5,1,lr_1em03_sched_none_img_224_ft_layer3_layer4_fc_loss_focal_d5e4723b9f,0.001,none,224,layer3_layer4_fc,focal,resnet18,imagenet,71,34,37,121,23,8,15,44,0.782608695652174,0.8166666666666668,0.7896645021645021,0.875,0.7333333333333333,0.6363636363636364,0.875,0.7368421052631579,0.4095745384693146,11,4,1,7,6,50142
5,2,lr_1em03_sched_none_img_224_ft_layer3_layer4_fc_loss_focal_d5e4723b9f,0.001,none,224,layer3_layer4_fc,focal,resnet18,imagenet,70,30,40,124,24,12,12,41,0.6666666666666666,0.6944444444444444,0.7286960724460725,0.4166666666666667,0.9166666666666666,0.8333333333333334,0.4166666666666667,0.5555555555555556,0.0020063223782926,11,1,7,5,1,50242
5,3,lr_1em03_sched_none_img_224_ft_layer3_layer4_fc_loss_focal_d5e4723b9f,0.001,none,224,layer3_layer4_fc,focal,resnet18,imagenet,70,32,38,122,24,10,14,43,0.9166666666666666,0.95,0.9455555555555556,0.9,0.9285714285714286,0.9,0.9,0.9,0.3836040794849396,13,1,1,9,6,50342
5,4,lr_1em03_sched_none_img_224_ft_layer3_layer4_fc_loss_focal_d5e4723b9f,0.001,none,224,layer3_layer4_fc,focal,resnet18,imagenet,71,30,41,128,23,12,11,37,0.8260869565217391,0.7878787878787878,0.8494049931549933,0.75,0.9090909090909092,0.9,0.75,0.8181818181818182,0.9719402194023132,10,1,3,9,1,50442
5,1,lr_1em03_sched_none_img_224_ft_full_loss_weighted_cross_entropy_006105b93c,0.001,none,224,full,weighted_cross_entropy,resnet18,imagenet,71,34,37,121,23,8,15,44,0.8260869565217391,0.8916666666666666,0.8318452380952381,0.875,0.8,0.7,0.875,0.7777777777777778,0.1142522022128105,12,3,1,7,5,50142
5,2,lr_1em03_sched_none_img_224_ft_full_loss_weighted_cross_entropy_006105b93c,0.001,none,224,full,weighted_cross_entropy,resnet18,imagenet,70,30,40,124,24,12,12,41,0.8333333333333334,0.8541666666666665,0.9032512626262628,0.8333333333333334,0.8333333333333334,0.8333333333333334,0.8333333333333334,0.8333333333333334,0.236632764339447,10,2,2,10,10,50242
5,3,lr_1em03_sched_none_img_224_ft_full_loss_weighted_cross_entropy_006105b93c,0.001,none,224,full,weighted_cross_entropy,resnet18,imagenet,70,32,38,122,24,10,14,43,0.9166666666666666,0.9642857142857144,0.9614285714285716,0.9,0.9285714285714286,0.9,0.9,0.9,0.7195754647254944,13,1,1,9,6,50342
5,4,lr_1em03_sched_none_img_224_ft_full_loss_weighted_cross_entropy_006105b93c,0.001,none,224,full,weighted_cross_entropy,resnet18,imagenet,71,30,41,128,23,12,11,37,0.8695652173913043,0.9166666666666664,0.9311882017764372,0.9166666666666666,0.8181818181818182,0.8461538461538461,0.9166666666666666,0.88,0.4266726076602936,9,2,1,11,8,50442
5,1,lr_1em03_sched_none_img_224_ft_full_loss_focal_245c243886,0.001,none,224,full,focal,resnet18,imagenet,71,34,37,121,23,8,15,44,0.8695652173913043,0.8916666666666667,0.8849206349206349,0.875,0.8666666666666667,0.7777777777777778,0.875,0.8235294117647058,0.4922622442245483,13,2,1,7,28,50142
5,2,lr_1em03_sched_none_img_224_ft_full_loss_focal_245c243886,0.001,none,224,full,focal,resnet18,imagenet,70,30,40,124,24,12,12,41,0.75,0.7708333333333333,0.8226036493699537,0.5,1.0,1.0,0.5,0.6666666666666666,1.9149554191244533e-06,12,0,6,6,1,50242
5,3,lr_1em03_sched_none_img_224_ft_full_loss_focal_245c243886,0.001,none,224,full,focal,resnet18,imagenet,70,32,38,122,24,10,14,43,0.9166666666666666,0.9785714285714286,0.9733333333333334,1.0,0.8571428571428571,0.8333333333333334,1.0,0.9090909090909092,0.5143740177154541,12,2,0,10,8,50342
5,4,lr_1em03_sched_none_img_224_ft_full_loss_focal_245c243886,0.001,none,224,full,focal,resnet18,imagenet,71,30,41,128,23,12,11,37,0.8260869565217391,0.7954545454545454,0.8461426237161532,0.75,0.9090909090909092,0.9,0.75,0.8181818181818182,0.5062299966812134,10,1,3,9,6,50442
5,1,lr_1em03_sched_none_img_320_ft_fc_only_loss_weighted_cross_entropy_836cdb394a,0.001,none,320,fc_only,weighted_cross_entropy,resnet18,imagenet,71,34,37,121,23,8,15,44,0.6521739130434783,0.6833333333333333,0.5761446886446886,0.875,0.5333333333333333,0.5,0.875,0.6363636363636364,0.0843717753887176,8,7,1,7,11,50142
5,2,lr_1em03_sched_none_img_320_ft_fc_only_loss_weighted_cross_entropy_836cdb394a,0.001,none,320,fc_only,weighted_cross_entropy,resnet18,imagenet,70,30,40,124,24,12,12,41,0.7916666666666666,0.8263888888888888,0.8431712962962963,0.6666666666666666,0.9166666666666666,0.8888888888888888,0.6666666666666666,0.7619047619047619,0.458674281835556,11,1,4,8,27,50242
5,3,lr_1em03_sched_none_img_320_ft_fc_only_loss_weighted_cross_entropy_836cdb394a,0.001,none,320,fc_only,weighted_cross_entropy,resnet18,imagenet,70,32,38,122,24,10,14,43,0.875,0.8785714285714286,0.7410245310245309,0.9,0.8571428571428571,0.8181818181818182,0.9,0.8571428571428571,0.1943459957838058,12,2,1,9,29,50342
5,4,lr_1em03_sched_none_img_320_ft_fc_only_loss_weighted_cross_entropy_836cdb394a,0.001,none,320,fc_only,weighted_cross_entropy,resnet18,imagenet,71,30,41,128,23,12,11,37,0.6956521739130435,0.6439393939393939,0.7688894194850583,0.4166666666666667,1.0,1.0,0.4166666666666667,0.5882352941176471,0.5249584913253784,11,0,7,5,2,50442
5,1,lr_1em03_sched_none_img_320_ft_fc_only_loss_focal_00c9594df0,0.001,none,320,fc_only,focal,resnet18,imagenet,71,34,37,121,23,8,15,44,0.6956521739130435,0.6916666666666667,0.6012175324675324,0.75,0.6666666666666666,0.5454545454545454,0.75,0.631578947368421,0.216376855969429,10,5,2,6,7,50142
5,2,lr_1em03_sched_none_img_320_ft_fc_only_loss_focal_00c9594df0,0.001,none,320,fc_only,focal,resnet18,imagenet,70,30,40,124,24,12,12,41,0.75,0.798611111111111,0.833614417989418,0.6666666666666666,0.8333333333333334,0.8,0.6666666666666666,0.7272727272727273,0.5049735903739929,10,2,4,8,22,50242
5,3,lr_1em03_sched_none_img_320_ft_fc_only_loss_focal_00c9594df0,0.001,none,320,fc_only,focal,resnet18,imagenet,70,32,38,122,24,10,14,43,0.6666666666666666,0.6785714285714286,0.6449038461538461,0.9,0.5,0.5625,0.9,0.6923076923076923,0.1587154567241668,7,7,1,9,7,50342
5,4,lr_1em03_sched_none_img_320_ft_fc_only_loss_focal_00c9594df0,0.001,none,320,fc_only,focal,resnet18,imagenet,71,30,41,128,23,12,11,37,0.8260869565217391,0.8106060606060606,0.8856601731601733,0.6666666666666666,1.0,1.0,0.6666666666666666,0.8,0.3939170241355896,11,0,4,8,25,50442
5,1,lr_1em03_sched_none_img_320_ft_layer4_fc_loss_weighted_cross_entropy_578e824dcb,0.001,none,320,layer4_fc,weighted_cross_entropy,resnet18,imagenet,71,34,37,121,23,8,15,44,0.8260869565217391,0.8666666666666667,0.7923430735930735,0.75,0.8666666666666667,0.75,0.75,0.75,0.3480722606182098,13,2,2,6,13,50142
5,2,lr_1em03_sched_none_img_320_ft_layer4_fc_loss_weighted_cross_entropy_578e824dcb,0.001,none,320,layer4_fc,weighted_cross_entropy,resnet18,imagenet,70,30,40,124,24,12,12,41,0.7916666666666666,0.7777777777777778,0.8069116069116069,0.8333333333333334,0.75,0.7692307692307693,0.8333333333333334,0.8,0.5788833498954773,9,3,2,10,9,50242
5,3,lr_1em03_sched_none_img_320_ft_layer4_fc_loss_weighted_cross_entropy_578e824dcb,0.001,none,320,layer4_fc,weighted_cross_entropy,resnet18,imagenet,70,32,38,122,24,10,14,43,0.9583333333333334,0.9785714285714284,0.976923076923077,0.9,1.0,1.0,0.9,0.9473684210526316,0.8682442903518677,14,0,1,9,6,50342
5,4,lr_1em03_sched_none_img_320_ft_layer4_fc_loss_weighted_cross_entropy_578e824dcb,0.001,none,320,layer4_fc,weighted_cross_entropy,resnet18,imagenet,71,30,41,128,23,12,11,37,0.8260869565217391,0.8333333333333333,0.8963508784480653,0.6666666666666666,1.0,1.0,0.6666666666666666,0.8,0.6756671667098999,11,0,4,8,6,50442
5,1,lr_1em03_sched_none_img_320_ft_layer4_fc_loss_focal_e507192914,0.001,none,320,layer4_fc,focal,resnet18,imagenet,71,34,37,121,23,8,15,44,0.8695652173913043,0.8916666666666667,0.8717261904761905,0.75,0.9333333333333332,0.8571428571428571,0.75,0.8,0.4197533726692199,14,1,2,6,20,50142
5,2,lr_1em03_sched_none_img_320_ft_layer4_fc_loss_focal_e507192914,0.001,none,320,layer4_fc,focal,resnet18,imagenet,70,30,40,124,24,12,12,41,0.875,0.9166666666666669,0.9340909090909092,0.8333333333333334,0.9166666666666666,0.9090909090909092,0.8333333333333334,0.8695652173913043,0.3054197132587433,11,1,2,10,3,50242
5,3,lr_1em03_sched_none_img_320_ft_layer4_fc_loss_focal_e507192914,0.001,none,320,layer4_fc,focal,resnet18,imagenet,70,32,38,122,24,10,14,43,0.875,0.95,0.9408119658119658,1.0,0.7857142857142857,0.7692307692307693,1.0,0.8695652173913043,0.3598160147666931,11,3,0,10,14,50342
5,4,lr_1em03_sched_none_img_320_ft_layer4_fc_loss_focal_e507192914,0.001,none,320,layer4_fc,focal,resnet18,imagenet,71,30,41,128,23,12,11,37,0.8695652173913043,0.8181818181818181,0.9012316186229232,0.75,1.0,1.0,0.75,0.8571428571428571,0.5348065495491028,11,0,3,9,14,50442
5,1,lr_1em03_sched_none_img_320_ft_layer3_layer4_fc_loss_weighted_cross_entropy_65901fafb2,0.001,none,320,layer3_layer4_fc,weighted_cross_entropy,resnet18,imagenet,71,34,37,121,23,8,15,44,0.782608695652174,0.8916666666666667,0.8564685314685314,1.0,0.6666666666666666,0.6153846153846154,1.0,0.7619047619047619,0.2101392596960067,10,5,0,8,9,50142
5,2,lr_1em03_sched_none_img_320_ft_layer3_layer4_fc_loss_weighted_cross_entropy_65901fafb2,0.001,none,320,layer3_layer4_fc,weighted_cross_entropy,resnet18,imagenet,70,30,40,124,24,12,12,41,0.9583333333333334,0.9791666666666666,0.9833333333333332,0.9166666666666666,1.0,1.0,0.9166666666666666,0.9565217391304348,0.5470390915870667,12,0,1,11,15,50242
5,3,lr_1em03_sched_none_img_320_ft_layer3_layer4_fc_loss_weighted_cross_entropy_65901fafb2,0.001,none,320,layer3_layer4_fc,weighted_cross_entropy,resnet18,imagenet,70,32,38,122,24,10,14,43,0.875,0.9142857142857144,0.8718650793650793,0.8,0.9285714285714286,0.8888888888888888,0.8,0.8421052631578947,0.3998444080352783,13,1,2,8,10,50342
5,4,lr_1em03_sched_none_img_320_ft_layer3_layer4_fc_loss_weighted_cross_entropy_65901fafb2,0.001,none,320,layer3_layer4_fc,weighted_cross_entropy,resnet18,imagenet,71,30,41,128,23,12,11,37,0.8260869565217391,0.8257575757575758,0.8884860509860512,0.8333333333333334,0.8181818181818182,0.8333333333333334,0.8333333333333334,0.8333333333333334,0.8808115720748901,9,2,2,10,28,50442
5,1,lr_1em03_sched_none_img_320_ft_layer3_layer4_fc_loss_focal_706f56cbf3,0.001,none,320,layer3_layer4_fc,focal,resnet18,imagenet,71,34,37,121,23,8,15,44,0.9565217391304348,0.975,0.9659090909090908,0.875,1.0,1.0,0.875,0.9333333333333332,0.3625801205635071,15,0,1,7,7,50142
5,2,lr_1em03_sched_none_img_320_ft_layer3_layer4_fc_loss_focal_706f56cbf3,0.001,none,320,layer3_layer4_fc,focal,resnet18,imagenet,70,30,40,124,24,12,12,41,0.9166666666666666,0.965277777777778,0.9722222222222222,0.8333333333333334,1.0,1.0,0.8333333333333334,0.9090909090909092,0.598914384841919,12,0,2,10,14,50242
5,3,lr_1em03_sched_none_img_320_ft_layer3_layer4_fc_loss_focal_706f56cbf3,0.001,none,320,layer3_layer4_fc,focal,resnet18,imagenet,70,32,38,122,24,10,14,43,0.875,0.9357142857142856,0.9248737373737372,0.9,0.8571428571428571,0.8181818181818182,0.9,0.8571428571428571,0.275170624256134,12,2,1,9,2,50342
5,4,lr_1em03_sched_none_img_320_ft_layer3_layer4_fc_loss_focal_706f56cbf3,0.001,none,320,layer3_layer4_fc,focal,resnet18,imagenet,71,30,41,128,23,12,11,37,0.782608695652174,0.7196969696969697,0.7168121029534072,0.6666666666666666,0.9090909090909092,0.8888888888888888,0.6666666666666666,0.7619047619047619,0.5431836843490601,10,1,4,8,8,50442
5,1,lr_1em03_sched_none_img_320_ft_full_loss_weighted_cross_entropy_fe6fdc5ff9,0.001,none,320,full,weighted_cross_entropy,resnet18,imagenet,71,34,37,121,23,8,15,44,0.9130434782608696,0.9083333333333334,0.9149305555555556,0.875,0.9333333333333332,0.875,0.875,0.875,0.0003084486234001,14,1,1,7,9,50142
5,2,lr_1em03_sched_none_img_320_ft_full_loss_weighted_cross_entropy_fe6fdc5ff9,0.001,none,320,full,weighted_cross_entropy,resnet18,imagenet,70,30,40,124,24,12,12,41,0.8333333333333334,0.8020833333333335,0.7492787376259243,0.8333333333333334,0.8333333333333334,0.8333333333333334,0.8333333333333334,0.8333333333333334,0.3144526481628418,10,2,2,10,3,50242
5,3,lr_1em03_sched_none_img_320_ft_full_loss_weighted_cross_entropy_fe6fdc5ff9,0.001,none,320,full,weighted_cross_entropy,resnet18,imagenet,70,32,38,122,24,10,14,43,0.9166666666666666,0.9142857142857144,0.9376190476190476,0.9,0.9285714285714286,0.9,0.9,0.9,0.5808418393135071,13,1,1,9,6,50342
5,4,lr_1em03_sched_none_img_320_ft_full_loss_weighted_cross_entropy_fe6fdc5ff9,0.001,none,320,full,weighted_cross_entropy,resnet18,imagenet,71,30,41,128,23,12,11,37,0.8260869565217391,0.8636363636363636,0.8769663207163209,0.75,0.9090909090909092,0.9,0.75,0.8181818181818182,0.3465943932533264,10,1,3,9,6,50442
5,1,lr_1em03_sched_none_img_320_ft_full_loss_focal_7c6d6444f2,0.001,none,320,full,focal,resnet18,imagenet,71,34,37,121,23,8,15,44,0.9130434782608696,0.8916666666666667,0.8545080532212885,0.875,0.9333333333333332,0.875,0.875,0.875,0.5794510841369629,14,1,1,7,3,50142
5,2,lr_1em03_sched_none_img_320_ft_full_loss_focal_7c6d6444f2,0.001,none,320,full,focal,resnet18,imagenet,70,30,40,124,24,12,12,41,0.9166666666666666,0.875,0.928921568627451,0.8333333333333334,1.0,1.0,0.8333333333333334,0.9090909090909092,0.412389874458313,12,0,2,10,15,50242
5,3,lr_1em03_sched_none_img_320_ft_full_loss_focal_7c6d6444f2,0.001,none,320,full,focal,resnet18,imagenet,70,32,38,122,24,10,14,43,0.8333333333333334,0.85,0.8223809523809524,0.8,0.8571428571428571,0.8,0.8,0.8,0.4598877131938934,12,2,2,8,15,50342
5,4,lr_1em03_sched_none_img_320_ft_full_loss_focal_7c6d6444f2,0.001,none,320,full,focal,resnet18,imagenet,71,30,41,128,23,12,11,37,0.8260869565217391,0.8712121212121213,0.9059870956929782,0.75,0.9090909090909092,0.9,0.75,0.8181818181818182,0.4197389781475067,10,1,3,9,18,50442
