fold,accuracy,auroc,auprc,sensitivity,specificity,f1
1,0.6595744680851063,0.6484962406015038,0.6353311646676707,0.26315789459833794,0.9285714282397959,0.38461538461538464
2,0.75,0.8162393162393162,0.8109267706919927,0.777777777345679,0.7307692304881657,0.717948717948718
3,0.7317073170731707,0.8099999999999999,0.8196761790840739,0.5624999996484374,0.839999999664,0.6206896551724138
4,0.7555555555555555,0.8160000000000001,0.7294373290716547,0.749999999625,0.759999999696,0.7317073170731707
5,0.7555555555555555,0.808641975308642,0.8051755368482771,0.4444444441975308,0.96296296260631,0.5925925925925926
