{
    "accuracy": {
        "mean": 0.7304785792538777,
        "std": 0.04082798711080123
    },
    "auroc": {
        "mean": 0.7798755064298925,
        "std": 0.07352348610098444
    },
    "auprc": {
        "mean": 0.7601093960727339,
        "std": 0.07853653126508933
    },
    "sensitivity": {
        "mean": 0.559576023082997,
        "std": 0.21505861607672486
    },
    "specificity": {
        "mean": 0.8444607241388542,
        "std": 0.10148480037785312
    },
    "f1": {
        "mean": 0.6095107334804559,
        "std": 0.13935558047644614
    }
}