fold,accuracy,auroc,auprc,sensitivity,specificity,f1
1,0.6382978723404256,0.6823308270676691,0.6833658031967376,0.5263157891966759,0.7142857140306123,0.5405405405405406
2,0.7954545454545454,0.8547008547008548,0.8080532529799872,0.777777777345679,0.8076923073816568,0.7567567567567568
3,0.8780487804878049,0.8200000000000001,0.8350483858375206,0.74999999953125,0.959999999616,0.8275862068965517
4,0.6888888888888889,0.784,0.7229852436166339,0.449999999775,0.879999999648,0.5625
5,0.8888888888888888,0.9156378600823044,0.917813085544661,0.8888888883950616,0.8888888885596707,0.8648648648648649
