{
    "accuracy": {
        "mean": 0.7779157952121107,
        "std": 0.11187962778916834
    },
    "auroc": {
        "mean": 0.8113339083701657,
        "std": 0.08692532003576528
    },
    "auprc": {
        "mean": 0.793453154235108,
        "std": 0.09286235778871056
    },
    "sensitivity": {
        "mean": 0.6785964908487333,
        "std": 0.18344212230020457
    },
    "specificity": {
        "mean": 0.850173381847188,
        "std": 0.09316719314269213
    },
    "f1": {
        "mean": 0.7104496738117427,
        "std": 0.15038914862112673
    }
}